[18:50:08] [main/INFO] (FabricLoader/GameProvider) Loading Minecraft 1.21.1 with Fabric Loader 0.18.6
[18:50:08] [main/DEBUG] (FabricLoader/GamePatch) Found game constructor: net.minecraft.client.main.Main -> net.minecraft.client.Minecraft
[18:50:08] [main/DEBUG] (FabricLoader/GamePatch) Patching game constructor <init>(Lnet/minecraft/client/main/GameConfig;)V
[18:50:08] [main/DEBUG] (FabricLoader/GamePatch) Run directory field is thought to be net/minecraft/client/Minecraft/gameDirectory
[18:50:08] [main/DEBUG] (FabricLoader/GamePatch) Applying brand name hook to net/minecraft/client/ClientBrandRetriever::getClientModName
[18:50:08] [main/DEBUG] (FabricLoader/GamePatch) Applying brand name hook to net/minecraft/server/MinecraftServer::getServerModName
[18:50:08] [main/DEBUG] (FabricLoader/GamePatch) Patched 3 classs
[18:50:08] [main/DEBUG] (FabricLoader/Discovery) Mod discovery time: 20,5 ms
[18:50:08] [main/WARN] (FabricLoader/Resolution) Warnings were found!
 - Mod 'Every Compat' (everycomp) 1.21-2.11.40 recommends any version of sawmill, which is missing!
	 - You should install any version of sawmill for the optimal experience.
[18:50:08] [main/DEBUG] (FabricLoader/Resolution) Mod resolution time: 78,8 ms
[18:50:08] [main/INFO] (FabricLoader) Loading 65 mods:
	- better_deco 1.1.2
	- catalogue 1.11.2
	- configured 2.6.3
	- deco_lib 1.1.0
	- everycomp 1.21-2.11.40
	- fabric-api 0.116.10+1.21.1
	- fabric-api-base 0.4.42+6573ed8c19
	- fabric-api-lookup-api-v1 1.6.72+7b3d111d19
	- fabric-biome-api-v1 13.0.31+d527f9fd19
	- fabric-block-api-v1 1.1.0+0bc3503219
	- fabric-block-view-api-v2 1.0.11+ebb2264e19
	- fabric-blockrenderlayer-v1 1.1.52+0af3f5a719
	- fabric-client-tags-api-v1 1.1.15+6573ed8c19
	- fabric-command-api-v1 1.2.49+f71b366f19
	- fabric-command-api-v2 2.2.28+6ced4dd919
	- fabric-commands-v0 0.2.66+df3654b319
	- fabric-content-registries-v0 8.0.19+b559734419
	- fabric-convention-tags-v1 2.1.7+7f945d5b19
	- fabric-convention-tags-v2 2.12.0+c3656daa19
	- fabric-crash-report-info-v1 0.2.29+0af3f5a719
	- fabric-data-attachment-api-v1 1.4.6+5b36e0f719
	- fabric-data-generation-api-v1 20.2.36+37516cd619
	- fabric-dimensions-v1 4.0.1+65213ef819
	- fabric-entity-events-v1 1.8.0+2b27e0a419
	- fabric-events-interaction-v0 0.7.13+ba9dae0619
	- fabric-game-rule-api-v1 1.0.53+6ced4dd919
	- fabric-gametest-api-v1 2.0.5+6fc22b9919
	- fabric-item-api-v1 11.2.0+3b3cb2e819
	- fabric-item-group-api-v1 4.1.7+def88e3a19
	- fabric-key-binding-api-v1 1.0.47+0af3f5a719
	- fabric-keybindings-v0 0.2.45+df3654b319
	- fabric-lifecycle-events-v1 2.6.0+0865547519
	- fabric-loot-api-v2 3.0.15+3f89f5a519
	- fabric-loot-api-v3 1.0.3+3f89f5a519
	- fabric-message-api-v1 6.0.14+8aaf3aca19
	- fabric-model-loading-api-v1 2.1.0+b4d813fc19
	- fabric-networking-api-v1 4.3.0+c7469b2119
	- fabric-object-builder-api-v1 15.2.1+40875a9319
	- fabric-particles-v1 4.0.2+6573ed8c19
	- fabric-recipe-api-v1 5.0.15+2475392c19
	- fabric-registry-sync-v0 5.3.1+e3eddc2119
	- fabric-renderer-api-v1 3.4.1+b4d813fc19
	- fabric-renderer-indigo 1.7.1+c705a49c19
	- fabric-renderer-registries-v1 3.2.69+df3654b319
	- fabric-rendering-data-attachment-v1 0.3.49+73761d2e19
	- fabric-rendering-fluids-v1 3.1.6+1daea21519
	- fabric-rendering-v0 1.1.72+df3654b319
	- fabric-rendering-v1 5.1.0+ab4c25a019
	- fabric-resource-conditions-api-v1 4.3.0+8dc279b119
	- fabric-resource-loader-v0 1.3.1+5b5275af19
	- fabric-screen-api-v1 2.0.25+8b68f1c719
	- fabric-screen-handler-api-v1 1.3.90+b559734419
	- fabric-sound-api-v1 1.0.23+6573ed8c19
	- fabric-transfer-api-v1 5.4.4+7b3d111d19
	- fabric-transitive-access-wideners-v1 6.2.0+45b9699719
	- fabricloader 0.18.6
	- framework 0.13.18
	- java 21
	- jei 19.27.0.340
	- menulogue 1.21.1-1.0.6
	- minecraft 1.21.1
	- mixinextras 0.5.3
	- moonlight 1.21.1-3.0.7
	- natures_spirit 2.2.5-1.21.1
	- terrablender 4.1.0.8
[18:50:08] [main/DEBUG] (FabricLoader/Knot) Adding C:\Users\HP\IdeaProjects\BetterDeco-Muliloader\fabric\build\resources\main to classpath.
[18:50:08] [main/DEBUG] (FabricLoader/Knot) Adding C:\Users\HP\IdeaProjects\BetterDeco-Muliloader\.gradle\loom-cache\remapped_mods\remapped\curse\maven\terrablender-fabric-565956-8f637a66\6054948\terrablender-fabric-565956-8f637a66-6054948.jar to classpath.
[18:50:08] [main/DEBUG] (FabricLoader/Knot) Adding C:\Users\HP\IdeaProjects\BetterDeco-Muliloader\.gradle\loom-cache\remapped_mods\remapped\net\fabricmc\fabric-api\fabric-key-binding-api-v1-8f637a66\1.0.47+0af3f5a719\fabric-key-binding-api-v1-8f637a66-1.0.47+0af3f5a719.jar to classpath.
[18:50:08] [main/DEBUG] (FabricLoader/Knot) Adding C:\Users\HP\IdeaProjects\BetterDeco-Muliloader\.gradle\loom-cache\remapped_mods\remapped\net\fabricmc\fabric-api\fabric-rendering-fluids-v1-8f637a66\3.1.6+1daea21519\fabric-rendering-fluids-v1-8f637a66-3.1.6+1daea21519.jar to classpath.
[18:50:08] [main/DEBUG] (FabricLoader/Knot) Adding C:\Users\HP\IdeaProjects\BetterDeco-Muliloader\.gradle\loom-cache\remapped_mods\remapped\net\fabricmc\fabric-api\fabric-renderer-registries-v1-8f637a66\3.2.69+df3654b319\fabric-renderer-registries-v1-8f637a66-3.2.69+df3654b319.jar to classpath.
[18:50:08] [main/DEBUG] (FabricLoader/Knot) Adding C:\Users\HP\IdeaProjects\BetterDeco-Muliloader\.gradle\loom-cache\remapped_mods\remapped\net\fabricmc\fabric-api\fabric-object-builder-api-v1-8f637a66\15.2.1+40875a9319\fabric-object-builder-api-v1-8f637a66-15.2.1+40875a9319.jar to classpath.
[18:50:08] [main/DEBUG] (FabricLoader/Knot) Adding C:\Users\HP\IdeaProjects\BetterDeco-Muliloader\.gradle\loom-cache\remapped_mods\remapped\com\mrcrayfish\framework-fabric-8f637a66\1.21.1-0.13.18\framework-fabric-8f637a66-1.21.1-0.13.18.jar to classpath.
[18:50:08] [main/DEBUG] (FabricLoader/Knot) Adding C:\Users\HP\IdeaProjects\BetterDeco-Muliloader\.gradle\loom-cache\remapped_mods\remapped\net\fabricmc\fabric-api\fabric-screen-handler-api-v1-8f637a66\1.3.90+b559734419\fabric-screen-handler-api-v1-8f637a66-1.3.90+b559734419.jar to classpath.
[18:50:08] [main/DEBUG] (FabricLoader/Knot) Adding C:\Users\HP\IdeaProjects\BetterDeco-Muliloader\.gradle\loom-cache\remapped_mods\remapped\curse\maven\catalogue-459701-8f637a66\6926812\catalogue-459701-8f637a66-6926812.jar to classpath.
[18:50:08] [main/DEBUG] (FabricLoader/Knot) Adding C:\Users\HP\IdeaProjects\BetterDeco-Muliloader\.gradle\loom-cache\remapped_mods\remapped\net\fabricmc\fabric-api\fabric-gametest-api-v1-8f637a66\2.0.5+6fc22b9919\fabric-gametest-api-v1-8f637a66-2.0.5+6fc22b9919.jar to classpath.
[18:50:08] [main/DEBUG] (FabricLoader/Knot) Adding C:\Users\HP\IdeaProjects\BetterDeco-Muliloader\.gradle\loom-cache\remapped_mods\remapped\net\fabricmc\fabric-api\fabric-particles-v1-8f637a66\4.0.2+6573ed8c19\fabric-particles-v1-8f637a66-4.0.2+6573ed8c19.jar to classpath.
[18:50:08] [main/DEBUG] (FabricLoader/Knot) Adding C:\Users\HP\IdeaProjects\BetterDeco-Muliloader\.gradle\loom-cache\remapped_mods\remapped\net\fabricmc\fabric-api\fabric-networking-api-v1-8f637a66\4.3.0+c7469b2119\fabric-networking-api-v1-8f637a66-4.3.0+c7469b2119.jar to classpath.
[18:50:08] [main/DEBUG] (FabricLoader/Knot) Adding C:\Users\HP\IdeaProjects\BetterDeco-Muliloader\.gradle\loom-cache\remapped_mods\remapped\net\fabricmc\fabric-api\fabric-crash-report-info-v1-8f637a66\0.2.29+0af3f5a719\fabric-crash-report-info-v1-8f637a66-0.2.29+0af3f5a719.jar to classpath.
[18:50:08] [main/DEBUG] (FabricLoader/Knot) Adding C:\Users\HP\IdeaProjects\BetterDeco-Muliloader\.gradle\loom-cache\remapped_mods\remapped\net\fabricmc\fabric-api\fabric-game-rule-api-v1-8f637a66\1.0.53+6ced4dd919\fabric-game-rule-api-v1-8f637a66-1.0.53+6ced4dd919.jar to classpath.
[18:50:08] [main/DEBUG] (FabricLoader/Knot) Adding C:\Users\HP\IdeaProjects\BetterDeco-Muliloader\.gradle\loom-cache\remapped_mods\remapped\net\fabricmc\fabric-api\fabric-api-8f637a66\0.116.10+1.21.1\fabric-api-8f637a66-0.116.10+1.21.1.jar to classpath.
[18:50:08] [main/DEBUG] (FabricLoader/Knot) Adding C:\Users\HP\IdeaProjects\BetterDeco-Muliloader\.gradle\loom-cache\remapped_mods\remapped\curse\maven\every-compat-628539-8f637a66\8017076\every-compat-628539-8f637a66-8017076.jar to classpath.
[18:50:08] [main/DEBUG] (FabricLoader/Knot) Adding C:\Users\HP\IdeaProjects\BetterDeco-Muliloader\.gradle\loom-cache\remapped_mods\remapped\curse\maven\menulogue-682371-8f637a66\5705587\menulogue-682371-8f637a66-5705587.jar to classpath.
[18:50:08] [main/DEBUG] (FabricLoader/Knot) Adding C:\Users\HP\IdeaProjects\BetterDeco-Muliloader\.gradle\loom-cache\remapped_mods\remapped\net\tearpelato\deco_lib-fabric-1.21.1-8f637a66\1.1.0\deco_lib-fabric-1.21.1-8f637a66-1.1.0.jar to classpath.
[18:50:08] [main/DEBUG] (FabricLoader/Knot) Adding C:\Users\HP\IdeaProjects\BetterDeco-Muliloader\.gradle\loom-cache\remapped_mods\remapped\net\fabricmc\fabric-api\fabric-dimensions-v1-8f637a66\4.0.1+65213ef819\fabric-dimensions-v1-8f637a66-4.0.1+65213ef819.jar to classpath.
[18:50:08] [main/DEBUG] (FabricLoader/Knot) Adding C:\Users\HP\IdeaProjects\BetterDeco-Muliloader\.gradle\loom-cache\remapped_mods\remapped\net\fabricmc\fabric-api\fabric-client-tags-api-v1-8f637a66\1.1.15+6573ed8c19\fabric-client-tags-api-v1-8f637a66-1.1.15+6573ed8c19.jar to classpath.
[18:50:08] [main/DEBUG] (FabricLoader/Knot) Adding C:\Users\HP\IdeaProjects\BetterDeco-Muliloader\.gradle\loom-cache\remapped_mods\remapped\net\fabricmc\fabric-api\fabric-data-generation-api-v1-8f637a66\20.2.36+37516cd619\fabric-data-generation-api-v1-8f637a66-20.2.36+37516cd619.jar to classpath.
[18:50:08] [main/DEBUG] (FabricLoader/Knot) Adding C:\Users\HP\IdeaProjects\BetterDeco-Muliloader\.gradle\loom-cache\remapped_mods\remapped\net\fabricmc\fabric-api\fabric-blockrenderlayer-v1-8f637a66\1.1.52+0af3f5a719\fabric-blockrenderlayer-v1-8f637a66-1.1.52+0af3f5a719.jar to classpath.
[18:50:08] [main/DEBUG] (FabricLoader/Knot) Adding C:\Users\HP\IdeaProjects\BetterDeco-Muliloader\.gradle\loom-cache\remapped_mods\remapped\net\fabricmc\fabric-api\fabric-api-lookup-api-v1-8f637a66\1.6.72+7b3d111d19\fabric-api-lookup-api-v1-8f637a66-1.6.72+7b3d111d19.jar to classpath.
[18:50:08] [main/DEBUG] (FabricLoader/Knot) Adding C:\Users\HP\IdeaProjects\BetterDeco-Muliloader\.gradle\loom-cache\remapped_mods\remapped\net\fabricmc\fabric-api\fabric-transfer-api-v1-8f637a66\5.4.4+7b3d111d19\fabric-transfer-api-v1-8f637a66-5.4.4+7b3d111d19.jar to classpath.
[18:50:08] [main/DEBUG] (FabricLoader/Knot) Adding C:\Users\HP\IdeaProjects\BetterDeco-Muliloader\.gradle\loom-cache\remapped_mods\remapped\net\fabricmc\fabric-api\fabric-biome-api-v1-8f637a66\13.0.31+d527f9fd19\fabric-biome-api-v1-8f637a66-13.0.31+d527f9fd19.jar to classpath.
[18:50:08] [main/DEBUG] (FabricLoader/Knot) Adding C:\Users\HP\IdeaProjects\BetterDeco-Muliloader\.gradle\loom-cache\remapped_mods\remapped\net\fabricmc\fabric-api\fabric-lifecycle-events-v1-8f637a66\2.6.0+0865547519\fabric-lifecycle-events-v1-8f637a66-2.6.0+0865547519.jar to classpath.
[18:50:08] [main/DEBUG] (FabricLoader/Knot) Adding C:\Users\HP\IdeaProjects\BetterDeco-Muliloader\.gradle\loom-cache\remapped_mods\remapped\net\fabricmc\fabric-api\fabric-renderer-indigo-8f637a66\1.7.1+c705a49c19\fabric-renderer-indigo-8f637a66-1.7.1+c705a49c19.jar to classpath.
[18:50:08] [main/DEBUG] (FabricLoader/Knot) Adding C:\Users\HP\IdeaProjects\BetterDeco-Muliloader\.gradle\loom-cache\remapped_mods\remapped\curse\maven\configured-457570-8f637a66\7276575\configured-457570-8f637a66-7276575.jar to classpath.
[18:50:08] [main/DEBUG] (FabricLoader/Knot) Adding C:\Users\HP\IdeaProjects\BetterDeco-Muliloader\.gradle\loom-cache\remapped_mods\remapped\net\fabricmc\fabric-api\fabric-renderer-api-v1-8f637a66\3.4.1+b4d813fc19\fabric-renderer-api-v1-8f637a66-3.4.1+b4d813fc19.jar to classpath.
[18:50:08] [main/DEBUG] (FabricLoader/Knot) Adding C:\Users\HP\IdeaProjects\BetterDeco-Muliloader\.gradle\loom-cache\remapped_mods\remapped\net\fabricmc\fabric-api\fabric-rendering-v0-8f637a66\1.1.72+df3654b319\fabric-rendering-v0-8f637a66-1.1.72+df3654b319.jar to classpath.
[18:50:08] [main/DEBUG] (FabricLoader/Knot) Adding C:\Users\HP\IdeaProjects\BetterDeco-Muliloader\.gradle\loom-cache\remapped_mods\remapped\mezz\jei\jei-1.21.1-fabric-8f637a66\19.27.0.340\jei-1.21.1-fabric-8f637a66-19.27.0.340.jar to classpath.
[18:50:08] [main/DEBUG] (FabricLoader/Knot) Adding C:\Users\HP\IdeaProjects\BetterDeco-Muliloader\.gradle\loom-cache\remapped_mods\remapped\net\fabricmc\fabric-api\fabric-command-api-v2-8f637a66\2.2.28+6ced4dd919\fabric-command-api-v2-8f637a66-2.2.28+6ced4dd919.jar to classpath.
[18:50:08] [main/DEBUG] (FabricLoader/Knot) Adding C:\Users\HP\IdeaProjects\BetterDeco-Muliloader\.gradle\loom-cache\remapped_mods\remapped\net\fabricmc\fabric-api\fabric-loot-api-v3-8f637a66\1.0.3+3f89f5a519\fabric-loot-api-v3-8f637a66-1.0.3+3f89f5a519.jar to classpath.
[18:50:08] [main/DEBUG] (FabricLoader/Knot) Adding C:\Users\HP\IdeaProjects\BetterDeco-Muliloader\.gradle\loom-cache\remapped_mods\remapped\net\fabricmc\fabric-api\fabric-message-api-v1-8f637a66\6.0.14+8aaf3aca19\fabric-message-api-v1-8f637a66-6.0.14+8aaf3aca19.jar to classpath.
[18:50:08] [main/DEBUG] (FabricLoader/Knot) Adding C:\Users\HP\IdeaProjects\BetterDeco-Muliloader\.gradle\loom-cache\remapped_mods\remapped\net\fabricmc\fabric-api\fabric-convention-tags-v1-8f637a66\2.1.7+7f945d5b19\fabric-convention-tags-v1-8f637a66-2.1.7+7f945d5b19.jar to classpath.
[18:50:08] [main/DEBUG] (FabricLoader/Knot) Adding C:\Users\HP\IdeaProjects\BetterDeco-Muliloader\.gradle\loom-cache\remapped_mods\remapped\net\fabricmc\fabric-api\fabric-data-attachment-api-v1-8f637a66\1.4.6+5b36e0f719\fabric-data-attachment-api-v1-8f637a66-1.4.6+5b36e0f719.jar to classpath.
[18:50:08] [main/DEBUG] (FabricLoader/Knot) Adding C:\Users\HP\IdeaProjects\BetterDeco-Muliloader\.gradle\loom-cache\remapped_mods\remapped\net\fabricmc\fabric-api\fabric-resource-loader-v0-8f637a66\1.3.1+5b5275af19\fabric-resource-loader-v0-8f637a66-1.3.1+5b5275af19.jar to classpath.
[18:50:08] [main/DEBUG] (FabricLoader/Knot) Adding C:\Users\HP\IdeaProjects\BetterDeco-Muliloader\.gradle\loom-cache\remapped_mods\remapped\net\fabricmc\fabric-api\fabric-keybindings-v0-8f637a66\0.2.45+df3654b319\fabric-keybindings-v0-8f637a66-0.2.45+df3654b319.jar to classpath.
[18:50:08] [main/DEBUG] (FabricLoader/Knot) Adding C:\Users\HP\IdeaProjects\BetterDeco-Muliloader\.gradle\loom-cache\remapped_mods\remapped\curse\maven\selene-499980-8f637a66\8065894\selene-499980-8f637a66-8065894.jar to classpath.
[18:50:08] [main/DEBUG] (FabricLoader/Knot) Adding C:\Users\HP\IdeaProjects\BetterDeco-Muliloader\.gradle\loom-cache\remapped_mods\remapped\net\fabricmc\fabric-api\fabric-commands-v0-8f637a66\0.2.66+df3654b319\fabric-commands-v0-8f637a66-0.2.66+df3654b319.jar to classpath.
[18:50:08] [main/DEBUG] (FabricLoader/Knot) Adding C:\Users\HP\IdeaProjects\BetterDeco-Muliloader\.gradle\loom-cache\remapped_mods\remapped\net\fabricmc\fabric-api\fabric-api-base-8f637a66\0.4.42+6573ed8c19\fabric-api-base-8f637a66-0.4.42+6573ed8c19.jar to classpath.
[18:50:08] [main/DEBUG] (FabricLoader/Knot) Adding C:\Users\HP\IdeaProjects\BetterDeco-Muliloader\.gradle\loom-cache\remapped_mods\remapped\net\fabricmc\fabric-api\fabric-screen-api-v1-8f637a66\2.0.25+8b68f1c719\fabric-screen-api-v1-8f637a66-2.0.25+8b68f1c719.jar to classpath.
[18:50:08] [main/DEBUG] (FabricLoader/Knot) Adding C:\Users\HP\IdeaProjects\BetterDeco-Muliloader\.gradle\loom-cache\remapped_mods\remapped\net\fabricmc\fabric-api\fabric-registry-sync-v0-8f637a66\5.3.1+e3eddc2119\fabric-registry-sync-v0-8f637a66-5.3.1+e3eddc2119.jar to classpath.
[18:50:08] [main/DEBUG] (FabricLoader/Knot) Adding C:\Users\HP\IdeaProjects\BetterDeco-Muliloader\.gradle\loom-cache\remapped_mods\remapped\net\fabricmc\fabric-api\fabric-convention-tags-v2-8f637a66\2.12.0+c3656daa19\fabric-convention-tags-v2-8f637a66-2.12.0+c3656daa19.jar to classpath.
[18:50:08] [main/DEBUG] (FabricLoader/Knot) Adding C:\Users\HP\IdeaProjects\BetterDeco-Muliloader\.gradle\loom-cache\remapped_mods\remapped\net\fabricmc\fabric-api\fabric-resource-conditions-api-v1-8f637a66\4.3.0+8dc279b119\fabric-resource-conditions-api-v1-8f637a66-4.3.0+8dc279b119.jar to classpath.
[18:50:08] [main/DEBUG] (FabricLoader/Knot) Adding C:\Users\HP\IdeaProjects\BetterDeco-Muliloader\.gradle\loom-cache\remapped_mods\remapped\net\fabricmc\fabric-api\fabric-block-view-api-v2-8f637a66\1.0.11+ebb2264e19\fabric-block-view-api-v2-8f637a66-1.0.11+ebb2264e19.jar to classpath.
[18:50:08] [main/DEBUG] (FabricLoader/Knot) Adding C:\Users\HP\IdeaProjects\BetterDeco-Muliloader\.gradle\loom-cache\remapped_mods\remapped\net\fabricmc\fabric-api\fabric-transitive-access-wideners-v1-8f637a66\6.2.0+45b9699719\fabric-transitive-access-wideners-v1-8f637a66-6.2.0+45b9699719.jar to classpath.
[18:50:08] [main/DEBUG] (FabricLoader/Knot) Adding C:\Users\HP\IdeaProjects\BetterDeco-Muliloader\.gradle\loom-cache\remapped_mods\remapped\net\fabricmc\fabric-api\fabric-command-api-v1-8f637a66\1.2.49+f71b366f19\fabric-command-api-v1-8f637a66-1.2.49+f71b366f19.jar to classpath.
[18:50:08] [main/DEBUG] (FabricLoader/Knot) Adding C:\Users\HP\IdeaProjects\BetterDeco-Muliloader\.gradle\loom-cache\remapped_mods\remapped\net\fabricmc\fabric-api\fabric-recipe-api-v1-8f637a66\5.0.15+2475392c19\fabric-recipe-api-v1-8f637a66-5.0.15+2475392c19.jar to classpath.
[18:50:08] [main/DEBUG] (FabricLoader/Knot) Adding C:\Users\HP\IdeaProjects\BetterDeco-Muliloader\.gradle\loom-cache\remapped_mods\remapped\net\fabricmc\fabric-api\fabric-sound-api-v1-8f637a66\1.0.23+6573ed8c19\fabric-sound-api-v1-8f637a66-1.0.23+6573ed8c19.jar to classpath.
[18:50:08] [main/DEBUG] (FabricLoader/Knot) Adding C:\Users\HP\IdeaProjects\BetterDeco-Muliloader\.gradle\loom-cache\remapped_mods\remapped\net\fabricmc\fabric-api\fabric-rendering-data-attachment-v1-8f637a66\0.3.49+73761d2e19\fabric-rendering-data-attachment-v1-8f637a66-0.3.49+73761d2e19.jar to classpath.
[18:50:08] [main/DEBUG] (FabricLoader/Knot) Adding C:\Users\HP\IdeaProjects\BetterDeco-Muliloader\.gradle\loom-cache\remapped_mods\remapped\net\fabricmc\fabric-api\fabric-events-interaction-v0-8f637a66\0.7.13+ba9dae0619\fabric-events-interaction-v0-8f637a66-0.7.13+ba9dae0619.jar to classpath.
[18:50:08] [main/DEBUG] (FabricLoader/Knot) Adding C:\Users\HP\IdeaProjects\BetterDeco-Muliloader\.gradle\loom-cache\remapped_mods\remapped\net\fabricmc\fabric-api\fabric-block-api-v1-8f637a66\1.1.0+0bc3503219\fabric-block-api-v1-8f637a66-1.1.0+0bc3503219.jar to classpath.
[18:50:08] [main/DEBUG] (FabricLoader/Knot) Adding C:\Users\HP\IdeaProjects\BetterDeco-Muliloader\.gradle\loom-cache\remapped_mods\remapped\net\fabricmc\fabric-api\fabric-item-group-api-v1-8f637a66\4.1.7+def88e3a19\fabric-item-group-api-v1-8f637a66-4.1.7+def88e3a19.jar to classpath.
[18:50:08] [main/DEBUG] (FabricLoader/Knot) Adding C:\Users\HP\IdeaProjects\BetterDeco-Muliloader\.gradle\loom-cache\remapped_mods\remapped\curse\maven\natures-spirit-1044992-8f637a66\6962791\natures-spirit-1044992-8f637a66-6962791.jar to classpath.
[18:50:08] [main/DEBUG] (FabricLoader/Knot) Adding C:\Users\HP\IdeaProjects\BetterDeco-Muliloader\.gradle\loom-cache\remapped_mods\remapped\net\fabricmc\fabric-api\fabric-content-registries-v0-8f637a66\8.0.19+b559734419\fabric-content-registries-v0-8f637a66-8.0.19+b559734419.jar to classpath.
[18:50:08] [main/DEBUG] (FabricLoader/Knot) Adding C:\Users\HP\.gradle\caches\modules-2\files-2.1\io.github.llamalad7\mixinextras-fabric\0.5.3\8ee5af001acbc9f7970e383bdf0944d063c80f63\mixinextras-fabric-0.5.3.jar to classpath.
[18:50:08] [main/DEBUG] (FabricLoader/Knot) Adding C:\Users\HP\IdeaProjects\BetterDeco-Muliloader\.gradle\loom-cache\remapped_mods\remapped\net\fabricmc\fabric-api\fabric-model-loading-api-v1-8f637a66\2.1.0+b4d813fc19\fabric-model-loading-api-v1-8f637a66-2.1.0+b4d813fc19.jar to classpath.
[18:50:08] [main/DEBUG] (FabricLoader/Knot) Adding C:\Users\HP\IdeaProjects\BetterDeco-Muliloader\.gradle\loom-cache\remapped_mods\remapped\net\fabricmc\fabric-api\fabric-entity-events-v1-8f637a66\1.8.0+2b27e0a419\fabric-entity-events-v1-8f637a66-1.8.0+2b27e0a419.jar to classpath.
[18:50:08] [main/DEBUG] (FabricLoader/Knot) Adding C:\Users\HP\IdeaProjects\BetterDeco-Muliloader\.gradle\loom-cache\remapped_mods\remapped\net\fabricmc\fabric-api\fabric-item-api-v1-8f637a66\11.2.0+3b3cb2e819\fabric-item-api-v1-8f637a66-11.2.0+3b3cb2e819.jar to classpath.
[18:50:08] [main/DEBUG] (FabricLoader/Knot) Adding C:\Users\HP\IdeaProjects\BetterDeco-Muliloader\.gradle\loom-cache\remapped_mods\remapped\net\fabricmc\fabric-api\fabric-rendering-v1-8f637a66\5.1.0+ab4c25a019\fabric-rendering-v1-8f637a66-5.1.0+ab4c25a019.jar to classpath.
[18:50:08] [main/DEBUG] (FabricLoader/Knot) Adding C:\Users\HP\IdeaProjects\BetterDeco-Muliloader\.gradle\loom-cache\remapped_mods\remapped\net\fabricmc\fabric-api\fabric-loot-api-v2-8f637a66\3.0.15+3f89f5a519\fabric-loot-api-v2-8f637a66-3.0.15+3f89f5a519.jar to classpath.
[18:50:08] [main/DEBUG] (FabricLoader/Entrypoint) Registering new-style initializer net.tier1234.better_deco.compat.jei.JEIBetterDecoPlugin for mod better_deco (key jei_mod_plugin)
[18:50:08] [main/DEBUG] (FabricLoader/Entrypoint) Registering new-style initializer net.tier1234.better_deco.BetterDecoDatagen for mod better_deco (key fabric-datagen)
[18:50:08] [main/DEBUG] (FabricLoader/Entrypoint) Registering new-style initializer net.tier1234.better_deco.BetterDecoClient for mod better_deco (key client)
[18:50:08] [main/DEBUG] (FabricLoader/Entrypoint) Registering new-style initializer net.tier1234.better_deco.BetterDeco for mod better_deco (key main)
[18:50:08] [main/DEBUG] (FabricLoader/Entrypoint) Registering new-style initializer terrablender.core.TerraBlenderFabric for mod terrablender (key main)
[18:50:08] [main/DEBUG] (FabricLoader/Entrypoint) Registering new-style initializer com.mrcrayfish.framework.client.ClientFrameworkFabric for mod framework (key client)
[18:50:08] [main/DEBUG] (FabricLoader/Entrypoint) Registering new-style initializer com.mrcrayfish.framework.client.FabricClientEvents for mod framework (key client)
[18:50:08] [main/DEBUG] (FabricLoader/Entrypoint) Registering new-style initializer com.mrcrayfish.framework.FrameworkFabric for mod framework (key main)
[18:50:08] [main/DEBUG] (FabricLoader/Entrypoint) Registering new-style initializer com.mrcrayfish.framework.event.FabricEvents for mod framework (key main)
[18:50:08] [main/DEBUG] (FabricLoader/Entrypoint) Registering new-style initializer net.fabricmc.fabric.impl.screenhandler.client.ClientNetworking for mod fabric-screen-handler-api-v1 (key client)
[18:50:08] [main/DEBUG] (FabricLoader/Entrypoint) Registering new-style initializer net.fabricmc.fabric.impl.screenhandler.Networking for mod fabric-screen-handler-api-v1 (key main)
[18:50:08] [main/DEBUG] (FabricLoader/Entrypoint) Registering new-style initializer com.mrcrayfish.catalogue.Catalogue for mod catalogue (key client)
[18:50:08] [main/DEBUG] (FabricLoader/Entrypoint) Registering new-style initializer net.fabricmc.fabric.impl.gametest.FabricGameTestModInitializer for mod fabric-gametest-api-v1 (key main)
[18:50:08] [main/DEBUG] (FabricLoader/Entrypoint) Registering new-style initializer net.fabricmc.fabric.impl.networking.client.ClientNetworkingImpl::clientInit for mod fabric-networking-api-v1 (key client)
[18:50:08] [main/DEBUG] (FabricLoader/Entrypoint) Registering new-style initializer net.fabricmc.fabric.impl.networking.CommonPacketsImpl::init for mod fabric-networking-api-v1 (key main)
[18:50:08] [main/DEBUG] (FabricLoader/Entrypoint) Registering new-style initializer net.fabricmc.fabric.impl.networking.NetworkingImpl::init for mod fabric-networking-api-v1 (key main)
[18:50:08] [main/DEBUG] (FabricLoader/Entrypoint) Registering new-style initializer net.mehvahdjukaar.every_compat.integration.fabric.ModMenuCompat for mod everycomp (key modmenu)
[18:50:08] [main/DEBUG] (FabricLoader/Entrypoint) Registering new-style initializer net.mehvahdjukaar.every_compat.fabric.EveryCompatFabric for mod everycomp (key main)
[18:50:08] [main/DEBUG] (FabricLoader/Entrypoint) Registering new-style initializer net.tearpelato.deco_lib.DecoLIB for mod deco_lib (key main)
[18:50:08] [main/DEBUG] (FabricLoader/Entrypoint) Registering new-style initializer net.fabricmc.fabric.impl.lookup.ApiLookupImpl for mod fabric-api-lookup-api-v1 (key main)
[18:50:08] [main/DEBUG] (FabricLoader/Entrypoint) Registering new-style initializer net.fabricmc.fabric.impl.client.event.lifecycle.ClientLifecycleEventsImpl for mod fabric-lifecycle-events-v1 (key client)
[18:50:08] [main/DEBUG] (FabricLoader/Entrypoint) Registering new-style initializer net.fabricmc.fabric.impl.event.lifecycle.LifecycleEventsImpl for mod fabric-lifecycle-events-v1 (key main)
[18:50:08] [main/DEBUG] (FabricLoader/Entrypoint) Registering new-style initializer net.fabricmc.fabric.impl.client.indigo.Indigo for mod fabric-renderer-indigo (key client)
[18:50:08] [main/DEBUG] (FabricLoader/Entrypoint) Registering new-style initializer com.mrcrayfish.configured.impl.jei.ConfiguredJeiPlugin for mod configured (key jei_mod_plugin)
[18:50:08] [main/DEBUG] (FabricLoader/Entrypoint) Registering new-style initializer com.mrcrayfish.configured.integration.ModMenuConfigFactory for mod configured (key modmenu)
[18:50:08] [main/DEBUG] (FabricLoader/Entrypoint) Registering new-style initializer com.mrcrayfish.configured.client.ClientConfigured for mod configured (key client)
[18:50:08] [main/DEBUG] (FabricLoader/Entrypoint) Registering new-style initializer com.mrcrayfish.configured.Configured for mod configured (key main)
[18:50:08] [main/DEBUG] (FabricLoader/Entrypoint) Registering new-style initializer net.fabricmc.fabric.impl.client.rendering.v0.RenderingCallbackInvoker for mod fabric-rendering-v0 (key client)
[18:50:08] [main/DEBUG] (FabricLoader/Entrypoint) Registering new-style initializer mezz.jei.library.plugins.vanilla.VanillaPlugin for mod jei (key jei_mod_plugin)
[18:50:08] [main/DEBUG] (FabricLoader/Entrypoint) Registering new-style initializer mezz.jei.library.plugins.jei.JeiInternalPlugin for mod jei (key jei_mod_plugin)
[18:50:08] [main/DEBUG] (FabricLoader/Entrypoint) Registering new-style initializer mezz.jei.library.plugins.debug.JeiDebugPlugin for mod jei (key jei_mod_plugin)
[18:50:08] [main/DEBUG] (FabricLoader/Entrypoint) Registering new-style initializer mezz.jei.fabric.plugins.fabric.FabricGuiPlugin for mod jei (key jei_mod_plugin)
[18:50:08] [main/DEBUG] (FabricLoader/Entrypoint) Registering new-style initializer mezz.jei.gui.plugins.JeiGuiPlugin for mod jei (key jei_mod_plugin)
[18:50:08] [main/DEBUG] (FabricLoader/Entrypoint) Registering new-style initializer mezz.jei.fabric.JustEnoughItemsClient for mod jei (key client)
[18:50:08] [main/DEBUG] (FabricLoader/Entrypoint) Registering new-style initializer mezz.jei.fabric.JustEnoughItems for mod jei (key main)
[18:50:08] [main/DEBUG] (FabricLoader/Entrypoint) Registering new-style initializer net.fabricmc.fabric.impl.tag.convention.ConventionLogWarnings for mod fabric-convention-tags-v1 (key main)
[18:50:08] [main/DEBUG] (FabricLoader/Entrypoint) Registering new-style initializer net.fabricmc.fabric.impl.attachment.client.AttachmentSyncClient for mod fabric-data-attachment-api-v1 (key client)
[18:50:08] [main/DEBUG] (FabricLoader/Entrypoint) Registering new-style initializer net.fabricmc.fabric.impl.attachment.AttachmentEntrypoint for mod fabric-data-attachment-api-v1 (key main)
[18:50:08] [main/DEBUG] (FabricLoader/Entrypoint) Registering new-style initializer net.fabricmc.fabric.impl.attachment.sync.AttachmentSync for mod fabric-data-attachment-api-v1 (key main)
[18:50:08] [main/DEBUG] (FabricLoader/Entrypoint) Registering new-style initializer net.mehvahdjukaar.moonlight.platform.MoonlightFabric for mod moonlight (key server)
[18:50:08] [main/DEBUG] (FabricLoader/Entrypoint) Registering new-style initializer net.mehvahdjukaar.moonlight.api.integration.mod_menu.ModMenuCompat for mod moonlight (key modmenu)
[18:50:08] [main/DEBUG] (FabricLoader/Entrypoint) Registering new-style initializer net.mehvahdjukaar.moonlight.platform.MoonlightFabricClient for mod moonlight (key client)
[18:50:08] [main/DEBUG] (FabricLoader/Entrypoint) Registering new-style initializer net.mehvahdjukaar.moonlight.platform.MoonlightFabric for mod moonlight (key main)
[18:50:08] [main/DEBUG] (FabricLoader/Entrypoint) Registering new-style initializer net.fabricmc.fabric.impl.client.registry.sync.FabricRegistryClientInit for mod fabric-registry-sync-v0 (key client)
[18:50:08] [main/DEBUG] (FabricLoader/Entrypoint) Registering new-style initializer net.fabricmc.fabric.impl.registry.sync.FabricRegistryInit for mod fabric-registry-sync-v0 (key main)
[18:50:08] [main/DEBUG] (FabricLoader/Entrypoint) Registering new-style initializer net.fabricmc.fabric.impl.tag.convention.v2.TranslationConventionLogWarnings for mod fabric-convention-tags-v2 (key main)
[18:50:08] [main/DEBUG] (FabricLoader/Entrypoint) Registering new-style initializer net.fabricmc.fabric.impl.resource.conditions.ResourceConditionsImpl for mod fabric-resource-conditions-api-v1 (key main)
[18:50:08] [main/DEBUG] (FabricLoader/Entrypoint) Registering new-style initializer net.fabricmc.fabric.impl.command.v1.LegacyHandler for mod fabric-command-api-v1 (key main)
[18:50:08] [main/DEBUG] (FabricLoader/Entrypoint) Registering new-style initializer net.fabricmc.fabric.impl.recipe.ingredient.client.CustomIngredientSyncClient for mod fabric-recipe-api-v1 (key client)
[18:50:08] [main/DEBUG] (FabricLoader/Entrypoint) Registering new-style initializer net.fabricmc.fabric.impl.recipe.ingredient.CustomIngredientInit for mod fabric-recipe-api-v1 (key main)
[18:50:08] [main/DEBUG] (FabricLoader/Entrypoint) Registering new-style initializer net.fabricmc.fabric.impl.recipe.ingredient.CustomIngredientSync for mod fabric-recipe-api-v1 (key main)
[18:50:08] [main/DEBUG] (FabricLoader/Entrypoint) Registering new-style initializer net.fabricmc.fabric.impl.event.interaction.client.InteractionEventsRouterClient for mod fabric-events-interaction-v0 (key client)
[18:50:08] [main/DEBUG] (FabricLoader/Entrypoint) Registering new-style initializer net.fabricmc.fabric.impl.event.interaction.InteractionEventsRouter for mod fabric-events-interaction-v0 (key main)
[18:50:08] [main/DEBUG] (FabricLoader/Entrypoint) Registering new-style initializer net.hibiscus.naturespirit.datagen.NSDataGen for mod natures_spirit (key fabric-datagen)
[18:50:08] [main/DEBUG] (FabricLoader/Entrypoint) Registering new-style initializer net.hibiscus.naturespirit.terrablender.NSTerraBlender for mod natures_spirit (key terrablender)
[18:50:08] [main/DEBUG] (FabricLoader/Entrypoint) Registering new-style initializer net.hibiscus.naturespirit.client.NSClient for mod natures_spirit (key client)
[18:50:08] [main/DEBUG] (FabricLoader/Entrypoint) Registering new-style initializer net.hibiscus.naturespirit.NatureSpirit for mod natures_spirit (key main)
[18:50:08] [main/DEBUG] (FabricLoader/Entrypoint) Registering new-style initializer net.fabricmc.fabric.impl.loot.v2.LootInitializer for mod fabric-loot-api-v2 (key main)
[18:50:08] [main/INFO] (FabricLoader/Mixin) SpongePowered MIXIN Subsystem Version=0.8.7 Source=file:/C:/Users/HP/.gradle/caches/modules-2/files-2.1/net.fabricmc/sponge-mixin/0.17.0+mixin.0.8.7/cf31463202f72d03b0ef1e1e38e8ee71b7faaab6/sponge-mixin-0.17.0+mixin.0.8.7.jar Service=Knot/Fabric Env=CLIENT
[18:50:09] [main/DEBUG] (FabricLoader/Mixin) Initialising Mixin Platform Manager
[18:50:09] [main/DEBUG] (FabricLoader/Mixin) Adding mixin platform agents for container ContainerHandleURI(file:///C:/Users/HP/.gradle/caches/modules-2/files-2.1/net.fabricmc/fabric-loader/0.18.6/b823a25197a42c7f32bb904f187cd05730e8873c/fabric-loader-0.18.6.jar)
[18:50:09] [main/DEBUG] (FabricLoader/Mixin) Instancing new MixinPlatformAgentDefault for ContainerHandleURI(file:///C:/Users/HP/.gradle/caches/modules-2/files-2.1/net.fabricmc/fabric-loader/0.18.6/b823a25197a42c7f32bb904f187cd05730e8873c/fabric-loader-0.18.6.jar)
[18:50:09] [main/DEBUG] (FabricLoader/Mixin) MixinPlatformAgentDefault accepted container ContainerHandleURI(file:///C:/Users/HP/.gradle/caches/modules-2/files-2.1/net.fabricmc/fabric-loader/0.18.6/b823a25197a42c7f32bb904f187cd05730e8873c/fabric-loader-0.18.6.jar)
[18:50:09] [main/DEBUG] (FabricLoader/Mixin) Instancing new MixinPlatformAgentDefault for ContainerHandleURI(file:///C:/Users/HP/.gradle/caches/modules-2/files-2.1/net.fabricmc/fabric-loader/0.18.6/b823a25197a42c7f32bb904f187cd05730e8873c/fabric-loader-0.18.6.jar)
[18:50:09] [main/DEBUG] (FabricLoader/Mixin) MixinPlatformAgentDefault accepted container ContainerHandleURI(file:///C:/Users/HP/.gradle/caches/modules-2/files-2.1/net.fabricmc/fabric-loader/0.18.6/b823a25197a42c7f32bb904f187cd05730e8873c/fabric-loader-0.18.6.jar)
[18:50:09] [main/DEBUG] (FabricLoader/Mixin) Processing prepare() for PlatformAgent[MixinPlatformAgentDefault:ContainerHandleURI(file:///C:/Users/HP/.gradle/caches/modules-2/files-2.1/net.fabricmc/fabric-loader/0.18.6/b823a25197a42c7f32bb904f187cd05730e8873c/fabric-loader-0.18.6.jar)]
[18:50:09] [main/DEBUG] (FabricLoader/Mixin) Processing prepare() for PlatformAgent[MixinPlatformAgentDefault:ContainerHandleURI(file:///C:/Users/HP/.gradle/caches/modules-2/files-2.1/net.fabricmc/fabric-loader/0.18.6/b823a25197a42c7f32bb904f187cd05730e8873c/fabric-loader-0.18.6.jar)]
[18:50:09] [main/INFO] (FabricLoader/Mixin) Loaded Fabric development mappings for mixin remapper!
[18:50:09] [main/DEBUG] (FabricLoader/Mixin) Compatibility level JAVA_18 specified by better_deco.mixins.json is higher than the maximum level supported by this version of mixin (JAVA_13).
[18:50:09] [main/INFO] (FabricLoader/Mixin) Compatibility level set to JAVA_18
[18:50:09] [main/DEBUG] (FabricLoader/Mixin) Compatibility level JAVA_17 specified by terrablender.mixins.json is higher than the maximum level supported by this version of mixin (JAVA_13).
[18:50:09] [main/DEBUG] (FabricLoader/Mixin) Compatibility level JAVA_17 specified by terrablender_fabric.mixins.json is higher than the maximum level supported by this version of mixin (JAVA_13).
[18:50:09] [main/DEBUG] (FabricLoader/Mixin) Compatibility level JAVA_17 specified by fabric-key-binding-api-v1.mixins.json is higher than the maximum level supported by this version of mixin (JAVA_13).
[18:50:09] [main/DEBUG] (FabricLoader/Mixin) Mixin config fabric-key-binding-api-v1.mixins.json does not specify "minVersion" or "requiredFeatures" property
[18:50:09] [main/DEBUG] (FabricLoader/Mixin) Compatibility level JAVA_17 specified by fabric-rendering-fluids-v1.mixins.json is higher than the maximum level supported by this version of mixin (JAVA_13).
[18:50:09] [main/DEBUG] (FabricLoader/Mixin) Mixin config fabric-rendering-fluids-v1.mixins.json does not specify "minVersion" or "requiredFeatures" property
[18:50:09] [main/DEBUG] (FabricLoader/Mixin) Compatibility level JAVA_17 specified by fabric-object-builder-v1.mixins.json is higher than the maximum level supported by this version of mixin (JAVA_13).
[18:50:09] [main/DEBUG] (FabricLoader/Mixin) Mixin config fabric-object-builder-v1.mixins.json does not specify "minVersion" or "requiredFeatures" property
[18:50:09] [main/DEBUG] (FabricLoader/Mixin) Compatibility level JAVA_17 specified by fabric-object-builder-v1.client.mixins.json is higher than the maximum level supported by this version of mixin (JAVA_13).
[18:50:09] [main/DEBUG] (FabricLoader/Mixin) Mixin config fabric-object-builder-v1.client.mixins.json does not specify "minVersion" or "requiredFeatures" property
[18:50:09] [main/DEBUG] (FabricLoader/Mixin) Compatibility level JAVA_21 specified by framework.mixins.json is higher than the maximum level supported by this version of mixin (JAVA_13).
[18:50:09] [main/INFO] (FabricLoader/Mixin) Compatibility level set to JAVA_21
[18:50:09] [main/DEBUG] (FabricLoader/Mixin) Compatibility level JAVA_17 specified by fabric-screen-handler-api-v1.mixins.json is higher than the maximum level supported by this version of mixin (JAVA_13).
[18:50:09] [main/DEBUG] (FabricLoader/Mixin) Mixin config fabric-screen-handler-api-v1.mixins.json does not specify "minVersion" or "requiredFeatures" property
[18:50:09] [main/DEBUG] (FabricLoader/Mixin) Compatibility level JAVA_17 specified by fabric-gametest-api-v1.mixins.json is higher than the maximum level supported by this version of mixin (JAVA_13).
[18:50:09] [main/DEBUG] (FabricLoader/Mixin) Mixin config fabric-gametest-api-v1.mixins.json does not specify "minVersion" or "requiredFeatures" property
[18:50:09] [main/DEBUG] (FabricLoader/Mixin) Compatibility level JAVA_17 specified by fabric-particles-v1.client.mixins.json is higher than the maximum level supported by this version of mixin (JAVA_13).
[18:50:09] [main/DEBUG] (FabricLoader/Mixin) Mixin config fabric-particles-v1.client.mixins.json does not specify "minVersion" or "requiredFeatures" property
[18:50:09] [main/DEBUG] (FabricLoader/Mixin) Compatibility level JAVA_17 specified by fabric-networking-api-v1.mixins.json is higher than the maximum level supported by this version of mixin (JAVA_13).
[18:50:09] [main/DEBUG] (FabricLoader/Mixin) Mixin config fabric-networking-api-v1.mixins.json does not specify "minVersion" or "requiredFeatures" property
[18:50:09] [main/DEBUG] (FabricLoader/Mixin) Compatibility level JAVA_17 specified by fabric-networking-api-v1.client.mixins.json is higher than the maximum level supported by this version of mixin (JAVA_13).
[18:50:09] [main/DEBUG] (FabricLoader/Mixin) Mixin config fabric-networking-api-v1.client.mixins.json does not specify "minVersion" or "requiredFeatures" property
[18:50:09] [main/DEBUG] (FabricLoader/Mixin) Compatibility level JAVA_17 specified by fabric-crash-report-info-v1.mixins.json is higher than the maximum level supported by this version of mixin (JAVA_13).
[18:50:09] [main/DEBUG] (FabricLoader/Mixin) Mixin config fabric-crash-report-info-v1.mixins.json does not specify "minVersion" or "requiredFeatures" property
[18:50:09] [main/DEBUG] (FabricLoader/Mixin) Compatibility level JAVA_17 specified by fabric-game-rule-api-v1.mixins.json is higher than the maximum level supported by this version of mixin (JAVA_13).
[18:50:09] [main/DEBUG] (FabricLoader/Mixin) Mixin config fabric-game-rule-api-v1.mixins.json does not specify "minVersion" or "requiredFeatures" property
[18:50:09] [main/DEBUG] (FabricLoader/Mixin) Compatibility level JAVA_17 specified by fabric-game-rule-api-v1.client.mixins.json is higher than the maximum level supported by this version of mixin (JAVA_13).
[18:50:09] [main/DEBUG] (FabricLoader/Mixin) Mixin config fabric-game-rule-api-v1.client.mixins.json does not specify "minVersion" or "requiredFeatures" property
[18:50:09] [main/DEBUG] (FabricLoader/Mixin) Compatibility level JAVA_17 specified by fabric-dimensions-v1.mixins.json is higher than the maximum level supported by this version of mixin (JAVA_13).
[18:50:09] [main/DEBUG] (FabricLoader/Mixin) Mixin config fabric-dimensions-v1.mixins.json does not specify "minVersion" or "requiredFeatures" property
[18:50:09] [main/DEBUG] (FabricLoader/Mixin) Compatibility level JAVA_17 specified by fabric-data-generation-api-v1.mixins.json is higher than the maximum level supported by this version of mixin (JAVA_13).
[18:50:09] [main/DEBUG] (FabricLoader/Mixin) Mixin config fabric-data-generation-api-v1.mixins.json does not specify "minVersion" or "requiredFeatures" property
[18:50:09] [main/DEBUG] (FabricLoader/Mixin) Compatibility level JAVA_17 specified by fabric-data-generation-api-v1.client.mixins.json is higher than the maximum level supported by this version of mixin (JAVA_13).
[18:50:09] [main/DEBUG] (FabricLoader/Mixin) Mixin config fabric-data-generation-api-v1.client.mixins.json does not specify "minVersion" or "requiredFeatures" property
[18:50:09] [main/DEBUG] (FabricLoader/Mixin) Compatibility level JAVA_17 specified by fabric-blockrenderlayer-v1.mixins.json is higher than the maximum level supported by this version of mixin (JAVA_13).
[18:50:09] [main/DEBUG] (FabricLoader/Mixin) Mixin config fabric-blockrenderlayer-v1.mixins.json does not specify "minVersion" or "requiredFeatures" property
[18:50:09] [main/DEBUG] (FabricLoader/Mixin) Compatibility level JAVA_17 specified by fabric-api-lookup-api-v1.mixins.json is higher than the maximum level supported by this version of mixin (JAVA_13).
[18:50:09] [main/DEBUG] (FabricLoader/Mixin) Mixin config fabric-api-lookup-api-v1.mixins.json does not specify "minVersion" or "requiredFeatures" property
[18:50:09] [main/DEBUG] (FabricLoader/Mixin) Compatibility level JAVA_17 specified by fabric-transfer-api-v1.mixins.json is higher than the maximum level supported by this version of mixin (JAVA_13).
[18:50:09] [main/DEBUG] (FabricLoader/Mixin) Mixin config fabric-transfer-api-v1.mixins.json does not specify "minVersion" or "requiredFeatures" property
[18:50:09] [main/DEBUG] (FabricLoader/Mixin) Compatibility level JAVA_17 specified by fabric-biome-api-v1.mixins.json is higher than the maximum level supported by this version of mixin (JAVA_13).
[18:50:09] [main/DEBUG] (FabricLoader/Mixin) Mixin config fabric-biome-api-v1.mixins.json does not specify "minVersion" or "requiredFeatures" property
[18:50:09] [main/DEBUG] (FabricLoader/Mixin) Compatibility level JAVA_17 specified by fabric-lifecycle-events-v1.mixins.json is higher than the maximum level supported by this version of mixin (JAVA_13).
[18:50:09] [main/DEBUG] (FabricLoader/Mixin) Mixin config fabric-lifecycle-events-v1.mixins.json does not specify "minVersion" or "requiredFeatures" property
[18:50:09] [main/DEBUG] (FabricLoader/Mixin) Compatibility level JAVA_17 specified by fabric-lifecycle-events-v1.client.mixins.json is higher than the maximum level supported by this version of mixin (JAVA_13).
[18:50:09] [main/DEBUG] (FabricLoader/Mixin) Mixin config fabric-lifecycle-events-v1.client.mixins.json does not specify "minVersion" or "requiredFeatures" property
[18:50:09] [main/DEBUG] (FabricLoader/Mixin) Mixin config fabric-renderer-indigo.mixins.json does not specify "minVersion" or "requiredFeatures" property
[18:50:09] [main/DEBUG] (FabricLoader/Mixin) Mixin config fabric-renderer-api-v1.mixins.json does not specify "minVersion" or "requiredFeatures" property
[18:50:09] [main/DEBUG] (FabricLoader/Mixin) Compatibility level JAVA_17 specified by fabric-renderer-api-v1.debughud.mixins.json is higher than the maximum level supported by this version of mixin (JAVA_13).
[18:50:09] [main/DEBUG] (FabricLoader/Mixin) Mixin config fabric-renderer-api-v1.debughud.mixins.json does not specify "minVersion" or "requiredFeatures" property
[18:50:09] [main/DEBUG] (FabricLoader/Mixin) Compatibility level JAVA_17 specified by fabric-command-api-v2.mixins.json is higher than the maximum level supported by this version of mixin (JAVA_13).
[18:50:09] [main/DEBUG] (FabricLoader/Mixin) Mixin config fabric-command-api-v2.mixins.json does not specify "minVersion" or "requiredFeatures" property
[18:50:09] [main/DEBUG] (FabricLoader/Mixin) Compatibility level JAVA_17 specified by fabric-command-api-v2.client.mixins.json is higher than the maximum level supported by this version of mixin (JAVA_13).
[18:50:09] [main/DEBUG] (FabricLoader/Mixin) Mixin config fabric-command-api-v2.client.mixins.json does not specify "minVersion" or "requiredFeatures" property
[18:50:09] [main/DEBUG] (FabricLoader/Mixin) Compatibility level JAVA_17 specified by fabric-loot-api-v3.mixins.json is higher than the maximum level supported by this version of mixin (JAVA_13).
[18:50:09] [main/DEBUG] (FabricLoader/Mixin) Mixin config fabric-loot-api-v3.mixins.json does not specify "minVersion" or "requiredFeatures" property
[18:50:09] [main/DEBUG] (FabricLoader/Mixin) Compatibility level JAVA_17 specified by fabric-message-api-v1.mixins.json is higher than the maximum level supported by this version of mixin (JAVA_13).
[18:50:09] [main/DEBUG] (FabricLoader/Mixin) Mixin config fabric-message-api-v1.mixins.json does not specify "minVersion" or "requiredFeatures" property
[18:50:09] [main/DEBUG] (FabricLoader/Mixin) Compatibility level JAVA_17 specified by fabric-message-api-v1.client.mixins.json is higher than the maximum level supported by this version of mixin (JAVA_13).
[18:50:09] [main/DEBUG] (FabricLoader/Mixin) Mixin config fabric-message-api-v1.client.mixins.json does not specify "minVersion" or "requiredFeatures" property
[18:50:09] [main/DEBUG] (FabricLoader/Mixin) Compatibility level JAVA_17 specified by fabric-data-attachment-api-v1.mixins.json is higher than the maximum level supported by this version of mixin (JAVA_13).
[18:50:09] [main/DEBUG] (FabricLoader/Mixin) Mixin config fabric-data-attachment-api-v1.mixins.json does not specify "minVersion" or "requiredFeatures" property
[18:50:09] [main/DEBUG] (FabricLoader/Mixin) Compatibility level JAVA_17 specified by fabric-data-attachment-api-v1.client.mixins.json is higher than the maximum level supported by this version of mixin (JAVA_13).
[18:50:09] [main/DEBUG] (FabricLoader/Mixin) Mixin config fabric-data-attachment-api-v1.client.mixins.json does not specify "minVersion" or "requiredFeatures" property
[18:50:09] [main/DEBUG] (FabricLoader/Mixin) Compatibility level JAVA_17 specified by fabric-resource-loader-v0.mixins.json is higher than the maximum level supported by this version of mixin (JAVA_13).
[18:50:09] [main/DEBUG] (FabricLoader/Mixin) Mixin config fabric-resource-loader-v0.mixins.json does not specify "minVersion" or "requiredFeatures" property
[18:50:09] [main/DEBUG] (FabricLoader/Mixin) Compatibility level JAVA_17 specified by fabric-resource-loader-v0.client.mixins.json is higher than the maximum level supported by this version of mixin (JAVA_13).
[18:50:09] [main/DEBUG] (FabricLoader/Mixin) Mixin config fabric-resource-loader-v0.client.mixins.json does not specify "minVersion" or "requiredFeatures" property
[18:50:09] [main/DEBUG] (FabricLoader/Mixin) Compatibility level JAVA_17 specified by moonlight.mixins.json is higher than the maximum level supported by this version of mixin (JAVA_13).
[18:50:09] [main/DEBUG] (FabricLoader/Mixin) Compatibility level JAVA_17 specified by moonlight-common.mixins.json is higher than the maximum level supported by this version of mixin (JAVA_13).
[18:50:09] [main/DEBUG] (FabricLoader/Mixin) Compatibility level JAVA_17 specified by fabric-screen-api-v1.mixins.json is higher than the maximum level supported by this version of mixin (JAVA_13).
[18:50:09] [main/DEBUG] (FabricLoader/Mixin) Mixin config fabric-screen-api-v1.mixins.json does not specify "minVersion" or "requiredFeatures" property
[18:50:09] [main/DEBUG] (FabricLoader/Mixin) Compatibility level JAVA_17 specified by fabric-registry-sync-v0.mixins.json is higher than the maximum level supported by this version of mixin (JAVA_13).
[18:50:09] [main/DEBUG] (FabricLoader/Mixin) Mixin config fabric-registry-sync-v0.mixins.json does not specify "minVersion" or "requiredFeatures" property
[18:50:09] [main/DEBUG] (FabricLoader/Mixin) Compatibility level JAVA_17 specified by fabric-registry-sync-v0.client.mixins.json is higher than the maximum level supported by this version of mixin (JAVA_13).
[18:50:09] [main/DEBUG] (FabricLoader/Mixin) Mixin config fabric-registry-sync-v0.client.mixins.json does not specify "minVersion" or "requiredFeatures" property
[18:50:09] [main/DEBUG] (FabricLoader/Mixin) Compatibility level JAVA_17 specified by fabric-convention-tags-api-v2.mixins.json is higher than the maximum level supported by this version of mixin (JAVA_13).
[18:50:09] [main/DEBUG] (FabricLoader/Mixin) Mixin config fabric-convention-tags-api-v2.mixins.json does not specify "minVersion" or "requiredFeatures" property
[18:50:09] [main/DEBUG] (FabricLoader/Mixin) Compatibility level JAVA_17 specified by fabric-resource-conditions-api-v1.mixins.json is higher than the maximum level supported by this version of mixin (JAVA_13).
[18:50:09] [main/DEBUG] (FabricLoader/Mixin) Mixin config fabric-resource-conditions-api-v1.mixins.json does not specify "minVersion" or "requiredFeatures" property
[18:50:09] [main/DEBUG] (FabricLoader/Mixin) Compatibility level JAVA_17 specified by fabric-block-view-api-v2.mixins.json is higher than the maximum level supported by this version of mixin (JAVA_13).
[18:50:09] [main/DEBUG] (FabricLoader/Mixin) Mixin config fabric-block-view-api-v2.mixins.json does not specify "minVersion" or "requiredFeatures" property
[18:50:09] [main/DEBUG] (FabricLoader/Mixin) Compatibility level JAVA_17 specified by fabric-block-view-api-v2.client.mixins.json is higher than the maximum level supported by this version of mixin (JAVA_13).
[18:50:09] [main/DEBUG] (FabricLoader/Mixin) Mixin config fabric-block-view-api-v2.client.mixins.json does not specify "minVersion" or "requiredFeatures" property
[18:50:09] [main/DEBUG] (FabricLoader/Mixin) Compatibility level JAVA_17 specified by fabric-recipe-api-v1.mixins.json is higher than the maximum level supported by this version of mixin (JAVA_13).
[18:50:09] [main/DEBUG] (FabricLoader/Mixin) Mixin config fabric-recipe-api-v1.mixins.json does not specify "minVersion" or "requiredFeatures" property
[18:50:09] [main/DEBUG] (FabricLoader/Mixin) Compatibility level JAVA_17 specified by fabric-sound-api-v1.mixins.json is higher than the maximum level supported by this version of mixin (JAVA_13).
[18:50:09] [main/DEBUG] (FabricLoader/Mixin) Mixin config fabric-sound-api-v1.mixins.json does not specify "minVersion" or "requiredFeatures" property
[18:50:09] [main/DEBUG] (FabricLoader/Mixin) Compatibility level JAVA_17 specified by fabric-rendering-data-attachment-v1.mixins.json is higher than the maximum level supported by this version of mixin (JAVA_13).
[18:50:09] [main/DEBUG] (FabricLoader/Mixin) Mixin config fabric-rendering-data-attachment-v1.mixins.json does not specify "minVersion" or "requiredFeatures" property
[18:50:09] [main/DEBUG] (FabricLoader/Mixin) Compatibility level JAVA_17 specified by fabric-rendering-data-attachment-v1.client.mixins.json is higher than the maximum level supported by this version of mixin (JAVA_13).
[18:50:09] [main/DEBUG] (FabricLoader/Mixin) Mixin config fabric-rendering-data-attachment-v1.client.mixins.json does not specify "minVersion" or "requiredFeatures" property
[18:50:09] [main/DEBUG] (FabricLoader/Mixin) Compatibility level JAVA_17 specified by fabric-events-interaction-v0.mixins.json is higher than the maximum level supported by this version of mixin (JAVA_13).
[18:50:09] [main/DEBUG] (FabricLoader/Mixin) Mixin config fabric-events-interaction-v0.mixins.json does not specify "minVersion" or "requiredFeatures" property
[18:50:09] [main/DEBUG] (FabricLoader/Mixin) Compatibility level JAVA_17 specified by fabric-events-interaction-v0.client.mixins.json is higher than the maximum level supported by this version of mixin (JAVA_13).
[18:50:09] [main/DEBUG] (FabricLoader/Mixin) Mixin config fabric-events-interaction-v0.client.mixins.json does not specify "minVersion" or "requiredFeatures" property
[18:50:09] [main/DEBUG] (FabricLoader/Mixin) Compatibility level JAVA_17 specified by fabric-block-api-v1.mixins.json is higher than the maximum level supported by this version of mixin (JAVA_13).
[18:50:09] [main/DEBUG] (FabricLoader/Mixin) Mixin config fabric-block-api-v1.mixins.json does not specify "minVersion" or "requiredFeatures" property
[18:50:09] [main/DEBUG] (FabricLoader/Mixin) Compatibility level JAVA_17 specified by fabric-item-group-api-v1.mixins.json is higher than the maximum level supported by this version of mixin (JAVA_13).
[18:50:09] [main/DEBUG] (FabricLoader/Mixin) Mixin config fabric-item-group-api-v1.mixins.json does not specify "minVersion" or "requiredFeatures" property
[18:50:09] [main/DEBUG] (FabricLoader/Mixin) Compatibility level JAVA_17 specified by fabric-item-group-api-v1.client.mixins.json is higher than the maximum level supported by this version of mixin (JAVA_13).
[18:50:09] [main/DEBUG] (FabricLoader/Mixin) Mixin config fabric-item-group-api-v1.client.mixins.json does not specify "minVersion" or "requiredFeatures" property
[18:50:09] [main/DEBUG] (FabricLoader/Mixin) Compatibility level JAVA_17 specified by fabric-content-registries-v0.mixins.json is higher than the maximum level supported by this version of mixin (JAVA_13).
[18:50:09] [main/DEBUG] (FabricLoader/Mixin) Mixin config fabric-content-registries-v0.mixins.json does not specify "minVersion" or "requiredFeatures" property
[18:50:09] [main/DEBUG] (FabricLoader/Mixin) Compatibility level JAVA_17 specified by fabric-model-loading-api-v1.mixins.json is higher than the maximum level supported by this version of mixin (JAVA_13).
[18:50:09] [main/DEBUG] (FabricLoader/Mixin) Mixin config fabric-model-loading-api-v1.mixins.json does not specify "minVersion" or "requiredFeatures" property
[18:50:09] [main/DEBUG] (FabricLoader/Mixin) Compatibility level JAVA_17 specified by fabric-entity-events-v1.mixins.json is higher than the maximum level supported by this version of mixin (JAVA_13).
[18:50:09] [main/DEBUG] (FabricLoader/Mixin) Mixin config fabric-entity-events-v1.mixins.json does not specify "minVersion" or "requiredFeatures" property
[18:50:09] [main/DEBUG] (FabricLoader/Mixin) Compatibility level JAVA_17 specified by fabric-entity-events-v1.client.mixins.json is higher than the maximum level supported by this version of mixin (JAVA_13).
[18:50:09] [main/DEBUG] (FabricLoader/Mixin) Mixin config fabric-entity-events-v1.client.mixins.json does not specify "minVersion" or "requiredFeatures" property
[18:50:09] [main/DEBUG] (FabricLoader/Mixin) Compatibility level JAVA_17 specified by fabric-item-api-v1.mixins.json is higher than the maximum level supported by this version of mixin (JAVA_13).
[18:50:09] [main/DEBUG] (FabricLoader/Mixin) Mixin config fabric-item-api-v1.mixins.json does not specify "minVersion" or "requiredFeatures" property
[18:50:09] [main/DEBUG] (FabricLoader/Mixin) Compatibility level JAVA_17 specified by fabric-item-api-v1.client.mixins.json is higher than the maximum level supported by this version of mixin (JAVA_13).
[18:50:09] [main/DEBUG] (FabricLoader/Mixin) Mixin config fabric-item-api-v1.client.mixins.json does not specify "minVersion" or "requiredFeatures" property
[18:50:09] [main/DEBUG] (FabricLoader/Mixin) Compatibility level JAVA_17 specified by fabric-rendering-v1.mixins.json is higher than the maximum level supported by this version of mixin (JAVA_13).
[18:50:09] [main/DEBUG] (FabricLoader/Mixin) Mixin config fabric-rendering-v1.mixins.json does not specify "minVersion" or "requiredFeatures" property
[18:50:09] [main/DEBUG] (FabricLoader/Mixin) Compatibility level JAVA_17 specified by fabric-loot-api-v2.mixins.json is higher than the maximum level supported by this version of mixin (JAVA_13).
[18:50:09] [main/DEBUG] (FabricLoader/Mixin) Mixin config fabric-loot-api-v2.mixins.json does not specify "minVersion" or "requiredFeatures" property
[18:50:09] [main/DEBUG] (FabricLoader/Knot) Adding C:\Users\HP\IdeaProjects\BetterDeco-Muliloader\.gradle\loom-cache\minecraftMaven\net\minecraft\minecraft-merged-87d26b32d0\1.21.1-loom.mappings.1_21_1.layered+hash.730628366-v2\minecraft-merged-87d26b32d0-1.21.1-loom.mappings.1_21_1.layered+hash.730628366-v2.jar to classpath.
[18:50:09] [main/DEBUG] (FabricLoader/Knot) Adding C:\Users\HP\IdeaProjects\BetterDeco-Muliloader\fabric\build\classes\java\main to classpath.
[18:50:09] [main/DEBUG] (FabricLoader/Knot) Adding C:\Users\HP\IdeaProjects\BetterDeco-Muliloader\fabric\build\resources\main to classpath.
[18:50:09] [main/DEBUG] (FabricLoader/Knot) Adding C:\Users\HP\.gradle\caches\fabric-loom\1.21.1\loom.mappings.1_21_1.layered+hash.730628366-v2\mappings.jar to classpath.
[18:50:09] [main/DEBUG] (FabricLoader/Knot) Adding C:\Users\HP\.gradle\caches\modules-2\files-2.1\io.github.llamalad7\mixinextras-fabric\0.5.3\8ee5af001acbc9f7970e383bdf0944d063c80f63\mixinextras-fabric-0.5.3.jar to classpath.
[18:50:09] [main/DEBUG] (FabricLoader/Knot) Adding C:\Users\HP\.gradle\caches\modules-2\files-2.1\net.fabricmc\dev-launch-injector\0.2.1+build.8\da8bef7e6e2f952da707f282bdb46882a0fce5e3\dev-launch-injector-0.2.1+build.8.jar to classpath.
[18:50:09] [main/DEBUG] (FabricLoader/Knot) Adding C:\Users\HP\.gradle\caches\modules-2\files-2.1\com.github.oshi\oshi-core\6.4.10\b1d8ab82d11d92fd639b56d639f8f46f739dd5fa\oshi-core-6.4.10.jar to classpath.
[18:50:09] [main/DEBUG] (FabricLoader/Knot) Adding C:\Users\HP\.gradle\caches\modules-2\files-2.1\com.google.guava\failureaccess\1.0.1\1dcf1de382a0bf95a3d8b0849546c88bac1292c9\failureaccess-1.0.1.jar to classpath.
[18:50:09] [main/DEBUG] (FabricLoader/Knot) Adding C:\Users\HP\.gradle\caches\modules-2\files-2.1\com.google.guava\guava\32.1.2-jre\5e64ec7e056456bef3a4bc4c6fdaef71e8ab6318\guava-32.1.2-jre.jar to classpath.
[18:50:09] [main/DEBUG] (FabricLoader/Knot) Adding C:\Users\HP\.gradle\caches\modules-2\files-2.1\com.ibm.icu\icu4j\73.2\61ad4ef7f9131fcf6d25c34b817f90d6da06c9e9\icu4j-73.2.jar to classpath.
[18:50:09] [main/DEBUG] (FabricLoader/Knot) Adding C:\Users\HP\.gradle\caches\modules-2\files-2.1\com.mojang\blocklist\1.0.10\5c685c5ffa94c4cd39496c7184c1d122e515ecef\blocklist-1.0.10.jar to classpath.
[18:50:09] [main/DEBUG] (FabricLoader/Knot) Adding C:\Users\HP\.gradle\caches\modules-2\files-2.1\com.mojang\brigadier\1.3.10\d15b53a14cf20fdcaa98f731af5dda654452c010\brigadier-1.3.10.jar to classpath.
[18:50:09] [main/DEBUG] (FabricLoader/Knot) Adding C:\Users\HP\.gradle\caches\modules-2\files-2.1\com.mojang\datafixerupper\8.0.16\67d4de6d7f95d89bcf5862995fb854ebaec02a34\datafixerupper-8.0.16.jar to classpath.
[18:50:09] [main/DEBUG] (FabricLoader/Knot) Adding C:\Users\HP\.gradle\caches\modules-2\files-2.1\com.mojang\patchy\2.2.10\da05971b07cbb379d002cf7eaec6a2048211fefc\patchy-2.2.10.jar to classpath.
[18:50:09] [main/DEBUG] (FabricLoader/Knot) Adding C:\Users\HP\.gradle\caches\modules-2\files-2.1\com.mojang\text2speech\1.17.9\3cad216e3a7f0c19b4b394388bc9ffc446f13b14\text2speech-1.17.9.jar to classpath.
[18:50:09] [main/DEBUG] (FabricLoader/Knot) Adding C:\Users\HP\.gradle\caches\modules-2\files-2.1\commons-codec\commons-codec\1.16.0\4e3eb3d79888d76b54e28b350915b5dc3919c9de\commons-codec-1.16.0.jar to classpath.
[18:50:09] [main/DEBUG] (FabricLoader/Knot) Adding C:\Users\HP\.gradle\caches\modules-2\files-2.1\commons-io\commons-io\2.15.1\f11560da189ab563a5c8e351941415430e9304ea\commons-io-2.15.1.jar to classpath.
[18:50:09] [main/DEBUG] (FabricLoader/Knot) Adding C:\Users\HP\.gradle\caches\modules-2\files-2.1\commons-logging\commons-logging\1.2\4bfc12adfe4842bf07b657f0369c4cb522955686\commons-logging-1.2.jar to classpath.
[18:50:09] [main/DEBUG] (FabricLoader/Knot) Adding C:\Users\HP\.gradle\caches\modules-2\files-2.1\io.netty\netty-buffer\4.1.97.Final\f8f3d8644afa5e6e1a40a3a6aeb9d9aa970ecb4f\netty-buffer-4.1.97.Final.jar to classpath.
[18:50:09] [main/DEBUG] (FabricLoader/Knot) Adding C:\Users\HP\.gradle\caches\modules-2\files-2.1\io.netty\netty-codec\4.1.97.Final\384ba4d75670befbedb45c4d3b497a93639c206d\netty-codec-4.1.97.Final.jar to classpath.
[18:50:09] [main/DEBUG] (FabricLoader/Knot) Adding C:\Users\HP\.gradle\caches\modules-2\files-2.1\io.netty\netty-common\4.1.97.Final\7cceacaf11df8dc63f23d0fb58e9d4640fc88404\netty-common-4.1.97.Final.jar to classpath.
[18:50:09] [main/DEBUG] (FabricLoader/Knot) Adding C:\Users\HP\.gradle\caches\modules-2\files-2.1\io.netty\netty-handler\4.1.97.Final\abb86c6906bf512bf2b797a41cd7d2e8d3cd7c36\netty-handler-4.1.97.Final.jar to classpath.
[18:50:09] [main/DEBUG] (FabricLoader/Knot) Adding C:\Users\HP\.gradle\caches\modules-2\files-2.1\io.netty\netty-resolver\4.1.97.Final\cec8348108dc76c47cf87c669d514be52c922144\netty-resolver-4.1.97.Final.jar to classpath.
[18:50:09] [main/DEBUG] (FabricLoader/Knot) Adding C:\Users\HP\.gradle\caches\modules-2\files-2.1\io.netty\netty-transport-classes-epoll\4.1.97.Final\795da37ded759e862457a82d9d92c4d39ce8ecee\netty-transport-classes-epoll-4.1.97.Final.jar to classpath.
[18:50:09] [main/DEBUG] (FabricLoader/Knot) Adding C:\Users\HP\.gradle\caches\modules-2\files-2.1\io.netty\netty-transport-native-unix-common\4.1.97.Final\d469d84265ab70095b01b40886cabdd433b6e664\netty-transport-native-unix-common-4.1.97.Final.jar to classpath.
[18:50:09] [main/DEBUG] (FabricLoader/Knot) Adding C:\Users\HP\.gradle\caches\modules-2\files-2.1\io.netty\netty-transport\4.1.97.Final\f37380d23c9bb079bc702910833b2fd532c9abd0\netty-transport-4.1.97.Final.jar to classpath.
[18:50:09] [main/DEBUG] (FabricLoader/Knot) Adding C:\Users\HP\.gradle\caches\modules-2\files-2.1\it.unimi.dsi\fastutil\8.5.12\c24946d46824bd528054bface3231d2ecb7e95e8\fastutil-8.5.12.jar to classpath.
[18:50:09] [main/DEBUG] (FabricLoader/Knot) Adding C:\Users\HP\.gradle\caches\modules-2\files-2.1\net.java.dev.jna\jna-platform\5.14.0\28934d48aed814f11e4c584da55c49fa7032b31b\jna-platform-5.14.0.jar to classpath.
[18:50:09] [main/DEBUG] (FabricLoader/Knot) Adding C:\Users\HP\.gradle\caches\modules-2\files-2.1\net.java.dev.jna\jna\5.14.0\67bf3eaea4f0718cb376a181a629e5f88fa1c9dd\jna-5.14.0.jar to classpath.
[18:50:09] [main/DEBUG] (FabricLoader/Knot) Adding C:\Users\HP\.gradle\caches\modules-2\files-2.1\net.sf.jopt-simple\jopt-simple\5.0.4\4fdac2fbe92dfad86aa6e9301736f6b4342a3f5c\jopt-simple-5.0.4.jar to classpath.
[18:50:09] [main/DEBUG] (FabricLoader/Knot) Adding C:\Users\HP\.gradle\caches\modules-2\files-2.1\org.apache.commons\commons-compress\1.26.0\659feffdd12280201c8aacb8f7be94f9a883c824\commons-compress-1.26.0.jar to classpath.
[18:50:09] [main/DEBUG] (FabricLoader/Knot) Adding C:\Users\HP\.gradle\caches\modules-2\files-2.1\org.apache.commons\commons-lang3\3.14.0\1ed471194b02f2c6cb734a0cd6f6f107c673afae\commons-lang3-3.14.0.jar to classpath.
[18:50:09] [main/DEBUG] (FabricLoader/Knot) Adding C:\Users\HP\.gradle\caches\modules-2\files-2.1\org.apache.httpcomponents\httpclient\4.5.13\e5f6cae5ca7ecaac1ec2827a9e2d65ae2869cada\httpclient-4.5.13.jar to classpath.
[18:50:09] [main/DEBUG] (FabricLoader/Knot) Adding C:\Users\HP\.gradle\caches\modules-2\files-2.1\org.apache.httpcomponents\httpcore\4.4.16\51cf043c87253c9f58b539c9f7e44c8894223850\httpcore-4.4.16.jar to classpath.
[18:50:09] [main/DEBUG] (FabricLoader/Knot) Adding C:\Users\HP\.gradle\caches\modules-2\files-2.1\org.jcraft\jorbis\0.0.17\8872d22b293e8f5d7d56ff92be966e6dc28ebdc6\jorbis-0.0.17.jar to classpath.
[18:50:09] [main/DEBUG] (FabricLoader/Knot) Adding C:\Users\HP\.gradle\caches\modules-2\files-2.1\org.joml\joml\1.10.5\22566d58af70ad3d72308bab63b8339906deb649\joml-1.10.5.jar to classpath.
[18:50:09] [main/DEBUG] (FabricLoader/Knot) Adding C:\Users\HP\.gradle\caches\modules-2\files-2.1\org.lwjgl\lwjgl-freetype\3.3.3\a0db6c84a8becc8ca05f9dbfa985edc348a824c7\lwjgl-freetype-3.3.3.jar to classpath.
[18:50:09] [main/DEBUG] (FabricLoader/Knot) Adding C:\Users\HP\.gradle\caches\modules-2\files-2.1\org.lwjgl\lwjgl-freetype\3.3.3\81091b006dbb43fab04c8c638e9ac87c51b4096d\lwjgl-freetype-3.3.3-natives-windows.jar to classpath.
[18:50:09] [main/DEBUG] (FabricLoader/Knot) Adding C:\Users\HP\.gradle\caches\modules-2\files-2.1\org.lwjgl\lwjgl-freetype\3.3.3\82028265a0a2ff33523ca75137ada7dc176e5210\lwjgl-freetype-3.3.3-natives-windows-arm64.jar to classpath.
[18:50:09] [main/DEBUG] (FabricLoader/Knot) Adding C:\Users\HP\.gradle\caches\modules-2\files-2.1\org.lwjgl\lwjgl-freetype\3.3.3\15a8c1de7f51d07a92eae7ce1222557073a0c0c3\lwjgl-freetype-3.3.3-natives-windows-x86.jar to classpath.
[18:50:09] [main/DEBUG] (FabricLoader/Knot) Adding C:\Users\HP\.gradle\caches\modules-2\files-2.1\org.lwjgl\lwjgl-glfw\3.3.3\efa1eb78c5ccd840e9f329717109b5e892d72f8e\lwjgl-glfw-3.3.3.jar to classpath.
[18:50:09] [main/DEBUG] (FabricLoader/Knot) Adding C:\Users\HP\.gradle\caches\modules-2\files-2.1\org.lwjgl\lwjgl-glfw\3.3.3\e449e28b4891fc423c54c85fbc5bb0b9efece67a\lwjgl-glfw-3.3.3-natives-windows.jar to classpath.
[18:50:09] [main/DEBUG] (FabricLoader/Knot) Adding C:\Users\HP\.gradle\caches\modules-2\files-2.1\org.lwjgl\lwjgl-glfw\3.3.3\f27018dc74f6289574502b46cce55d52817554e2\lwjgl-glfw-3.3.3-natives-windows-arm64.jar to classpath.
[18:50:09] [main/DEBUG] (FabricLoader/Knot) Adding C:\Users\HP\.gradle\caches\modules-2\files-2.1\org.lwjgl\lwjgl-glfw\3.3.3\32334f3fd5270a59bad9939a93115acb6de36dcf\lwjgl-glfw-3.3.3-natives-windows-x86.jar to classpath.
[18:50:09] [main/DEBUG] (FabricLoader/Knot) Adding C:\Users\HP\.gradle\caches\modules-2\files-2.1\org.lwjgl\lwjgl-jemalloc\3.3.3\b543467b7ff3c6920539a88ee602d34098628be5\lwjgl-jemalloc-3.3.3.jar to classpath.
[18:50:09] [main/DEBUG] (FabricLoader/Knot) Adding C:\Users\HP\.gradle\caches\modules-2\files-2.1\org.lwjgl\lwjgl-jemalloc\3.3.3\426222fc027602a5f21b9c0fe79cde6a4c7a011f\lwjgl-jemalloc-3.3.3-natives-windows.jar to classpath.
[18:50:09] [main/DEBUG] (FabricLoader/Knot) Adding C:\Users\HP\.gradle\caches\modules-2\files-2.1\org.lwjgl\lwjgl-jemalloc\3.3.3\ba1f3fed0ee4be0217eaa41c5bbfb4b9b1383c33\lwjgl-jemalloc-3.3.3-natives-windows-arm64.jar to classpath.
[18:50:09] [main/DEBUG] (FabricLoader/Knot) Adding C:\Users\HP\.gradle\caches\modules-2\files-2.1\org.lwjgl\lwjgl-jemalloc\3.3.3\f6063b6e0f23be483c5c88d84ce51b39dc69126c\lwjgl-jemalloc-3.3.3-natives-windows-x86.jar to classpath.
[18:50:09] [main/DEBUG] (FabricLoader/Knot) Adding C:\Users\HP\.gradle\caches\modules-2\files-2.1\org.lwjgl\lwjgl-openal\3.3.3\daada81ceb5fc0c291fbfdd4433cb8d9423577f2\lwjgl-openal-3.3.3.jar to classpath.
[18:50:09] [main/DEBUG] (FabricLoader/Knot) Adding C:\Users\HP\.gradle\caches\modules-2\files-2.1\org.lwjgl\lwjgl-openal\3.3.3\cf83862ae95d98496b26915024c7e666d8ab1c8f\lwjgl-openal-3.3.3-natives-windows.jar to classpath.
[18:50:09] [main/DEBUG] (FabricLoader/Knot) Adding C:\Users\HP\.gradle\caches\modules-2\files-2.1\org.lwjgl\lwjgl-openal\3.3.3\8e0615235116b9e4160dfe87bec90f5f6378bf72\lwjgl-openal-3.3.3-natives-windows-arm64.jar to classpath.
[18:50:09] [main/DEBUG] (FabricLoader/Knot) Adding C:\Users\HP\.gradle\caches\modules-2\files-2.1\org.lwjgl\lwjgl-openal\3.3.3\87b8d5050e3adb46bb58fe1cb2669a4a48fce10d\lwjgl-openal-3.3.3-natives-windows-x86.jar to classpath.
[18:50:09] [main/DEBUG] (FabricLoader/Knot) Adding C:\Users\HP\.gradle\caches\modules-2\files-2.1\org.lwjgl\lwjgl-opengl\3.3.3\2f6b0147078396a58979125a4c947664e98293a\lwjgl-opengl-3.3.3.jar to classpath.
[18:50:09] [main/DEBUG] (FabricLoader/Knot) Adding C:\Users\HP\.gradle\caches\modules-2\files-2.1\org.lwjgl\lwjgl-opengl\3.3.3\e6c1eec8be8a71951b830a4d69efc01c6531900c\lwjgl-opengl-3.3.3-natives-windows.jar to classpath.
[18:50:09] [main/DEBUG] (FabricLoader/Knot) Adding C:\Users\HP\.gradle\caches\modules-2\files-2.1\org.lwjgl\lwjgl-opengl\3.3.3\65e956d3735a1abdc82eff4baec1b61174697d4b\lwjgl-opengl-3.3.3-natives-windows-arm64.jar to classpath.
[18:50:09] [main/DEBUG] (FabricLoader/Knot) Adding C:\Users\HP\.gradle\caches\modules-2\files-2.1\org.lwjgl\lwjgl-opengl\3.3.3\d32d833dcaa2f355a886eaf21f0408b5f03241d\lwjgl-opengl-3.3.3-natives-windows-x86.jar to classpath.
[18:50:09] [main/DEBUG] (FabricLoader/Knot) Adding C:\Users\HP\.gradle\caches\modules-2\files-2.1\org.lwjgl\lwjgl-stb\3.3.3\25dd6161988d7e65f71d5065c99902402ee32746\lwjgl-stb-3.3.3.jar to classpath.
[18:50:09] [main/DEBUG] (FabricLoader/Knot) Adding C:\Users\HP\.gradle\caches\modules-2\files-2.1\org.lwjgl\lwjgl-stb\3.3.3\1d9facdf6541de114b0f963be33505b7679c78cb\lwjgl-stb-3.3.3-natives-windows.jar to classpath.
[18:50:09] [main/DEBUG] (FabricLoader/Knot) Adding C:\Users\HP\.gradle\caches\modules-2\files-2.1\org.lwjgl\lwjgl-stb\3.3.3\a584ab44de569708871f0a79561f4d8c37487f2c\lwjgl-stb-3.3.3-natives-windows-arm64.jar to classpath.
[18:50:09] [main/DEBUG] (FabricLoader/Knot) Adding C:\Users\HP\.gradle\caches\modules-2\files-2.1\org.lwjgl\lwjgl-stb\3.3.3\b5c874687b9aac1a936501d4ed2c49567fd1b575\lwjgl-stb-3.3.3-natives-windows-x86.jar to classpath.
[18:50:09] [main/DEBUG] (FabricLoader/Knot) Adding C:\Users\HP\.gradle\caches\modules-2\files-2.1\org.lwjgl\lwjgl-tinyfd\3.3.3\82d755ca94b102e9ca77283b9e2dc46d1b15fbe5\lwjgl-tinyfd-3.3.3.jar to classpath.
[18:50:09] [main/DEBUG] (FabricLoader/Knot) Adding C:\Users\HP\.gradle\caches\modules-2\files-2.1\org.lwjgl\lwjgl-tinyfd\3.3.3\a6697981b0449a5087c1d546fc08b4f73e8f98c9\lwjgl-tinyfd-3.3.3-natives-windows.jar to classpath.
[18:50:09] [main/DEBUG] (FabricLoader/Knot) Adding C:\Users\HP\.gradle\caches\modules-2\files-2.1\org.lwjgl\lwjgl-tinyfd\3.3.3\a88c494f3006eb91a7433b12a3a55a9a6c20788b\lwjgl-tinyfd-3.3.3-natives-windows-arm64.jar to classpath.
[18:50:09] [main/DEBUG] (FabricLoader/Knot) Adding C:\Users\HP\.gradle\caches\modules-2\files-2.1\org.lwjgl\lwjgl-tinyfd\3.3.3\c336c84ee88cccb495c6ffa112395509e7378e8a\lwjgl-tinyfd-3.3.3-natives-windows-x86.jar to classpath.
[18:50:09] [main/DEBUG] (FabricLoader/Knot) Adding C:\Users\HP\.gradle\caches\modules-2\files-2.1\org.lwjgl\lwjgl\3.3.3\29589b5f87ed335a6c7e7ee6a5775f81f97ecb84\lwjgl-3.3.3.jar to classpath.
[18:50:09] [main/DEBUG] (FabricLoader/Knot) Adding C:\Users\HP\.gradle\caches\modules-2\files-2.1\org.lwjgl\lwjgl\3.3.3\a5ed18a2b82fc91b81f40d717cb1f64c9dcb0540\lwjgl-3.3.3-natives-windows.jar to classpath.
[18:50:09] [main/DEBUG] (FabricLoader/Knot) Adding C:\Users\HP\.gradle\caches\modules-2\files-2.1\org.lwjgl\lwjgl\3.3.3\e9aca8c5479b520a2a7f0d542a118140e812c5e8\lwjgl-3.3.3-natives-windows-arm64.jar to classpath.
[18:50:09] [main/DEBUG] (FabricLoader/Knot) Adding C:\Users\HP\.gradle\caches\modules-2\files-2.1\org.lwjgl\lwjgl\3.3.3\9e670718e050aeaeea0c2d5b907cffb142f2e58f\lwjgl-3.3.3-natives-windows-x86.jar to classpath.
[18:50:09] [main/DEBUG] (FabricLoader/Knot) Adding C:\Users\HP\.gradle\caches\modules-2\files-2.1\org.lz4\lz4-java\1.8.0\4b986a99445e49ea5fbf5d149c4b63f6ed6c6780\lz4-java-1.8.0.jar to classpath.
[18:50:09] [main/DEBUG] (FabricLoader/Knot) Adding C:\Users\HP\.gradle\caches\modules-2\files-2.1\io.netty\netty-transport-native-epoll\4.1.97.Final\54188f271e388e7f313aea995e82f58ce2cdb809\netty-transport-native-epoll-4.1.97.Final-linux-x86_64.jar to classpath.
[18:50:09] [main/DEBUG] (FabricLoader/Knot) Adding C:\Users\HP\.gradle\caches\modules-2\files-2.1\io.netty\netty-transport-native-epoll\4.1.97.Final\5514744c588190ffda076b35a9b8c9f24946a960\netty-transport-native-epoll-4.1.97.Final-linux-aarch_64.jar to classpath.
[18:50:09] [main/DEBUG] (FabricLoader/Knot) Adding C:\Users\HP\.gradle\caches\modules-2\files-2.1\org.jetbrains\annotations\24.1.0\7af6a669488450c4a07c2c3254e2151df42d7d04\annotations-24.1.0.jar to classpath.
[18:50:09] [main/DEBUG] (FabricLoader/Knot) Adding C:\Users\HP\.gradle\caches\modules-2\files-2.1\com.electronwill.night-config\toml\3.7.1\8f84d2098b30514829fc8432471763e96ecabdbe\toml-3.7.1.jar to classpath.
[18:50:09] [main/DEBUG] (FabricLoader/Knot) Adding C:\Users\HP\.gradle\caches\modules-2\files-2.1\com.electronwill.night-config\core\3.7.1\c3d7c4c5a83c2c33b84c045b1e4958554c4fdd9f\core-3.7.1.jar to classpath.
[18:50:09] [main/DEBUG] (FabricLoader/Knot) Adding C:\Users\HP\.gradle\caches\modules-2\files-2.1\org.javassist\javassist\3.29.2-GA\6c32028609e5dd4a1b78e10fbcd122b09b3928b1\javassist-3.29.2-GA.jar to classpath.
[18:50:09] [main/DEBUG] (FabricLoader/Knot) Adding C:\Users\HP\.gradle\caches\modules-2\files-2.1\org.reflections\reflections\0.10.2\b638d7ca0e0fe0146b60a0e7ba232ad852a73b31\reflections-0.10.2.jar to classpath.
[18:50:09] [main/DEBUG] (FabricLoader/Knot) Adding C:\Users\HP\.gradle\caches\modules-2\files-2.1\mezz.jei\jei-1.21.1-common\19.27.0.340\8c65bb70f5136d969b8e6e97350f2fe016e61535\jei-1.21.1-common-19.27.0.340.jar to classpath.
[18:50:09] [main/DEBUG] (FabricLoader/Knot) Adding C:\Users\HP\.gradle\caches\modules-2\files-2.1\mezz.jei\jei-1.21.1-core\19.27.0.340\b5c4cbb06061ae8c444c7a5694c9c85efcdefe7a\jei-1.21.1-core-19.27.0.340.jar to classpath.
[18:50:09] [main/DEBUG] (FabricLoader/Knot) Adding C:\Users\HP\.gradle\caches\modules-2\files-2.1\mezz.jei\jei-1.21.1-lib\19.27.0.340\24953dd83f76cb0e0062982bb5f7301deb78e33c\jei-1.21.1-lib-19.27.0.340.jar to classpath.
[18:50:09] [main/DEBUG] (FabricLoader/Knot) Adding C:\Users\HP\.gradle\caches\modules-2\files-2.1\mezz.jei\jei-1.21.1-gui\19.27.0.340\4fd0870a1044169400448e9b6e6be5dbeb9d7034\jei-1.21.1-gui-19.27.0.340.jar to classpath.
[18:50:09] [main/DEBUG] (FabricLoader/Knot) Adding C:\Users\HP\IdeaProjects\BetterDeco-Muliloader\.gradle\loom-cache\remapped_mods\remapped\com\mrcrayfish\framework-fabric-8f637a66\1.21.1-0.13.18\framework-fabric-8f637a66-1.21.1-0.13.18.jar to classpath.
[18:50:09] [main/DEBUG] (FabricLoader/Knot) Adding C:\Users\HP\IdeaProjects\BetterDeco-Muliloader\.gradle\loom-cache\remapped_mods\remapped\net\tearpelato\deco_lib-fabric-1.21.1-8f637a66\1.1.0\deco_lib-fabric-1.21.1-8f637a66-1.1.0.jar to classpath.
[18:50:09] [main/DEBUG] (FabricLoader/Knot) Adding C:\Users\HP\IdeaProjects\BetterDeco-Muliloader\.gradle\loom-cache\remapped_mods\remapped\net\fabricmc\fabric-api\fabric-api-8f637a66\0.116.10+1.21.1\fabric-api-8f637a66-0.116.10+1.21.1.jar to classpath.
[18:50:09] [main/DEBUG] (FabricLoader/Knot) Adding C:\Users\HP\IdeaProjects\BetterDeco-Muliloader\.gradle\loom-cache\remapped_mods\remapped\curse\maven\menulogue-682371-8f637a66\5705587\menulogue-682371-8f637a66-5705587.jar to classpath.
[18:50:09] [main/DEBUG] (FabricLoader/Knot) Adding C:\Users\HP\IdeaProjects\BetterDeco-Muliloader\.gradle\loom-cache\remapped_mods\remapped\curse\maven\configured-457570-8f637a66\7276575\configured-457570-8f637a66-7276575.jar to classpath.
[18:50:09] [main/DEBUG] (FabricLoader/Knot) Adding C:\Users\HP\IdeaProjects\BetterDeco-Muliloader\.gradle\loom-cache\remapped_mods\remapped\curse\maven\catalogue-459701-8f637a66\6926812\catalogue-459701-8f637a66-6926812.jar to classpath.
[18:50:09] [main/DEBUG] (FabricLoader/Knot) Adding C:\Users\HP\IdeaProjects\BetterDeco-Muliloader\.gradle\loom-cache\remapped_mods\remapped\curse\maven\every-compat-628539-8f637a66\8017076\every-compat-628539-8f637a66-8017076.jar to classpath.
[18:50:09] [main/DEBUG] (FabricLoader/Knot) Adding C:\Users\HP\IdeaProjects\BetterDeco-Muliloader\.gradle\loom-cache\remapped_mods\remapped\curse\maven\selene-499980-8f637a66\8065894\selene-499980-8f637a66-8065894.jar to classpath.
[18:50:09] [main/DEBUG] (FabricLoader/Knot) Adding C:\Users\HP\IdeaProjects\BetterDeco-Muliloader\.gradle\loom-cache\remapped_mods\remapped\curse\maven\terrablender-fabric-565956-8f637a66\6054948\terrablender-fabric-565956-8f637a66-6054948.jar to classpath.
[18:50:09] [main/DEBUG] (FabricLoader/Knot) Adding C:\Users\HP\IdeaProjects\BetterDeco-Muliloader\.gradle\loom-cache\remapped_mods\remapped\curse\maven\natures-spirit-1044992-8f637a66\6962791\natures-spirit-1044992-8f637a66-6962791.jar to classpath.
[18:50:09] [main/DEBUG] (FabricLoader/Knot) Adding C:\Users\HP\IdeaProjects\BetterDeco-Muliloader\.gradle\loom-cache\remapped_mods\remapped\net\fabricmc\fabric-api\fabric-transfer-api-v1-8f637a66\5.4.4+7b3d111d19\fabric-transfer-api-v1-8f637a66-5.4.4+7b3d111d19.jar to classpath.
[18:50:09] [main/DEBUG] (FabricLoader/Knot) Adding C:\Users\HP\IdeaProjects\BetterDeco-Muliloader\.gradle\loom-cache\remapped_mods\remapped\net\fabricmc\fabric-api\fabric-api-lookup-api-v1-8f637a66\1.6.72+7b3d111d19\fabric-api-lookup-api-v1-8f637a66-1.6.72+7b3d111d19.jar to classpath.
[18:50:09] [main/DEBUG] (FabricLoader/Knot) Adding C:\Users\HP\IdeaProjects\BetterDeco-Muliloader\.gradle\loom-cache\remapped_mods\remapped\net\fabricmc\fabric-api\fabric-blockrenderlayer-v1-8f637a66\1.1.52+0af3f5a719\fabric-blockrenderlayer-v1-8f637a66-1.1.52+0af3f5a719.jar to classpath.
[18:50:09] [main/DEBUG] (FabricLoader/Knot) Adding C:\Users\HP\IdeaProjects\BetterDeco-Muliloader\.gradle\loom-cache\remapped_mods\remapped\net\fabricmc\fabric-api\fabric-client-tags-api-v1-8f637a66\1.1.15+6573ed8c19\fabric-client-tags-api-v1-8f637a66-1.1.15+6573ed8c19.jar to classpath.
[18:50:09] [main/DEBUG] (FabricLoader/Knot) Adding C:\Users\HP\IdeaProjects\BetterDeco-Muliloader\.gradle\loom-cache\remapped_mods\remapped\net\fabricmc\fabric-api\fabric-command-api-v1-8f637a66\1.2.49+f71b366f19\fabric-command-api-v1-8f637a66-1.2.49+f71b366f19.jar to classpath.
[18:50:09] [main/DEBUG] (FabricLoader/Knot) Adding C:\Users\HP\IdeaProjects\BetterDeco-Muliloader\.gradle\loom-cache\remapped_mods\remapped\net\fabricmc\fabric-api\fabric-commands-v0-8f637a66\0.2.66+df3654b319\fabric-commands-v0-8f637a66-0.2.66+df3654b319.jar to classpath.
[18:50:09] [main/DEBUG] (FabricLoader/Knot) Adding C:\Users\HP\IdeaProjects\BetterDeco-Muliloader\.gradle\loom-cache\remapped_mods\remapped\net\fabricmc\fabric-api\fabric-command-api-v2-8f637a66\2.2.28+6ced4dd919\fabric-command-api-v2-8f637a66-2.2.28+6ced4dd919.jar to classpath.
[18:50:09] [main/DEBUG] (FabricLoader/Knot) Adding C:\Users\HP\IdeaProjects\BetterDeco-Muliloader\.gradle\loom-cache\remapped_mods\remapped\net\fabricmc\fabric-api\fabric-content-registries-v0-8f637a66\8.0.19+b559734419\fabric-content-registries-v0-8f637a66-8.0.19+b559734419.jar to classpath.
[18:50:09] [main/DEBUG] (FabricLoader/Knot) Adding C:\Users\HP\IdeaProjects\BetterDeco-Muliloader\.gradle\loom-cache\remapped_mods\remapped\net\fabricmc\fabric-api\fabric-data-generation-api-v1-8f637a66\20.2.36+37516cd619\fabric-data-generation-api-v1-8f637a66-20.2.36+37516cd619.jar to classpath.
[18:50:09] [main/DEBUG] (FabricLoader/Knot) Adding C:\Users\HP\IdeaProjects\BetterDeco-Muliloader\.gradle\loom-cache\remapped_mods\remapped\net\fabricmc\fabric-api\fabric-convention-tags-v1-8f637a66\2.1.7+7f945d5b19\fabric-convention-tags-v1-8f637a66-2.1.7+7f945d5b19.jar to classpath.
[18:50:09] [main/DEBUG] (FabricLoader/Knot) Adding C:\Users\HP\IdeaProjects\BetterDeco-Muliloader\.gradle\loom-cache\remapped_mods\remapped\net\fabricmc\fabric-api\fabric-convention-tags-v2-8f637a66\2.12.0+c3656daa19\fabric-convention-tags-v2-8f637a66-2.12.0+c3656daa19.jar to classpath.
[18:50:09] [main/DEBUG] (FabricLoader/Knot) Adding C:\Users\HP\IdeaProjects\BetterDeco-Muliloader\.gradle\loom-cache\remapped_mods\remapped\net\fabricmc\fabric-api\fabric-data-attachment-api-v1-8f637a66\1.4.6+5b36e0f719\fabric-data-attachment-api-v1-8f637a66-1.4.6+5b36e0f719.jar to classpath.
[18:50:09] [main/DEBUG] (FabricLoader/Knot) Adding C:\Users\HP\IdeaProjects\BetterDeco-Muliloader\.gradle\loom-cache\remapped_mods\remapped\net\fabricmc\fabric-api\fabric-entity-events-v1-8f637a66\1.8.0+2b27e0a419\fabric-entity-events-v1-8f637a66-1.8.0+2b27e0a419.jar to classpath.
[18:50:09] [main/DEBUG] (FabricLoader/Knot) Adding C:\Users\HP\IdeaProjects\BetterDeco-Muliloader\.gradle\loom-cache\remapped_mods\remapped\net\fabricmc\fabric-api\fabric-events-interaction-v0-8f637a66\0.7.13+ba9dae0619\fabric-events-interaction-v0-8f637a66-0.7.13+ba9dae0619.jar to classpath.
[18:50:09] [main/DEBUG] (FabricLoader/Knot) Adding C:\Users\HP\IdeaProjects\BetterDeco-Muliloader\.gradle\loom-cache\remapped_mods\remapped\net\fabricmc\fabric-api\fabric-gametest-api-v1-8f637a66\2.0.5+6fc22b9919\fabric-gametest-api-v1-8f637a66-2.0.5+6fc22b9919.jar to classpath.
[18:50:09] [main/DEBUG] (FabricLoader/Knot) Adding C:\Users\HP\IdeaProjects\BetterDeco-Muliloader\.gradle\loom-cache\remapped_mods\remapped\net\fabricmc\fabric-api\fabric-item-api-v1-8f637a66\11.2.0+3b3cb2e819\fabric-item-api-v1-8f637a66-11.2.0+3b3cb2e819.jar to classpath.
[18:50:09] [main/DEBUG] (FabricLoader/Knot) Adding C:\Users\HP\IdeaProjects\BetterDeco-Muliloader\.gradle\loom-cache\remapped_mods\remapped\net\fabricmc\fabric-api\fabric-item-group-api-v1-8f637a66\4.1.7+def88e3a19\fabric-item-group-api-v1-8f637a66-4.1.7+def88e3a19.jar to classpath.
[18:50:09] [main/DEBUG] (FabricLoader/Knot) Adding C:\Users\HP\IdeaProjects\BetterDeco-Muliloader\.gradle\loom-cache\remapped_mods\remapped\net\fabricmc\fabric-api\fabric-lifecycle-events-v1-8f637a66\2.6.0+0865547519\fabric-lifecycle-events-v1-8f637a66-2.6.0+0865547519.jar to classpath.
[18:50:09] [main/DEBUG] (FabricLoader/Knot) Adding C:\Users\HP\IdeaProjects\BetterDeco-Muliloader\.gradle\loom-cache\remapped_mods\remapped\net\fabricmc\fabric-api\fabric-loot-api-v2-8f637a66\3.0.15+3f89f5a519\fabric-loot-api-v2-8f637a66-3.0.15+3f89f5a519.jar to classpath.
[18:50:09] [main/DEBUG] (FabricLoader/Knot) Adding C:\Users\HP\IdeaProjects\BetterDeco-Muliloader\.gradle\loom-cache\remapped_mods\remapped\net\fabricmc\fabric-api\fabric-loot-api-v3-8f637a66\1.0.3+3f89f5a519\fabric-loot-api-v3-8f637a66-1.0.3+3f89f5a519.jar to classpath.
[18:50:09] [main/DEBUG] (FabricLoader/Knot) Adding C:\Users\HP\IdeaProjects\BetterDeco-Muliloader\.gradle\loom-cache\remapped_mods\remapped\net\fabricmc\fabric-api\fabric-message-api-v1-8f637a66\6.0.14+8aaf3aca19\fabric-message-api-v1-8f637a66-6.0.14+8aaf3aca19.jar to classpath.
[18:50:09] [main/DEBUG] (FabricLoader/Knot) Adding C:\Users\HP\IdeaProjects\BetterDeco-Muliloader\.gradle\loom-cache\remapped_mods\remapped\net\fabricmc\fabric-api\fabric-model-loading-api-v1-8f637a66\2.1.0+b4d813fc19\fabric-model-loading-api-v1-8f637a66-2.1.0+b4d813fc19.jar to classpath.
[18:50:09] [main/DEBUG] (FabricLoader/Knot) Adding C:\Users\HP\IdeaProjects\BetterDeco-Muliloader\.gradle\loom-cache\remapped_mods\remapped\net\fabricmc\fabric-api\fabric-recipe-api-v1-8f637a66\5.0.15+2475392c19\fabric-recipe-api-v1-8f637a66-5.0.15+2475392c19.jar to classpath.
[18:50:09] [main/DEBUG] (FabricLoader/Knot) Adding C:\Users\HP\IdeaProjects\BetterDeco-Muliloader\.gradle\loom-cache\remapped_mods\remapped\net\fabricmc\fabric-api\fabric-screen-handler-api-v1-8f637a66\1.3.90+b559734419\fabric-screen-handler-api-v1-8f637a66-1.3.90+b559734419.jar to classpath.
[18:50:09] [main/DEBUG] (FabricLoader/Knot) Adding C:\Users\HP\IdeaProjects\BetterDeco-Muliloader\.gradle\loom-cache\remapped_mods\remapped\net\fabricmc\fabric-api\fabric-registry-sync-v0-8f637a66\5.3.1+e3eddc2119\fabric-registry-sync-v0-8f637a66-5.3.1+e3eddc2119.jar to classpath.
[18:50:09] [main/DEBUG] (FabricLoader/Knot) Adding C:\Users\HP\IdeaProjects\BetterDeco-Muliloader\.gradle\loom-cache\remapped_mods\remapped\net\fabricmc\fabric-api\fabric-networking-api-v1-8f637a66\4.3.0+c7469b2119\fabric-networking-api-v1-8f637a66-4.3.0+c7469b2119.jar to classpath.
[18:50:09] [main/DEBUG] (FabricLoader/Knot) Adding C:\Users\HP\IdeaProjects\BetterDeco-Muliloader\.gradle\loom-cache\remapped_mods\remapped\net\fabricmc\fabric-api\fabric-object-builder-api-v1-8f637a66\15.2.1+40875a9319\fabric-object-builder-api-v1-8f637a66-15.2.1+40875a9319.jar to classpath.
[18:50:09] [main/DEBUG] (FabricLoader/Knot) Adding C:\Users\HP\IdeaProjects\BetterDeco-Muliloader\.gradle\loom-cache\remapped_mods\remapped\net\fabricmc\fabric-api\fabric-particles-v1-8f637a66\4.0.2+6573ed8c19\fabric-particles-v1-8f637a66-4.0.2+6573ed8c19.jar to classpath.
[18:50:09] [main/DEBUG] (FabricLoader/Knot) Adding C:\Users\HP\IdeaProjects\BetterDeco-Muliloader\.gradle\loom-cache\remapped_mods\remapped\net\fabricmc\fabric-api\fabric-renderer-indigo-8f637a66\1.7.1+c705a49c19\fabric-renderer-indigo-8f637a66-1.7.1+c705a49c19.jar to classpath.
[18:50:09] [main/DEBUG] (FabricLoader/Knot) Adding C:\Users\HP\IdeaProjects\BetterDeco-Muliloader\.gradle\loom-cache\remapped_mods\remapped\net\fabricmc\fabric-api\fabric-renderer-api-v1-8f637a66\3.4.1+b4d813fc19\fabric-renderer-api-v1-8f637a66-3.4.1+b4d813fc19.jar to classpath.
[18:50:09] [main/DEBUG] (FabricLoader/Knot) Adding C:\Users\HP\IdeaProjects\BetterDeco-Muliloader\.gradle\loom-cache\remapped_mods\remapped\net\fabricmc\fabric-api\fabric-rendering-fluids-v1-8f637a66\3.1.6+1daea21519\fabric-rendering-fluids-v1-8f637a66-3.1.6+1daea21519.jar to classpath.
[18:50:09] [main/DEBUG] (FabricLoader/Knot) Adding C:\Users\HP\IdeaProjects\BetterDeco-Muliloader\.gradle\loom-cache\remapped_mods\remapped\net\fabricmc\fabric-api\fabric-renderer-registries-v1-8f637a66\3.2.69+df3654b319\fabric-renderer-registries-v1-8f637a66-3.2.69+df3654b319.jar to classpath.
[18:50:09] [main/DEBUG] (FabricLoader/Knot) Adding C:\Users\HP\IdeaProjects\BetterDeco-Muliloader\.gradle\loom-cache\remapped_mods\remapped\net\fabricmc\fabric-api\fabric-rendering-v0-8f637a66\1.1.72+df3654b319\fabric-rendering-v0-8f637a66-1.1.72+df3654b319.jar to classpath.
[18:50:09] [main/DEBUG] (FabricLoader/Knot) Adding C:\Users\HP\IdeaProjects\BetterDeco-Muliloader\.gradle\loom-cache\remapped_mods\remapped\net\fabricmc\fabric-api\fabric-rendering-v1-8f637a66\5.1.0+ab4c25a019\fabric-rendering-v1-8f637a66-5.1.0+ab4c25a019.jar to classpath.
[18:50:09] [main/DEBUG] (FabricLoader/Knot) Adding C:\Users\HP\IdeaProjects\BetterDeco-Muliloader\.gradle\loom-cache\remapped_mods\remapped\net\fabricmc\fabric-api\fabric-screen-api-v1-8f637a66\2.0.25+8b68f1c719\fabric-screen-api-v1-8f637a66-2.0.25+8b68f1c719.jar to classpath.
[18:50:09] [main/DEBUG] (FabricLoader/Knot) Adding C:\Users\HP\IdeaProjects\BetterDeco-Muliloader\.gradle\loom-cache\remapped_mods\remapped\net\fabricmc\fabric-api\fabric-api-base-8f637a66\0.4.42+6573ed8c19\fabric-api-base-8f637a66-0.4.42+6573ed8c19.jar to classpath.
[18:50:09] [main/DEBUG] (FabricLoader/Knot) Adding C:\Users\HP\IdeaProjects\BetterDeco-Muliloader\.gradle\loom-cache\remapped_mods\remapped\net\fabricmc\fabric-api\fabric-biome-api-v1-8f637a66\13.0.31+d527f9fd19\fabric-biome-api-v1-8f637a66-13.0.31+d527f9fd19.jar to classpath.
[18:50:09] [main/DEBUG] (FabricLoader/Knot) Adding C:\Users\HP\IdeaProjects\BetterDeco-Muliloader\.gradle\loom-cache\remapped_mods\remapped\net\fabricmc\fabric-api\fabric-block-api-v1-8f637a66\1.1.0+0bc3503219\fabric-block-api-v1-8f637a66-1.1.0+0bc3503219.jar to classpath.
[18:50:09] [main/DEBUG] (FabricLoader/Knot) Adding C:\Users\HP\IdeaProjects\BetterDeco-Muliloader\.gradle\loom-cache\remapped_mods\remapped\net\fabricmc\fabric-api\fabric-rendering-data-attachment-v1-8f637a66\0.3.49+73761d2e19\fabric-rendering-data-attachment-v1-8f637a66-0.3.49+73761d2e19.jar to classpath.
[18:50:09] [main/DEBUG] (FabricLoader/Knot) Adding C:\Users\HP\IdeaProjects\BetterDeco-Muliloader\.gradle\loom-cache\remapped_mods\remapped\net\fabricmc\fabric-api\fabric-block-view-api-v2-8f637a66\1.0.11+ebb2264e19\fabric-block-view-api-v2-8f637a66-1.0.11+ebb2264e19.jar to classpath.
[18:50:09] [main/DEBUG] (FabricLoader/Knot) Adding C:\Users\HP\IdeaProjects\BetterDeco-Muliloader\.gradle\loom-cache\remapped_mods\remapped\net\fabricmc\fabric-api\fabric-crash-report-info-v1-8f637a66\0.2.29+0af3f5a719\fabric-crash-report-info-v1-8f637a66-0.2.29+0af3f5a719.jar to classpath.
[18:50:09] [main/DEBUG] (FabricLoader/Knot) Adding C:\Users\HP\IdeaProjects\BetterDeco-Muliloader\.gradle\loom-cache\remapped_mods\remapped\net\fabricmc\fabric-api\fabric-dimensions-v1-8f637a66\4.0.1+65213ef819\fabric-dimensions-v1-8f637a66-4.0.1+65213ef819.jar to classpath.
[18:50:09] [main/DEBUG] (FabricLoader/Knot) Adding C:\Users\HP\IdeaProjects\BetterDeco-Muliloader\.gradle\loom-cache\remapped_mods\remapped\net\fabricmc\fabric-api\fabric-game-rule-api-v1-8f637a66\1.0.53+6ced4dd919\fabric-game-rule-api-v1-8f637a66-1.0.53+6ced4dd919.jar to classpath.
[18:50:09] [main/DEBUG] (FabricLoader/Knot) Adding C:\Users\HP\IdeaProjects\BetterDeco-Muliloader\.gradle\loom-cache\remapped_mods\remapped\net\fabricmc\fabric-api\fabric-keybindings-v0-8f637a66\0.2.45+df3654b319\fabric-keybindings-v0-8f637a66-0.2.45+df3654b319.jar to classpath.
[18:50:09] [main/DEBUG] (FabricLoader/Knot) Adding C:\Users\HP\IdeaProjects\BetterDeco-Muliloader\.gradle\loom-cache\remapped_mods\remapped\net\fabricmc\fabric-api\fabric-key-binding-api-v1-8f637a66\1.0.47+0af3f5a719\fabric-key-binding-api-v1-8f637a66-1.0.47+0af3f5a719.jar to classpath.
[18:50:09] [main/DEBUG] (FabricLoader/Knot) Adding C:\Users\HP\IdeaProjects\BetterDeco-Muliloader\.gradle\loom-cache\remapped_mods\remapped\net\fabricmc\fabric-api\fabric-resource-conditions-api-v1-8f637a66\4.3.0+8dc279b119\fabric-resource-conditions-api-v1-8f637a66-4.3.0+8dc279b119.jar to classpath.
[18:50:09] [main/DEBUG] (FabricLoader/Knot) Adding C:\Users\HP\IdeaProjects\BetterDeco-Muliloader\.gradle\loom-cache\remapped_mods\remapped\net\fabricmc\fabric-api\fabric-resource-loader-v0-8f637a66\1.3.1+5b5275af19\fabric-resource-loader-v0-8f637a66-1.3.1+5b5275af19.jar to classpath.
[18:50:09] [main/DEBUG] (FabricLoader/Knot) Adding C:\Users\HP\IdeaProjects\BetterDeco-Muliloader\.gradle\loom-cache\remapped_mods\remapped\net\fabricmc\fabric-api\fabric-sound-api-v1-8f637a66\1.0.23+6573ed8c19\fabric-sound-api-v1-8f637a66-1.0.23+6573ed8c19.jar to classpath.
[18:50:09] [main/DEBUG] (FabricLoader/Knot) Adding C:\Users\HP\IdeaProjects\BetterDeco-Muliloader\.gradle\loom-cache\remapped_mods\remapped\net\fabricmc\fabric-api\fabric-transitive-access-wideners-v1-8f637a66\6.2.0+45b9699719\fabric-transitive-access-wideners-v1-8f637a66-6.2.0+45b9699719.jar to classpath.
[18:50:09] [main/DEBUG] (FabricLoader/Knot) Adding C:\Users\HP\IdeaProjects\BetterDeco-Muliloader\.gradle\loom-cache\remapped_mods\remapped\mezz\jei\jei-1.21.1-fabric-8f637a66\19.27.0.340\jei-1.21.1-fabric-8f637a66-19.27.0.340.jar to classpath.
[18:50:09] [main/DEBUG] (FabricLoader/Knot) Adding C:\Users\HP\IdeaProjects\BetterDeco-Muliloader\.gradle\loom-cache\remapped_mods\remapped\mezz\jei\jei-1.21.1-common-api-8f637a66\19.27.0.340\jei-1.21.1-common-api-8f637a66-19.27.0.340.jar to classpath.
[18:50:09] [main/DEBUG] (FabricLoader/Knot) Adding C:\Users\HP\IdeaProjects\BetterDeco-Muliloader\.gradle\loom-cache\remapped_mods\remapped\mezz\jei\jei-1.21.1-fabric-api-8f637a66\19.27.0.340\jei-1.21.1-fabric-api-8f637a66-19.27.0.340.jar to classpath.
[18:50:09] [main/DEBUG] (FabricLoader/Knot) Adding C:\Users\HP\IdeaProjects\BetterDeco-Muliloader\.gradle\loom-cache\remapped_mods\remapped\mezz\jei\jei-1.21.1-common-api-intermediary-8f637a66\19.27.0.340\jei-1.21.1-common-api-intermediary-8f637a66-19.27.0.340.jar to classpath.
[18:50:09] [main/DEBUG] (FabricLoader/Entrypoint) No subscribers for entrypoint 'preLaunch'
[18:50:09] [main/DEBUG] (FabricLoader/Mixin) Preparing mixins for MixinEnvironment[DEFAULT]
[18:50:09] [main/DEBUG] (FabricLoader/Mixin) Selecting config better_deco.mixins.json
[18:50:09] [main/WARN] (FabricLoader/Mixin) Reference map 'better_deco.refmap.json' for better_deco.mixins.json could not be read. If this is a development environment you can ignore this message
[18:50:09] [main/DEBUG] (FabricLoader/Mixin) Selecting config terrablender.mixins.json
[18:50:09] [main/DEBUG] (FabricLoader/Mixin) Remapping refMap TerraBlender-fabric-refmap.json using remapper chain
[18:50:09] [main/DEBUG] (FabricLoader/Mixin) Selecting config terrablender_fabric.mixins.json
[18:50:09] [main/DEBUG] (FabricLoader/Mixin) Remapping refMap TerraBlender-fabric-refmap.json using remapper chain
[18:50:09] [main/DEBUG] (FabricLoader/Mixin) Selecting config fabric-key-binding-api-v1.mixins.json
[18:50:09] [main/DEBUG] (FabricLoader/Mixin) Remapping refMap client-fabric-key-binding-api-v1-refmap.json using remapper chain
[18:50:09] [main/DEBUG] (FabricLoader/Mixin) Selecting config fabric-rendering-fluids-v1.mixins.json
[18:50:09] [main/DEBUG] (FabricLoader/Mixin) Remapping refMap client-fabric-rendering-fluids-v1-refmap.json using remapper chain
[18:50:09] [main/DEBUG] (FabricLoader/Mixin) Selecting config fabric-object-builder-v1.mixins.json
[18:50:09] [main/DEBUG] (FabricLoader/Mixin) Remapping refMap fabric-object-builder-api-v1-refmap.json using remapper chain
[18:50:09] [main/DEBUG] (FabricLoader/Mixin) Selecting config fabric-object-builder-v1.client.mixins.json
[18:50:09] [main/DEBUG] (FabricLoader/Mixin) Remapping refMap client-fabric-object-builder-api-v1-refmap.json using remapper chain
[18:50:09] [main/DEBUG] (FabricLoader/Mixin) Selecting config framework.mixins.json
[18:50:09] [main/DEBUG] (FabricLoader/Mixin) Remapping refMap framework-fabric-refmap.json using remapper chain
[18:50:09] [main/DEBUG] (FabricLoader/Mixin) Selecting config fabric-screen-handler-api-v1.mixins.json
[18:50:09] [main/DEBUG] (FabricLoader/Mixin) Remapping refMap fabric-screen-handler-api-v1-refmap.json using remapper chain
[18:50:09] [main/DEBUG] (FabricLoader/Mixin) Selecting config fabric-gametest-api-v1.mixins.json
[18:50:09] [main/DEBUG] (FabricLoader/Mixin) Remapping refMap fabric-gametest-api-v1-refmap.json using remapper chain
[18:50:09] [main/DEBUG] (FabricLoader/Mixin) Selecting config fabric-particles-v1.client.mixins.json
[18:50:09] [main/DEBUG] (FabricLoader/Mixin) Remapping refMap client-fabric-particles-v1-refmap.json using remapper chain
[18:50:09] [main/DEBUG] (FabricLoader/Mixin) Selecting config fabric-networking-api-v1.mixins.json
[18:50:09] [main/DEBUG] (FabricLoader/Mixin) Remapping refMap fabric-networking-api-v1-refmap.json using remapper chain
[18:50:09] [main/DEBUG] (FabricLoader/Mixin) Selecting config fabric-networking-api-v1.client.mixins.json
[18:50:09] [main/DEBUG] (FabricLoader/Mixin) Remapping refMap client-fabric-networking-api-v1-refmap.json using remapper chain
[18:50:09] [main/DEBUG] (FabricLoader/Mixin) Selecting config fabric-crash-report-info-v1.mixins.json
[18:50:09] [main/DEBUG] (FabricLoader/Mixin) Remapping refMap fabric-crash-report-info-v1-refmap.json using remapper chain
[18:50:09] [main/DEBUG] (FabricLoader/Mixin) Selecting config fabric-game-rule-api-v1.mixins.json
[18:50:09] [main/DEBUG] (FabricLoader/Mixin) Remapping refMap fabric-game-rule-api-v1-refmap.json using remapper chain
[18:50:09] [main/DEBUG] (FabricLoader/Mixin) Selecting config fabric-game-rule-api-v1.client.mixins.json
[18:50:09] [main/DEBUG] (FabricLoader/Mixin) Remapping refMap client-fabric-game-rule-api-v1-refmap.json using remapper chain
[18:50:09] [main/DEBUG] (FabricLoader/Mixin) Selecting config everycomp-common.mixins.json
[18:50:09] [main/DEBUG] (FabricLoader/Mixin) Selecting config fabric-dimensions-v1.mixins.json
[18:50:09] [main/DEBUG] (FabricLoader/Mixin) Remapping refMap fabric-dimensions-v1-refmap.json using remapper chain
[18:50:09] [main/DEBUG] (FabricLoader/Mixin) Selecting config fabric-data-generation-api-v1.mixins.json
[18:50:09] [main/DEBUG] (FabricLoader/Mixin) Remapping refMap fabric-data-generation-api-v1-refmap.json using remapper chain
[18:50:09] [main/DEBUG] (FabricLoader/Mixin) Selecting config fabric-data-generation-api-v1.client.mixins.json
[18:50:09] [main/DEBUG] (FabricLoader/Mixin) Remapping refMap client-fabric-data-generation-api-v1-refmap.json using remapper chain
[18:50:09] [main/DEBUG] (FabricLoader/Mixin) Selecting config fabric-blockrenderlayer-v1.mixins.json
[18:50:09] [main/DEBUG] (FabricLoader/Mixin) Remapping refMap client-fabric-blockrenderlayer-v1-refmap.json using remapper chain
[18:50:09] [main/DEBUG] (FabricLoader/Mixin) Selecting config fabric-api-lookup-api-v1.mixins.json
[18:50:09] [main/DEBUG] (FabricLoader/Mixin) Remapping refMap fabric-api-lookup-api-v1-refmap.json using remapper chain
[18:50:09] [main/DEBUG] (FabricLoader/Mixin) Selecting config fabric-transfer-api-v1.mixins.json
[18:50:09] [main/DEBUG] (FabricLoader/Mixin) Remapping refMap fabric-transfer-api-v1-refmap.json using remapper chain
[18:50:09] [main/DEBUG] (FabricLoader/Mixin) Selecting config fabric-biome-api-v1.mixins.json
[18:50:09] [main/DEBUG] (FabricLoader/Mixin) Remapping refMap fabric-biome-api-v1-refmap.json using remapper chain
[18:50:09] [main/DEBUG] (FabricLoader/Mixin) Selecting config fabric-lifecycle-events-v1.mixins.json
[18:50:09] [main/DEBUG] (FabricLoader/Mixin) Remapping refMap fabric-lifecycle-events-v1-refmap.json using remapper chain
[18:50:09] [main/DEBUG] (FabricLoader/Mixin) Selecting config fabric-lifecycle-events-v1.client.mixins.json
[18:50:09] [main/DEBUG] (FabricLoader/Mixin) Remapping refMap client-fabric-lifecycle-events-v1-refmap.json using remapper chain
[18:50:09] [main/DEBUG] (FabricLoader/Mixin) Selecting config fabric-renderer-indigo.mixins.json
[18:50:09] [main/DEBUG] (FabricLoader/Mixin) Remapping refMap client-fabric-renderer-indigo-refmap.json using remapper chain
[18:50:09] [main/DEBUG] (FabricLoader/Mixin) Selecting config configured.fabric.mixins.json
[18:50:09] [main/DEBUG] (FabricLoader/Mixin) Remapping refMap configured.refmap.json using remapper chain
[18:50:09] [main/DEBUG] (FabricLoader/Mixin) Selecting config fabric-renderer-api-v1.mixins.json
[18:50:09] [main/DEBUG] (FabricLoader/Mixin) Remapping refMap client-fabric-renderer-api-v1-refmap.json using remapper chain
[18:50:09] [main/DEBUG] (FabricLoader/Mixin) Selecting config fabric-renderer-api-v1.debughud.mixins.json
[18:50:09] [main/DEBUG] (FabricLoader/Mixin) Remapping refMap client-fabric-renderer-api-v1-refmap.json using remapper chain
[18:50:09] [main/DEBUG] (FabricLoader/Mixin) Selecting config jei.mixins.json
[18:50:09] [main/DEBUG] (FabricLoader/Mixin) Remapping refMap jei-1.21.1-fabric-refmap.json using remapper chain
[18:50:09] [main/DEBUG] (FabricLoader/Mixin) Selecting config fabric-command-api-v2.mixins.json
[18:50:09] [main/DEBUG] (FabricLoader/Mixin) Remapping refMap fabric-command-api-v2-refmap.json using remapper chain
[18:50:09] [main/DEBUG] (FabricLoader/Mixin) Selecting config fabric-command-api-v2.client.mixins.json
[18:50:09] [main/DEBUG] (FabricLoader/Mixin) Remapping refMap client-fabric-command-api-v2-refmap.json using remapper chain
[18:50:09] [main/DEBUG] (FabricLoader/Mixin) Selecting config fabric-loot-api-v3.mixins.json
[18:50:09] [main/DEBUG] (FabricLoader/Mixin) Remapping refMap fabric-loot-api-v3-refmap.json using remapper chain
[18:50:09] [main/DEBUG] (FabricLoader/Mixin) Selecting config fabric-message-api-v1.mixins.json
[18:50:09] [main/DEBUG] (FabricLoader/Mixin) Remapping refMap fabric-message-api-v1-refmap.json using remapper chain
[18:50:09] [main/DEBUG] (FabricLoader/Mixin) Selecting config fabric-message-api-v1.client.mixins.json
[18:50:09] [main/DEBUG] (FabricLoader/Mixin) Remapping refMap client-fabric-message-api-v1-refmap.json using remapper chain
[18:50:09] [main/DEBUG] (FabricLoader/Mixin) Selecting config fabric-data-attachment-api-v1.mixins.json
[18:50:09] [main/DEBUG] (FabricLoader/Mixin) Remapping refMap fabric-data-attachment-api-v1-refmap.json using remapper chain
[18:50:09] [main/DEBUG] (FabricLoader/Mixin) Selecting config fabric-data-attachment-api-v1.client.mixins.json
[18:50:09] [main/DEBUG] (FabricLoader/Mixin) Remapping refMap client-fabric-data-attachment-api-v1-refmap.json using remapper chain
[18:50:09] [main/DEBUG] (FabricLoader/Mixin) Selecting config fabric-resource-loader-v0.mixins.json
[18:50:09] [main/DEBUG] (FabricLoader/Mixin) Remapping refMap fabric-resource-loader-v0-refmap.json using remapper chain
[18:50:09] [main/DEBUG] (FabricLoader/Mixin) Selecting config fabric-resource-loader-v0.client.mixins.json
[18:50:09] [main/DEBUG] (FabricLoader/Mixin) Remapping refMap client-fabric-resource-loader-v0-refmap.json using remapper chain
[18:50:09] [main/DEBUG] (FabricLoader/Mixin) Selecting config moonlight.mixins.json
[18:50:09] [main/DEBUG] (FabricLoader/Mixin) Selecting config moonlight-common.mixins.json
[18:50:09] [main/DEBUG] (FabricLoader/Mixin) Selecting config fabric-screen-api-v1.mixins.json
[18:50:09] [main/DEBUG] (FabricLoader/Mixin) Remapping refMap client-fabric-screen-api-v1-refmap.json using remapper chain
[18:50:09] [main/DEBUG] (FabricLoader/Mixin) Selecting config fabric-registry-sync-v0.mixins.json
[18:50:09] [main/DEBUG] (FabricLoader/Mixin) Remapping refMap fabric-registry-sync-v0-refmap.json using remapper chain
[18:50:09] [main/DEBUG] (FabricLoader/Mixin) Selecting config fabric-registry-sync-v0.client.mixins.json
[18:50:09] [main/DEBUG] (FabricLoader/Mixin) Remapping refMap client-fabric-registry-sync-v0-refmap.json using remapper chain
[18:50:09] [main/DEBUG] (FabricLoader/Mixin) Selecting config fabric-convention-tags-api-v2.mixins.json
[18:50:09] [main/DEBUG] (FabricLoader/Mixin) Remapping refMap fabric-convention-tags-v2-refmap.json using remapper chain
[18:50:09] [main/DEBUG] (FabricLoader/Mixin) Selecting config fabric-resource-conditions-api-v1.mixins.json
[18:50:09] [main/DEBUG] (FabricLoader/Mixin) Remapping refMap fabric-resource-conditions-api-v1-refmap.json using remapper chain
[18:50:09] [main/DEBUG] (FabricLoader/Mixin) Selecting config fabric-block-view-api-v2.mixins.json
[18:50:09] [main/DEBUG] (FabricLoader/Mixin) Remapping refMap fabric-block-view-api-v2-refmap.json using remapper chain
[18:50:09] [main/DEBUG] (FabricLoader/Mixin) Selecting config fabric-block-view-api-v2.client.mixins.json
[18:50:09] [main/DEBUG] (FabricLoader/Mixin) Remapping refMap client-fabric-block-view-api-v2-refmap.json using remapper chain
[18:50:09] [main/DEBUG] (FabricLoader/Mixin) Selecting config fabric-recipe-api-v1.mixins.json
[18:50:09] [main/DEBUG] (FabricLoader/Mixin) Remapping refMap fabric-recipe-api-v1-refmap.json using remapper chain
[18:50:09] [main/DEBUG] (FabricLoader/Mixin) Selecting config fabric-sound-api-v1.mixins.json
[18:50:09] [main/DEBUG] (FabricLoader/Mixin) Remapping refMap client-fabric-sound-api-v1-refmap.json using remapper chain
[18:50:09] [main/DEBUG] (FabricLoader/Mixin) Selecting config fabric-rendering-data-attachment-v1.mixins.json
[18:50:09] [main/DEBUG] (FabricLoader/Mixin) Remapping refMap fabric-rendering-data-attachment-v1-refmap.json using remapper chain
[18:50:09] [main/DEBUG] (FabricLoader/Mixin) Selecting config fabric-rendering-data-attachment-v1.client.mixins.json
[18:50:09] [main/DEBUG] (FabricLoader/Mixin) Remapping refMap client-fabric-rendering-data-attachment-v1-refmap.json using remapper chain
[18:50:09] [main/DEBUG] (FabricLoader/Mixin) Selecting config fabric-events-interaction-v0.mixins.json
[18:50:09] [main/DEBUG] (FabricLoader/Mixin) Remapping refMap fabric-events-interaction-v0-refmap.json using remapper chain
[18:50:09] [main/DEBUG] (FabricLoader/Mixin) Selecting config fabric-events-interaction-v0.client.mixins.json
[18:50:09] [main/DEBUG] (FabricLoader/Mixin) Remapping refMap client-fabric-events-interaction-v0-refmap.json using remapper chain
[18:50:09] [main/DEBUG] (FabricLoader/Mixin) Selecting config fabric-block-api-v1.mixins.json
[18:50:09] [main/DEBUG] (FabricLoader/Mixin) Remapping refMap fabric-block-api-v1-refmap.json using remapper chain
[18:50:09] [main/DEBUG] (FabricLoader/Mixin) Selecting config fabric-item-group-api-v1.mixins.json
[18:50:09] [main/DEBUG] (FabricLoader/Mixin) Remapping refMap fabric-item-group-api-v1-refmap.json using remapper chain
[18:50:09] [main/DEBUG] (FabricLoader/Mixin) Selecting config fabric-item-group-api-v1.client.mixins.json
[18:50:09] [main/DEBUG] (FabricLoader/Mixin) Remapping refMap client-fabric-item-group-api-v1-refmap.json using remapper chain
[18:50:09] [main/DEBUG] (FabricLoader/Mixin) Selecting config naturespirit.mixins.json
[18:50:09] [main/DEBUG] (FabricLoader/Mixin) Remapping refMap naturespirit-refmap.json using remapper chain
[18:50:09] [main/DEBUG] (FabricLoader/Mixin) Selecting config fabric-content-registries-v0.mixins.json
[18:50:09] [main/DEBUG] (FabricLoader/Mixin) Remapping refMap fabric-content-registries-v0-refmap.json using remapper chain
[18:50:09] [main/DEBUG] (FabricLoader/Mixin) Selecting config mixinextras.init.mixins.json
[18:50:09] [main/DEBUG] (FabricLoader/MixinExtras|Service) com.llamalad7.mixinextras.service.MixinExtrasServiceImpl(version=0.5.3) is taking over from null
[18:50:09] [main/DEBUG] (FabricLoader/Mixin) Registering new injector for @Inject with org.spongepowered.asm.mixin.injection.struct.CallbackInjectionInfo
[18:50:09] [main/DEBUG] (FabricLoader/Mixin) Registering new injector for @ModifyArg with org.spongepowered.asm.mixin.injection.struct.ModifyArgInjectionInfo
[18:50:09] [main/DEBUG] (FabricLoader/Mixin) Registering new injector for @ModifyArgs with org.spongepowered.asm.mixin.injection.struct.ModifyArgsInjectionInfo
[18:50:09] [main/DEBUG] (FabricLoader/Mixin) Registering new injector for @Redirect with org.spongepowered.asm.mixin.injection.struct.RedirectInjectionInfo
[18:50:09] [main/DEBUG] (FabricLoader/Mixin) Registering new injector for @ModifyVariable with org.spongepowered.asm.mixin.injection.struct.ModifyVariableInjectionInfo
[18:50:09] [main/DEBUG] (FabricLoader/Mixin) Registering new injector for @ModifyConstant with org.spongepowered.asm.mixin.injection.struct.ModifyConstantInjectionInfo
[18:50:09] [main/DEBUG] (FabricLoader/Mixin) Selecting config fabric-model-loading-api-v1.mixins.json
[18:50:09] [main/DEBUG] (FabricLoader/Mixin) Remapping refMap client-fabric-model-loading-api-v1-refmap.json using remapper chain
[18:50:09] [main/DEBUG] (FabricLoader/Mixin) Selecting config fabric-entity-events-v1.mixins.json
[18:50:09] [main/DEBUG] (FabricLoader/Mixin) Remapping refMap fabric-entity-events-v1-refmap.json using remapper chain
[18:50:09] [main/DEBUG] (FabricLoader/Mixin) Selecting config fabric-entity-events-v1.client.mixins.json
[18:50:09] [main/DEBUG] (FabricLoader/Mixin) Remapping refMap client-fabric-entity-events-v1-refmap.json using remapper chain
[18:50:09] [main/DEBUG] (FabricLoader/Mixin) Selecting config fabric-item-api-v1.mixins.json
[18:50:09] [main/DEBUG] (FabricLoader/Mixin) Remapping refMap fabric-item-api-v1-refmap.json using remapper chain
[18:50:09] [main/DEBUG] (FabricLoader/Mixin) Selecting config fabric-item-api-v1.client.mixins.json
[18:50:09] [main/DEBUG] (FabricLoader/Mixin) Remapping refMap client-fabric-item-api-v1-refmap.json using remapper chain
[18:50:09] [main/DEBUG] (FabricLoader/Mixin) Selecting config fabric-rendering-v1.mixins.json
[18:50:09] [main/DEBUG] (FabricLoader/Mixin) Remapping refMap client-fabric-rendering-v1-refmap.json using remapper chain
[18:50:09] [main/DEBUG] (FabricLoader/Mixin) Selecting config fabric-loot-api-v2.mixins.json
[18:50:09] [main/DEBUG] (FabricLoader/Mixin) Remapping refMap fabric-loot-api-v2-refmap.json using remapper chain
[18:50:09] [main/DEBUG] (FabricLoader/Mixin) Preparing better_deco.mixins.json (3)
[18:50:09] [main/DEBUG] (FabricLoader/Mixin) Preparing terrablender.mixins.json (11)
[18:50:09] [main/DEBUG] (FabricLoader/Mixin) Preparing terrablender_fabric.mixins.json (1)
[18:50:09] [main/DEBUG] (FabricLoader/Mixin) Preparing fabric-key-binding-api-v1.mixins.json (2)
[18:50:09] [main/DEBUG] (FabricLoader/Mixin) Preparing fabric-rendering-fluids-v1.mixins.json (1)
[18:50:09] [main/DEBUG] (FabricLoader/Mixin) Preparing fabric-object-builder-v1.mixins.json (11)
[18:50:09] [main/DEBUG] (FabricLoader/Mixin) Preparing fabric-object-builder-v1.client.mixins.json (5)
[18:50:09] [main/DEBUG] (FabricLoader/Mixin) Preparing framework.mixins.json (16)
[18:50:09] [main/DEBUG] (FabricLoader/Mixin) Preparing fabric-screen-handler-api-v1.mixins.json (2)
[18:50:09] [main/DEBUG] (FabricLoader/Mixin) Preparing fabric-gametest-api-v1.mixins.json (8)
[18:50:09] [main/DEBUG] (FabricLoader/Mixin) Preparing fabric-particles-v1.client.mixins.json (4)
[18:50:09] [main/DEBUG] (FabricLoader/Mixin) Preparing fabric-networking-api-v1.mixins.json (18)
[18:50:09] [main/DEBUG] (FabricLoader/Mixin) Preparing fabric-networking-api-v1.client.mixins.json (9)
[18:50:09] [main/DEBUG] (FabricLoader/Mixin) Preparing fabric-crash-report-info-v1.mixins.json (1)
[18:50:09] [main/DEBUG] (FabricLoader/Mixin) Preparing fabric-game-rule-api-v1.mixins.json (6)
[18:50:09] [main/DEBUG] (FabricLoader/Mixin) Preparing fabric-game-rule-api-v1.client.mixins.json (3)
[18:50:09] [main/DEBUG] (FabricLoader/Mixin) Preparing everycomp-common.mixins.json (1)
[18:50:09] [main/DEBUG] (FabricLoader/Mixin) Preparing fabric-dimensions-v1.mixins.json (4)
[18:50:09] [main/DEBUG] (FabricLoader/Mixin) Preparing fabric-data-generation-api-v1.mixins.json (11)
[18:50:09] [main/DEBUG] (FabricLoader/Mixin) Preparing fabric-data-generation-api-v1.client.mixins.json (1)
[18:50:09] [main/DEBUG] (FabricLoader/Mixin) Preparing fabric-blockrenderlayer-v1.mixins.json (1)
[18:50:09] [main/DEBUG] (FabricLoader/Mixin) Preparing fabric-api-lookup-api-v1.mixins.json (2)
[18:50:09] [main/DEBUG] (FabricLoader/Mixin) Preparing fabric-transfer-api-v1.mixins.json (15)
[18:50:09] [main/DEBUG] (FabricLoader/Mixin) Preparing fabric-biome-api-v1.mixins.json (9)
[18:50:09] [main/DEBUG] (FabricLoader/Mixin) Preparing fabric-lifecycle-events-v1.mixins.json (11)
[18:50:09] [main/DEBUG] (FabricLoader/Mixin) Preparing fabric-lifecycle-events-v1.client.mixins.json (7)
[18:50:09] [main/DEBUG] (FabricLoader/Mixin) Preparing fabric-renderer-indigo.mixins.json (5)
[18:50:09] [main/DEBUG] (FabricLoader/Mixin) Preparing configured.fabric.mixins.json (1)
[18:50:09] [main/DEBUG] (FabricLoader/Mixin) Preparing fabric-renderer-api-v1.mixins.json (4)
[18:50:09] [main/DEBUG] (FabricLoader/Mixin) Preparing fabric-renderer-api-v1.debughud.mixins.json (1)
[18:50:09] [main/DEBUG] (FabricLoader/Mixin) Preparing jei.mixins.json (5)
[18:50:09] [main/DEBUG] (FabricLoader/Mixin) Preparing fabric-command-api-v2.mixins.json (5)
[18:50:09] [main/DEBUG] (FabricLoader/Mixin) Preparing fabric-command-api-v2.client.mixins.json (2)
[18:50:09] [main/DEBUG] (FabricLoader/Mixin) Preparing fabric-loot-api-v3.mixins.json (6)
[18:50:09] [main/DEBUG] (FabricLoader/Mixin) Preparing fabric-message-api-v1.mixins.json (2)
[18:50:09] [main/DEBUG] (FabricLoader/Mixin) Preparing fabric-message-api-v1.client.mixins.json (2)
[18:50:09] [main/DEBUG] (FabricLoader/Mixin) Preparing fabric-data-attachment-api-v1.mixins.json (15)
[18:50:09] [main/DEBUG] (FabricLoader/Mixin) Preparing fabric-data-attachment-api-v1.client.mixins.json (1)
[18:50:09] [main/DEBUG] (FabricLoader/Mixin) Preparing fabric-resource-loader-v0.mixins.json (14)
[18:50:09] [main/DEBUG] (FabricLoader/Mixin) Preparing fabric-resource-loader-v0.client.mixins.json (8)
[18:50:09] [main/DEBUG] (FabricLoader/Mixin) Preparing moonlight.mixins.json (31)
[18:50:09] [main/DEBUG] (FabricLoader/Mixin) Preparing moonlight-common.mixins.json (45)
[18:50:09] [main/DEBUG] (FabricLoader/Mixin) Preparing fabric-screen-api-v1.mixins.json (7)
[18:50:09] [main/DEBUG] (FabricLoader/Mixin) Preparing fabric-registry-sync-v0.mixins.json (15)
[18:50:09] [main/DEBUG] (FabricLoader/Mixin) Preparing fabric-registry-sync-v0.client.mixins.json (6)
[18:50:09] [main/DEBUG] (FabricLoader/Mixin) Preparing fabric-convention-tags-api-v2.mixins.json (1)
[18:50:09] [main/DEBUG] (FabricLoader/Mixin) Preparing fabric-resource-conditions-api-v1.mixins.json (10)
[18:50:09] [main/DEBUG] (FabricLoader/Mixin) Preparing fabric-block-view-api-v2.mixins.json (3)
[18:50:09] [main/DEBUG] (FabricLoader/Mixin) Preparing fabric-block-view-api-v2.client.mixins.json (2)
[18:50:09] [main/DEBUG] (FabricLoader/Mixin) Preparing fabric-recipe-api-v1.mixins.json (4)
[18:50:09] [main/DEBUG] (FabricLoader/Mixin) Preparing fabric-sound-api-v1.mixins.json (2)
[18:50:09] [main/DEBUG] (FabricLoader/Mixin) Preparing fabric-rendering-data-attachment-v1.mixins.json (2)
[18:50:09] [main/DEBUG] (FabricLoader/Mixin) Preparing fabric-rendering-data-attachment-v1.client.mixins.json (1)
[18:50:09] [main/DEBUG] (FabricLoader/Mixin) Preparing fabric-events-interaction-v0.mixins.json (4)
[18:50:09] [main/DEBUG] (FabricLoader/Mixin) Preparing fabric-events-interaction-v0.client.mixins.json (3)
[18:50:09] [main/DEBUG] (FabricLoader/Mixin) Preparing fabric-block-api-v1.mixins.json (5)
[18:50:09] [main/DEBUG] (FabricLoader/Mixin) Preparing fabric-item-group-api-v1.mixins.json (3)
[18:50:09] [main/DEBUG] (FabricLoader/Mixin) Preparing fabric-item-group-api-v1.client.mixins.json (1)
[18:50:09] [main/DEBUG] (FabricLoader/Mixin) Preparing naturespirit.mixins.json (9)
[18:50:09] [main/DEBUG] (FabricLoader/Mixin) Preparing fabric-content-registries-v0.mixins.json (13)
[18:50:09] [main/DEBUG] (FabricLoader/Mixin) Preparing mixinextras.init.mixins.json (0)
[18:50:09] [main/DEBUG] (FabricLoader/Mixin) Preparing fabric-model-loading-api-v1.mixins.json (4)
[18:50:09] [main/DEBUG] (FabricLoader/Mixin) Preparing fabric-entity-events-v1.mixins.json (12)
[18:50:09] [main/DEBUG] (FabricLoader/Mixin) Preparing fabric-entity-events-v1.client.mixins.json (1)
[18:50:09] [main/DEBUG] (FabricLoader/Mixin) Preparing fabric-item-api-v1.mixins.json (16)
[18:50:09] [main/DEBUG] (FabricLoader/Mixin) Preparing fabric-item-api-v1.client.mixins.json (3)
[18:50:09] [main/DEBUG] (FabricLoader/Mixin) Preparing fabric-rendering-v1.mixins.json (20)
[18:50:09] [main/DEBUG] (FabricLoader/Mixin) Preparing fabric-loot-api-v2.mixins.json (2)
[18:50:09] [main/DEBUG] (FabricLoader/Mixin) Inner class net/fabricmc/fabric/mixin/transfer/ChiseledBookshelfBlockEntityMixin$1 in net/fabricmc/fabric/mixin/transfer/ChiseledBookshelfBlockEntityMixin on net/minecraft/world/level/block/entity/ChiseledBookShelfBlockEntity gets unique name net/minecraft/world/level/block/entity/ChiseledBookShelfBlockEntity$Anonymous$94df43618e9d41f2aac961055c3e2e50
[18:50:09] [main/DEBUG] (FabricLoader/Mixin) Inner class net/mehvahdjukaar/moonlight/core/mixins/platform/SelfModFlowingFluidMixin$1 in net/mehvahdjukaar/moonlight/core/mixins/platform/SelfModFlowingFluidMixin on net/mehvahdjukaar/moonlight/api/fluids/ModFlowingFluid gets unique name net/mehvahdjukaar/moonlight/api/fluids/ModFlowingFluid$Anonymous$9521443af1b943309117fd8e2162ad83
[18:50:09] [main/DEBUG] (FabricLoader/Mixin) Inner class net/fabricmc/fabric/mixin/itemgroup/ItemGroupsMixin$1ItemGroupPosition in net/fabricmc/fabric/mixin/itemgroup/ItemGroupsMixin on net/minecraft/world/item/CreativeModeTabs gets unique name net/minecraft/world/item/CreativeModeTabs$1ItemGroupPosition$411d283f0a96489fa7c6213777f5edac
[18:50:09] [main/DEBUG] (FabricLoader/Mixin) Prepared 454 mixins in 0,668 sec (1,5ms avg) (0ms load, 0ms transform, 0ms plugin)
[18:50:10] [main/DEBUG] (io.netty.util.internal.logging.InternalLoggerFactory) Using SLF4J as the default logging framework
[18:50:10] [main/DEBUG] (io.netty.util.ResourceLeakDetector) -Dio.netty.leakDetection.level: simple
[18:50:10] [main/DEBUG] (io.netty.util.ResourceLeakDetector) -Dio.netty.leakDetection.targetRecords: 4
[18:50:10] [main/INFO] (FabricLoader/MixinExtras|Service) Initializing MixinExtras via com.llamalad7.mixinextras.service.MixinExtrasServiceImpl(version=0.5.3).
[18:50:10] [main/DEBUG] (FabricLoader/Mixin) Registering new injector for @SugarWrapper with com.llamalad7.mixinextras.sugar.impl.SugarWrapperInjectionInfo
[18:50:10] [main/DEBUG] (FabricLoader/Mixin) Registering new injector for @FactoryRedirectWrapper with com.llamalad7.mixinextras.wrapper.factory.FactoryRedirectWrapperInjectionInfo
[18:50:10] [main/DEBUG] (FabricLoader/Mixin) Registering new injector for @ExpressionInjectorWrapper with com.llamalad7.mixinextras.expression.impl.wrapper.ExpressionInjectorWrapperInjectionInfo
[18:50:10] [main/DEBUG] (FabricLoader/Mixin) Mixing TaggedChoiceMixin from fabric-dimensions-v1.mixins.json into com.mojang.datafixers.types.templates.TaggedChoice
[18:50:10] [main/DEBUG] (FabricLoader/Mixin) fabric-dimensions-v1.mixins.json:TaggedChoiceMixin from mod fabric-dimensions-v1: Class version 65 required is higher than the class version supported by the current version of Mixin (JAVA_17 supports class version 61)
[18:50:10] [main/DEBUG] (FabricLoader/Mixin) fabric-dimensions-v1.mixins.json:TaggedChoiceMixin from mod fabric-dimensions-v1->@Inject::onApply(Lcom/mojang/datafixers/util/Pair;Lorg/spongepowered/asm/mixin/injection/callback/CallbackInfoReturnable;)V does use it's CallbackInfoReturnable
[18:50:10] [main/DEBUG] (FabricLoader/Mixin) Mixing TaggedChoiceTypeMixin from fabric-dimensions-v1.mixins.json into com.mojang.datafixers.types.templates.TaggedChoice$TaggedChoiceType
[18:50:10] [main/DEBUG] (FabricLoader/Mixin) fabric-dimensions-v1.mixins.json:TaggedChoiceTypeMixin from mod fabric-dimensions-v1: Class version 65 required is higher than the class version supported by the current version of Mixin (JAVA_17 supports class version 61)
[18:50:10] [main/DEBUG] (FabricLoader/Mixin) fabric-dimensions-v1.mixins.json:TaggedChoiceTypeMixin from mod fabric-dimensions-v1->@Inject::onGetCodec(Ljava/lang/Object;Lorg/spongepowered/asm/mixin/injection/callback/CallbackInfoReturnable;)V does use it's CallbackInfoReturnable
[18:50:11] [main/DEBUG] (FabricLoader/Mixin) Mixing Schema2832Mixin from fabric-dimensions-v1.mixins.json into net.minecraft.util.datafix.schemas.V2832
[18:50:11] [main/DEBUG] (FabricLoader/Mixin) fabric-dimensions-v1.mixins.json:Schema2832Mixin from mod fabric-dimensions-v1: Class version 65 required is higher than the class version supported by the current version of Mixin (JAVA_17 supports class version 61)
[18:50:11] [main/DEBUG] (FabricLoader/Mixin) Mixing SystemDetailsMixin from fabric-crash-report-info-v1.mixins.json into net.minecraft.SystemReport
[18:50:11] [main/DEBUG] (FabricLoader/Mixin) fabric-crash-report-info-v1.mixins.json:SystemDetailsMixin from mod fabric-crash-report-info-v1: Class version 65 required is higher than the class version supported by the current version of Mixin (JAVA_17 supports class version 61)
[18:50:11] [main/DEBUG] (FabricLoader/Mixin) Renaming synthetic method lambda$appendMods$1(Lnet/fabricmc/loader/api/ModContainer;)Ljava/lang/String; to md310282$fabric-crash-report-info-v1$lambda$appendMods$1$0 in fabric-crash-report-info-v1.mixins.json:SystemDetailsMixin from mod fabric-crash-report-info-v1
[18:50:11] [main/DEBUG] (FabricLoader/Mixin) Renaming synthetic method lambda$fillSystemDetails$0()Ljava/lang/String; to md310282$fabric-crash-report-info-v1$lambda$fillSystemDetails$0$1 in fabric-crash-report-info-v1.mixins.json:SystemDetailsMixin from mod fabric-crash-report-info-v1
[18:50:11] [main/DEBUG] (FabricLoader/Mixin) fabric-crash-report-info-v1.mixins.json:SystemDetailsMixin from mod fabric-crash-report-info-v1->@Inject::fillSystemDetails(Lorg/spongepowered/asm/mixin/injection/callback/CallbackInfo;)V doesn't use it's CallbackInfo
[18:50:11] [main/DEBUG] (FabricLoader/Mixin) fabric-crash-report-info-v1.mixins.json:SystemDetailsMixin from mod fabric-crash-report-info-v1->@Inject::fillSystemDetails(Lorg/spongepowered/asm/mixin/injection/callback/CallbackInfo;)V has 0 override(s) in child classes
[18:50:11] [main/DEBUG] (FabricLoader/Mixin) fabric-crash-report-info-v1.mixins.json:SystemDetailsMixin from mod fabric-crash-report-info-v1->@Inject::fillSystemDetails(Lorg/spongepowered/asm/mixin/injection/callback/CallbackInfo;)V won't be passed a CallbackInfo as a result
[18:50:11] [Datafixer Bootstrap/INFO] (com.mojang.datafixers.DataFixerBuilder) 226 Datafixer optimizations took 278 milliseconds
[18:50:12] [main/DEBUG] (FabricLoader/Mixin) Mixing BootstrapMixin from fabric-registry-sync-v0.mixins.json into net.minecraft.server.Bootstrap
[18:50:12] [main/DEBUG] (FabricLoader/Mixin) fabric-registry-sync-v0.mixins.json:BootstrapMixin from mod fabric-registry-sync-v0: Class version 65 required is higher than the class version supported by the current version of Mixin (JAVA_17 supports class version 61)
[18:50:12] [main/DEBUG] (FabricLoader/Mixin) Renaming synthetic method lambda$initialize$1(Lnet/minecraft/world/level/material/Fluid;)Ljava/util/Collection; to md310282$fabric-registry-sync-v0$lambda$initialize$1$0 in fabric-registry-sync-v0.mixins.json:BootstrapMixin from mod fabric-registry-sync-v0
[18:50:12] [main/DEBUG] (FabricLoader/Mixin) Renaming synthetic method lambda$initialize$0(Lnet/minecraft/world/level/block/Block;)Ljava/util/Collection; to md310282$fabric-registry-sync-v0$lambda$initialize$0$1 in fabric-registry-sync-v0.mixins.json:BootstrapMixin from mod fabric-registry-sync-v0
[18:50:12] [main/DEBUG] (FabricLoader/Mixin) fabric-registry-sync-v0.mixins.json:BootstrapMixin from mod fabric-registry-sync-v0->@Inject::initialize(Lorg/spongepowered/asm/mixin/injection/callback/CallbackInfo;)V doesn't use it's CallbackInfo
[18:50:12] [main/DEBUG] (FabricLoader/Mixin) Mixing RegistryMixin from moonlight.mixins.json into net.minecraft.core.Registry
[18:50:12] [main/DEBUG] (FabricLoader/Mixin) moonlight.mixins.json:RegistryMixin from mod moonlight: Class version 65 required is higher than the class version supported by the current version of Mixin (JAVA_17 supports class version 61)
[18:50:12] [main/DEBUG] (FabricLoader/Mixin) Mixing RegistryMixin from fabric-registry-sync-v0.mixins.json into net.minecraft.core.Registry
[18:50:12] [main/DEBUG] (FabricLoader/Mixin) fabric-registry-sync-v0.mixins.json:RegistryMixin from mod fabric-registry-sync-v0: Class version 65 required is higher than the class version supported by the current version of Mixin (JAVA_17 supports class version 61)
[18:50:12] [main/DEBUG] (FabricLoader/Mixin) moonlight.mixins.json:RegistryMixin from mod moonlight->@Inject::ml$addHolderDelegate(Lnet/minecraft/core/Holder;Lorg/spongepowered/asm/mixin/injection/callback/CallbackInfoReturnable;)V doesn't use it's CallbackInfoReturnable
[18:50:12] [main/DEBUG] (FabricLoader/Mixin) moonlight.mixins.json:RegistryMixin from mod moonlight->@Inject::ml$addHolderDelegate(Lnet/minecraft/core/Holder;Lorg/spongepowered/asm/mixin/injection/callback/CallbackInfoReturnable;)V has 0 override(s) in child classes
[18:50:12] [main/DEBUG] (FabricLoader/Mixin) moonlight.mixins.json:RegistryMixin from mod moonlight->@Inject::ml$addHolderDelegate(Lnet/minecraft/core/Holder;Lorg/spongepowered/asm/mixin/injection/callback/CallbackInfoReturnable;)V won't be passed a CallbackInfoReturnable as a result
[18:50:12] [main/DEBUG] (FabricLoader/Mixin) Mixing MixinBuiltInRegistries from terrablender.mixins.json into net.minecraft.core.registries.BuiltInRegistries
[18:50:12] [main/DEBUG] (FabricLoader/Mixin) terrablender.mixins.json:MixinBuiltInRegistries from mod terrablender: Class version 65 required is higher than the class version supported by the current version of Mixin (JAVA_17 supports class version 61)
[18:50:12] [main/DEBUG] (FabricLoader/Mixin) Renaming synthetic method lambda$registerSimple$0(Lnet/minecraft/core/registries/BuiltInRegistries$RegistryBootstrap;Lnet/minecraft/core/Registry;)Ljava/lang/Object; to md310282$terrablender$lambda$registerSimple$0$0 in terrablender.mixins.json:MixinBuiltInRegistries from mod terrablender
[18:50:12] [main/DEBUG] (FabricLoader/Mixin) Mixing RegistriesAccessor from fabric-registry-sync-v0.mixins.json into net.minecraft.core.registries.BuiltInRegistries
[18:50:12] [main/DEBUG] (FabricLoader/Mixin) fabric-registry-sync-v0.mixins.json:RegistriesAccessor from mod fabric-registry-sync-v0: Class version 65 required is higher than the class version supported by the current version of Mixin (JAVA_17 supports class version 61)
[18:50:12] [main/DEBUG] (FabricLoader/Mixin) Renaming @Accessor method getROOT()Lnet/minecraft/core/WritableRegistry; to getROOT$fabric-registry-sync-v0_$md$310282$1 in fabric-registry-sync-v0.mixins.json:RegistriesAccessor from mod fabric-registry-sync-v0
[18:50:12] [main/DEBUG] (FabricLoader/Mixin) Mixing RegistriesMixin from fabric-registry-sync-v0.mixins.json into net.minecraft.core.registries.BuiltInRegistries
[18:50:12] [main/DEBUG] (FabricLoader/Mixin) fabric-registry-sync-v0.mixins.json:RegistriesMixin from mod fabric-registry-sync-v0: Class version 65 required is higher than the class version supported by the current version of Mixin (JAVA_17 supports class version 61)
[18:50:12] [main/DEBUG] (FabricLoader/Mixin) Mixing RegistriesMixin from fabric-item-api-v1.mixins.json into net.minecraft.core.registries.BuiltInRegistries
[18:50:12] [main/DEBUG] (FabricLoader/Mixin) fabric-item-api-v1.mixins.json:RegistriesMixin from mod fabric-item-api-v1: Class version 65 required is higher than the class version supported by the current version of Mixin (JAVA_17 supports class version 61)
[18:50:12] [main/DEBUG] (FabricLoader/Mixin) terrablender.mixins.json:MixinBuiltInRegistries from mod terrablender->@Inject::registerSimple(Lnet/minecraft/resources/ResourceKey;Lnet/minecraft/core/registries/BuiltInRegistries$RegistryBootstrap;Lorg/spongepowered/asm/mixin/injection/callback/CallbackInfoReturnable;)V does use it's CallbackInfoReturnable
[18:50:12] [main/DEBUG] (FabricLoader/Mixin) fabric-registry-sync-v0.mixins.json:RegistriesMixin from mod fabric-registry-sync-v0->@Inject::init(Lorg/spongepowered/asm/mixin/injection/callback/CallbackInfo;)V does use it's CallbackInfo
[18:50:12] [main/DEBUG] (FabricLoader/Mixin) fabric-item-api-v1.mixins.json:RegistriesMixin from mod fabric-item-api-v1->@Inject::modifyDefaultItemComponents(Lorg/spongepowered/asm/mixin/injection/callback/CallbackInfo;)V doesn't use it's CallbackInfo
[18:50:12] [main/DEBUG] (FabricLoader/Mixin) Mixing MappedRegistryAccessor from moonlight.mixins.json into net.minecraft.core.MappedRegistry
[18:50:12] [main/DEBUG] (FabricLoader/Mixin) moonlight.mixins.json:MappedRegistryAccessor from mod moonlight: Class version 65 required is higher than the class version supported by the current version of Mixin (JAVA_17 supports class version 61)
[18:50:12] [main/DEBUG] (FabricLoader/Mixin) Mixing SimpleRegistryAccessor from fabric-registry-sync-v0.mixins.json into net.minecraft.core.MappedRegistry
[18:50:12] [main/DEBUG] (FabricLoader/Mixin) fabric-registry-sync-v0.mixins.json:SimpleRegistryAccessor from mod fabric-registry-sync-v0: Class version 65 required is higher than the class version supported by the current version of Mixin (JAVA_17 supports class version 61)
[18:50:12] [main/DEBUG] (FabricLoader/Mixin) Mixing SimpleRegistryMixin from fabric-registry-sync-v0.mixins.json into net.minecraft.core.MappedRegistry
[18:50:12] [main/DEBUG] (FabricLoader/Mixin) fabric-registry-sync-v0.mixins.json:SimpleRegistryMixin from mod fabric-registry-sync-v0: Class version 65 required is higher than the class version supported by the current version of Mixin (JAVA_17 supports class version 61)
[18:50:12] [main/DEBUG] (FabricLoader/Mixin) Renaming synthetic method lambda$init$4([Lnet/fabricmc/fabric/api/event/registry/RegistryIdRemapCallback;)Lnet/fabricmc/fabric/api/event/registry/RegistryIdRemapCallback; to md310282$fabric-registry-sync-v0$lambda$init$4$0 in fabric-registry-sync-v0.mixins.json:SimpleRegistryMixin from mod fabric-registry-sync-v0
[18:50:12] [main/DEBUG] (FabricLoader/Mixin) Renaming synthetic method lambda$init$3([Lnet/fabricmc/fabric/api/event/registry/RegistryIdRemapCallback;Lnet/fabricmc/fabric/api/event/registry/RegistryIdRemapCallback$RemapState;)V to md310282$fabric-registry-sync-v0$lambda$init$3$1 in fabric-registry-sync-v0.mixins.json:SimpleRegistryMixin from mod fabric-registry-sync-v0
[18:50:12] [main/DEBUG] (FabricLoader/Mixin) Renaming synthetic method lambda$init$2(ILnet/minecraft/resources/ResourceLocation;Ljava/lang/Object;)V to md310282$fabric-registry-sync-v0$lambda$init$2$2 in fabric-registry-sync-v0.mixins.json:SimpleRegistryMixin from mod fabric-registry-sync-v0
[18:50:12] [main/DEBUG] (FabricLoader/Mixin) Renaming synthetic method lambda$init$1([Lnet/fabricmc/fabric/api/event/registry/RegistryEntryAddedCallback;)Lnet/fabricmc/fabric/api/event/registry/RegistryEntryAddedCallback; to md310282$fabric-registry-sync-v0$lambda$init$1$3 in fabric-registry-sync-v0.mixins.json:SimpleRegistryMixin from mod fabric-registry-sync-v0
[18:50:12] [main/DEBUG] (FabricLoader/Mixin) Renaming synthetic method lambda$init$0([Lnet/fabricmc/fabric/api/event/registry/RegistryEntryAddedCallback;ILnet/minecraft/resources/ResourceLocation;Ljava/lang/Object;)V to md310282$fabric-registry-sync-v0$lambda$init$0$4 in fabric-registry-sync-v0.mixins.json:SimpleRegistryMixin from mod fabric-registry-sync-v0
[18:50:12] [main/DEBUG] (FabricLoader/Mixin) Renaming @Unique field LOGGERLorg/slf4j/Logger; to fd310282$fabric-registry-sync-v0$LOGGER$0 in fabric-registry-sync-v0.mixins.json:SimpleRegistryMixin from mod fabric-registry-sync-v0
[18:50:12] [main/DEBUG] (FabricLoader/Mixin) fabric-registry-sync-v0.mixins.json:SimpleRegistryMixin from mod fabric-registry-sync-v0->@Inject::init(Lnet/minecraft/resources/ResourceKey;Lcom/mojang/serialization/Lifecycle;ZLorg/spongepowered/asm/mixin/injection/callback/CallbackInfo;)V doesn't use it's CallbackInfo
[18:50:12] [main/DEBUG] (FabricLoader/Mixin) fabric-registry-sync-v0.mixins.json:SimpleRegistryMixin from mod fabric-registry-sync-v0->@Inject::init(Lnet/minecraft/resources/ResourceKey;Lcom/mojang/serialization/Lifecycle;ZLorg/spongepowered/asm/mixin/injection/callback/CallbackInfo;)V has 0 override(s) in child classes
[18:50:12] [main/DEBUG] (FabricLoader/Mixin) fabric-registry-sync-v0.mixins.json:SimpleRegistryMixin from mod fabric-registry-sync-v0->@Inject::init(Lnet/minecraft/resources/ResourceKey;Lcom/mojang/serialization/Lifecycle;ZLorg/spongepowered/asm/mixin/injection/callback/CallbackInfo;)V won't be passed a CallbackInfo as a result
[18:50:12] [main/DEBUG] (FabricLoader/Mixin) fabric-registry-sync-v0.mixins.json:SimpleRegistryMixin from mod fabric-registry-sync-v0->@Inject::set(Lnet/minecraft/resources/ResourceKey;Ljava/lang/Object;Lnet/minecraft/core/RegistrationInfo;Lorg/spongepowered/asm/mixin/injection/callback/CallbackInfoReturnable;)V does use it's CallbackInfoReturnable
[18:50:12] [main/DEBUG] (FabricLoader/Mixin) Mixing RegistryKeysMixin from fabric-registry-sync-v0.mixins.json into net.minecraft.core.registries.Registries
[18:50:12] [main/DEBUG] (FabricLoader/Mixin) fabric-registry-sync-v0.mixins.json:RegistryKeysMixin from mod fabric-registry-sync-v0: Class version 65 required is higher than the class version supported by the current version of Mixin (JAVA_17 supports class version 61)
[18:50:12] [main/DEBUG] (FabricLoader/Mixin) Mixing ArgumentTypesMixin from fabric-gametest-api-v1.mixins.json into net.minecraft.commands.synchronization.ArgumentTypeInfos
[18:50:12] [main/DEBUG] (FabricLoader/Mixin) fabric-gametest-api-v1.mixins.json:ArgumentTypesMixin from mod fabric-gametest-api-v1: Class version 65 required is higher than the class version supported by the current version of Mixin (JAVA_17 supports class version 61)
[18:50:12] [main/DEBUG] (FabricLoader/Mixin) Mixing ArgumentTypesAccessor from fabric-command-api-v2.mixins.json into net.minecraft.commands.synchronization.ArgumentTypeInfos
[18:50:12] [main/DEBUG] (FabricLoader/Mixin) fabric-command-api-v2.mixins.json:ArgumentTypesAccessor from mod fabric-command-api-v2: Class version 65 required is higher than the class version supported by the current version of Mixin (JAVA_17 supports class version 61)
[18:50:12] [main/DEBUG] (FabricLoader/Mixin) Renaming @Accessor method fabric_getClassMap()Ljava/util/Map; to fabric_getClassMap$fabric-command-api-v2_$md$310282$0 in fabric-command-api-v2.mixins.json:ArgumentTypesAccessor from mod fabric-command-api-v2
[18:50:12] [main/DEBUG] (FabricLoader/Mixin) fabric-gametest-api-v1.mixins.json:ArgumentTypesMixin from mod fabric-gametest-api-v1->@Inject::register(Lnet/minecraft/core/Registry;Lorg/spongepowered/asm/mixin/injection/callback/CallbackInfoReturnable;)V doesn't use it's CallbackInfoReturnable
[18:50:12] [main/DEBUG] (FabricLoader/Mixin) Mixing PoiTypeAccessor from moonlight.mixins.json into net.minecraft.world.entity.ai.village.poi.PoiType
[18:50:12] [main/DEBUG] (FabricLoader/Mixin) moonlight.mixins.json:PoiTypeAccessor from mod moonlight: Class version 65 required is higher than the class version supported by the current version of Mixin (JAVA_17 supports class version 61)
[18:50:12] [main/DEBUG] (FabricLoader/Mixin) Mixing ItemGroupsMixin from fabric-item-group-api-v1.mixins.json into net.minecraft.world.item.CreativeModeTabs
[18:50:12] [main/DEBUG] (FabricLoader/Mixin) fabric-item-group-api-v1.mixins.json:ItemGroupsMixin from mod fabric-item-group-api-v1: Class version 65 required is higher than the class version supported by the current version of Mixin (JAVA_17 supports class version 61)
[18:50:12] [main/DEBUG] (FabricLoader/Mixin) Renaming synthetic method lambda$paginateGroups$0(Lnet/minecraft/core/Holder$Reference;Lnet/minecraft/core/Holder$Reference;)I to md310282$fabric-item-group-api-v1$lambda$paginateGroups$0$0 in fabric-item-group-api-v1.mixins.json:ItemGroupsMixin from mod fabric-item-group-api-v1
[18:50:12] [main/DEBUG] (FabricLoader/Mixin) fabric-item-group-api-v1.mixins.json:ItemGroupsMixin from mod fabric-item-group-api-v1->@Inject::deferDuplicateCheck(Lorg/spongepowered/asm/mixin/injection/callback/CallbackInfo;)V does use it's CallbackInfo
[18:50:12] [main/DEBUG] (FabricLoader/Mixin) fabric-item-group-api-v1.mixins.json:ItemGroupsMixin from mod fabric-item-group-api-v1->@Inject::paginateGroups(Lorg/spongepowered/asm/mixin/injection/callback/CallbackInfo;)V doesn't use it's CallbackInfo
[18:50:12] [main/DEBUG] (FabricLoader/Mixin) Mixing ItemGroupAccessor from fabric-item-group-api-v1.mixins.json into net.minecraft.world.item.CreativeModeTab
[18:50:12] [main/DEBUG] (FabricLoader/Mixin) fabric-item-group-api-v1.mixins.json:ItemGroupAccessor from mod fabric-item-group-api-v1: Class version 65 required is higher than the class version supported by the current version of Mixin (JAVA_17 supports class version 61)
[18:50:12] [main/DEBUG] (FabricLoader/Mixin) Mixing ItemGroupMixin from fabric-item-group-api-v1.mixins.json into net.minecraft.world.item.CreativeModeTab
[18:50:12] [main/DEBUG] (FabricLoader/Mixin) fabric-item-group-api-v1.mixins.json:ItemGroupMixin from mod fabric-item-group-api-v1: Class version 65 required is higher than the class version supported by the current version of Mixin (JAVA_17 supports class version 61)
[18:50:12] [main/DEBUG] (FabricLoader/Mixin) Renaming synthetic method lambda$getStacks$0(Lnet/minecraft/world/item/CreativeModeTab;)Ljava/lang/IllegalStateException; to md310282$fabric-item-group-api-v1$lambda$getStacks$0$0 in fabric-item-group-api-v1.mixins.json:ItemGroupMixin from mod fabric-item-group-api-v1
[18:50:12] [main/DEBUG] (FabricLoader/Mixin) fabric-item-group-api-v1.mixins.json:ItemGroupMixin from mod fabric-item-group-api-v1->@Inject::getStacks(Lnet/minecraft/world/item/CreativeModeTab$ItemDisplayParameters;Lorg/spongepowered/asm/mixin/injection/callback/CallbackInfo;)V doesn't use it's CallbackInfo
[18:50:12] [main/DEBUG] (FabricLoader/Mixin) fabric-item-group-api-v1.mixins.json:ItemGroupMixin from mod fabric-item-group-api-v1->@Inject::getStacks(Lnet/minecraft/world/item/CreativeModeTab$ItemDisplayParameters;Lorg/spongepowered/asm/mixin/injection/callback/CallbackInfo;)V has 0 override(s) in child classes
[18:50:12] [main/DEBUG] (FabricLoader/Mixin) fabric-item-group-api-v1.mixins.json:ItemGroupMixin from mod fabric-item-group-api-v1->@Inject::getStacks(Lnet/minecraft/world/item/CreativeModeTab$ItemDisplayParameters;Lorg/spongepowered/asm/mixin/injection/callback/CallbackInfo;)V won't be passed a CallbackInfo as a result
[18:50:12] [main/DEBUG] (FabricLoader/Mixin) Mixing FireBlockMixin from moonlight.mixins.json into net.minecraft.world.level.block.FireBlock
[18:50:12] [main/DEBUG] (FabricLoader/Mixin) moonlight.mixins.json:FireBlockMixin from mod moonlight: Class version 65 required is higher than the class version supported by the current version of Mixin (JAVA_17 supports class version 61)
[18:50:12] [main/DEBUG] (FabricLoader/Mixin) Mixing FireBlockMixin from fabric-content-registries-v0.mixins.json into net.minecraft.world.level.block.FireBlock
[18:50:12] [main/DEBUG] (FabricLoader/Mixin) fabric-content-registries-v0.mixins.json:FireBlockMixin from mod fabric-content-registries-v0: Class version 65 required is higher than the class version supported by the current version of Mixin (JAVA_17 supports class version 61)
[18:50:12] [main/DEBUG] (FabricLoader/Mixin) fabric-content-registries-v0.mixins.json:FireBlockMixin from mod fabric-content-registries-v0->@Inject::afterConstruct(Lnet/minecraft/world/level/block/state/BlockBehaviour$Properties;Lorg/spongepowered/asm/mixin/injection/callback/CallbackInfo;)V doesn't use it's CallbackInfo
[18:50:12] [main/DEBUG] (FabricLoader/Mixin) fabric-content-registries-v0.mixins.json:FireBlockMixin from mod fabric-content-registries-v0->@Inject::afterConstruct(Lnet/minecraft/world/level/block/state/BlockBehaviour$Properties;Lorg/spongepowered/asm/mixin/injection/callback/CallbackInfo;)V has 0 override(s) in child classes
[18:50:12] [main/DEBUG] (FabricLoader/Mixin) fabric-content-registries-v0.mixins.json:FireBlockMixin from mod fabric-content-registries-v0->@Inject::afterConstruct(Lnet/minecraft/world/level/block/state/BlockBehaviour$Properties;Lorg/spongepowered/asm/mixin/injection/callback/CallbackInfo;)V won't be passed a CallbackInfo as a result
[18:50:12] [main/DEBUG] (FabricLoader/Mixin) fabric-content-registries-v0.mixins.json:FireBlockMixin from mod fabric-content-registries-v0->@Inject::getFabricBurnChance(Lnet/minecraft/world/level/block/state/BlockState;Lorg/spongepowered/asm/mixin/injection/callback/CallbackInfoReturnable;)V does use it's CallbackInfoReturnable
[18:50:12] [main/DEBUG] (FabricLoader/Mixin) fabric-content-registries-v0.mixins.json:FireBlockMixin from mod fabric-content-registries-v0->@Inject::getFabricSpreadChance(Lnet/minecraft/world/level/block/state/BlockState;Lorg/spongepowered/asm/mixin/injection/callback/CallbackInfoReturnable;)V does use it's CallbackInfoReturnable
[18:50:12] [main/DEBUG] (FabricLoader/Mixin) Mixing BlockMixin from fabric-block-api-v1.mixins.json into net.minecraft.world.level.block.Block
[18:50:12] [main/DEBUG] (FabricLoader/Mixin) fabric-block-api-v1.mixins.json:BlockMixin from mod fabric-block-api-v1: Class version 65 required is higher than the class version supported by the current version of Mixin (JAVA_17 supports class version 61)
[18:50:12] [main/DEBUG] (FabricLoader/Mixin) Mixing AbstractBlockAccessor from fabric-object-builder-v1.mixins.json into net.minecraft.world.level.block.state.BlockBehaviour
[18:50:12] [main/DEBUG] (FabricLoader/Mixin) fabric-object-builder-v1.mixins.json:AbstractBlockAccessor from mod fabric-object-builder-api-v1: Class version 65 required is higher than the class version supported by the current version of Mixin (JAVA_17 supports class version 61)
[18:50:12] [main/DEBUG] (FabricLoader/Mixin) Mixing LootTablesHackMixin from everycomp-common.mixins.json into net.minecraft.world.level.block.state.BlockBehaviour
[18:50:12] [main/DEBUG] (FabricLoader/Mixin) Mixing BlockBehaviorMixin from moonlight-common.mixins.json into net.minecraft.world.level.block.state.BlockBehaviour
[18:50:12] [main/DEBUG] (FabricLoader/Mixin) moonlight-common.mixins.json:BlockBehaviorMixin from mod moonlight: Class version 65 required is higher than the class version supported by the current version of Mixin (JAVA_17 supports class version 61)
[18:50:12] [main/DEBUG] (FabricLoader/Mixin) everycomp-common.mixins.json:LootTablesHackMixin from mod everycomp->@Inject::everyComp$addFastDrops(Lnet/minecraft/world/level/block/state/BlockState;Lnet/minecraft/world/level/storage/loot/LootParams$Builder;Lorg/spongepowered/asm/mixin/injection/callback/CallbackInfoReturnable;)V does use it's CallbackInfoReturnable
[18:50:12] [main/DEBUG] (FabricLoader/Mixin) moonlight-common.mixins.json:BlockBehaviorMixin from mod moonlight->@Inject::moonlight$cleanupOptional(Lnet/minecraft/world/level/block/state/BlockState;Lnet/minecraft/world/level/Level;Lnet/minecraft/core/BlockPos;Lnet/minecraft/world/level/block/state/BlockState;ZLorg/spongepowered/asm/mixin/injection/callback/CallbackInfo;)V doesn't use it's CallbackInfo
[18:50:12] [main/DEBUG] (FabricLoader/Mixin) moonlight-common.mixins.json:BlockBehaviorMixin from mod moonlight->@Inject::moonlight$cleanupOptional(Lnet/minecraft/world/level/block/state/BlockState;Lnet/minecraft/world/level/Level;Lnet/minecraft/core/BlockPos;Lnet/minecraft/world/level/block/state/BlockState;ZLorg/spongepowered/asm/mixin/injection/callback/CallbackInfo;)V has 0 override(s) in child classes
[18:50:12] [main/DEBUG] (FabricLoader/Mixin) moonlight-common.mixins.json:BlockBehaviorMixin from mod moonlight->@Inject::moonlight$cleanupOptional(Lnet/minecraft/world/level/block/state/BlockState;Lnet/minecraft/world/level/Level;Lnet/minecraft/core/BlockPos;Lnet/minecraft/world/level/block/state/BlockState;ZLorg/spongepowered/asm/mixin/injection/callback/CallbackInfo;)V won't be passed a CallbackInfo as a result
[18:50:12] [main/DEBUG] (FabricLoader/Mixin) Mixing BlockViewMixin from fabric-block-view-api-v2.mixins.json into net.minecraft.world.level.BlockGetter
[18:50:12] [main/DEBUG] (FabricLoader/Mixin) fabric-block-view-api-v2.mixins.json:BlockViewMixin from mod fabric-block-view-api-v2: Class version 65 required is higher than the class version supported by the current version of Mixin (JAVA_17 supports class version 61)
[18:50:12] [main/DEBUG] (FabricLoader/Mixin) Mixing EntityMixin from framework.mixins.json into net.minecraft.world.entity.Entity
[18:50:12] [main/DEBUG] (FabricLoader/Mixin) Mixing AttachmentTargetsMixin from fabric-data-attachment-api-v1.mixins.json into net.minecraft.world.entity.Entity
[18:50:12] [main/DEBUG] (FabricLoader/Mixin) fabric-data-attachment-api-v1.mixins.json:AttachmentTargetsMixin from mod fabric-data-attachment-api-v1: Class version 65 required is higher than the class version supported by the current version of Mixin (JAVA_17 supports class version 61)
[18:50:12] [main/DEBUG] (FabricLoader/Mixin) Renaming synthetic method lambda$fabric_readAttachmentsFromNbt$0(Lnet/minecraft/core/HolderLookup$Provider;Lnet/fabricmc/fabric/api/attachment/v1/AttachmentType;Ljava/lang/Object;)V to md310282$fabric-data-attachment-api-v1$lambda$fabric_readAttachmentsFromNbt$0$0 in fabric-data-attachment-api-v1.mixins.json:AttachmentTargetsMixin from mod fabric-data-attachment-api-v1
[18:50:12] [main/DEBUG] (FabricLoader/Mixin) Mixing EntityMixin from fabric-data-attachment-api-v1.mixins.json into net.minecraft.world.entity.Entity
[18:50:12] [main/DEBUG] (FabricLoader/Mixin) fabric-data-attachment-api-v1.mixins.json:EntityMixin from mod fabric-data-attachment-api-v1: Class version 65 required is higher than the class version supported by the current version of Mixin (JAVA_17 supports class version 61)
[18:50:12] [main/DEBUG] (FabricLoader/Mixin) Renaming synthetic method lambda$fabric_syncChange$0(Lnet/fabricmc/fabric/api/attachment/v1/AttachmentSyncPredicate;Lnet/fabricmc/fabric/impl/attachment/sync/s2c/AttachmentSyncPayloadS2C;Lnet/minecraft/server/level/ServerPlayer;)V to md310282$fabric-data-attachment-api-v1$lambda$fabric_syncChange$0$1 in fabric-data-attachment-api-v1.mixins.json:EntityMixin from mod fabric-data-attachment-api-v1
[18:50:12] [main/DEBUG] (FabricLoader/Mixin) Mixing EntityMixin from fabric-entity-events-v1.mixins.json into net.minecraft.world.entity.Entity
[18:50:12] [main/DEBUG] (FabricLoader/Mixin) fabric-entity-events-v1.mixins.json:EntityMixin from mod fabric-entity-events-v1: Class version 65 required is higher than the class version supported by the current version of Mixin (JAVA_17 supports class version 61)
[18:50:12] [main/DEBUG] (FabricLoader/Mixin) framework.mixins.json:EntityMixin from mod framework->@Inject::frameworkOnLoadData(Lnet/minecraft/nbt/CompoundTag;Lorg/spongepowered/asm/mixin/injection/callback/CallbackInfo;)V doesn't use it's CallbackInfo
[18:50:12] [main/DEBUG] (FabricLoader/Mixin) framework.mixins.json:EntityMixin from mod framework->@Inject::frameworkOnLoadData(Lnet/minecraft/nbt/CompoundTag;Lorg/spongepowered/asm/mixin/injection/callback/CallbackInfo;)V has 0 override(s) in child classes
[18:50:12] [main/DEBUG] (FabricLoader/Mixin) framework.mixins.json:EntityMixin from mod framework->@Inject::frameworkOnLoadData(Lnet/minecraft/nbt/CompoundTag;Lorg/spongepowered/asm/mixin/injection/callback/CallbackInfo;)V won't be passed a CallbackInfo as a result
[18:50:12] [main/DEBUG] (FabricLoader/Mixin) framework.mixins.json:EntityMixin from mod framework->@Inject::frameworkOnSaveData(Lnet/minecraft/nbt/CompoundTag;Lorg/spongepowered/asm/mixin/injection/callback/CallbackInfoReturnable;)V doesn't use it's CallbackInfoReturnable
[18:50:12] [main/DEBUG] (FabricLoader/Mixin) framework.mixins.json:EntityMixin from mod framework->@Inject::frameworkOnSaveData(Lnet/minecraft/nbt/CompoundTag;Lorg/spongepowered/asm/mixin/injection/callback/CallbackInfoReturnable;)V has 0 override(s) in child classes
[18:50:12] [main/DEBUG] (FabricLoader/Mixin) framework.mixins.json:EntityMixin from mod framework->@Inject::frameworkOnSaveData(Lnet/minecraft/nbt/CompoundTag;Lorg/spongepowered/asm/mixin/injection/callback/CallbackInfoReturnable;)V won't be passed a CallbackInfoReturnable as a result
[18:50:12] [main/DEBUG] (FabricLoader/Mixin) fabric-data-attachment-api-v1.mixins.json:EntityMixin from mod fabric-data-attachment-api-v1->@Inject::readEntityAttachments(Lnet/minecraft/nbt/CompoundTag;Lorg/spongepowered/asm/mixin/injection/callback/CallbackInfo;)V doesn't use it's CallbackInfo
[18:50:12] [main/DEBUG] (FabricLoader/Mixin) fabric-data-attachment-api-v1.mixins.json:EntityMixin from mod fabric-data-attachment-api-v1->@Inject::readEntityAttachments(Lnet/minecraft/nbt/CompoundTag;Lorg/spongepowered/asm/mixin/injection/callback/CallbackInfo;)V has 0 override(s) in child classes
[18:50:12] [main/DEBUG] (FabricLoader/Mixin) fabric-data-attachment-api-v1.mixins.json:EntityMixin from mod fabric-data-attachment-api-v1->@Inject::readEntityAttachments(Lnet/minecraft/nbt/CompoundTag;Lorg/spongepowered/asm/mixin/injection/callback/CallbackInfo;)V won't be passed a CallbackInfo as a result
[18:50:12] [main/DEBUG] (FabricLoader/Mixin) fabric-data-attachment-api-v1.mixins.json:EntityMixin from mod fabric-data-attachment-api-v1->@Inject::writeEntityAttachments(Lnet/minecraft/nbt/CompoundTag;Lorg/spongepowered/asm/mixin/injection/callback/CallbackInfoReturnable;)V doesn't use it's CallbackInfoReturnable
[18:50:12] [main/DEBUG] (FabricLoader/Mixin) fabric-data-attachment-api-v1.mixins.json:EntityMixin from mod fabric-data-attachment-api-v1->@Inject::writeEntityAttachments(Lnet/minecraft/nbt/CompoundTag;Lorg/spongepowered/asm/mixin/injection/callback/CallbackInfoReturnable;)V has 0 override(s) in child classes
[18:50:12] [main/DEBUG] (FabricLoader/Mixin) fabric-data-attachment-api-v1.mixins.json:EntityMixin from mod fabric-data-attachment-api-v1->@Inject::writeEntityAttachments(Lnet/minecraft/nbt/CompoundTag;Lorg/spongepowered/asm/mixin/injection/callback/CallbackInfoReturnable;)V won't be passed a CallbackInfoReturnable as a result
[18:50:12] [main/DEBUG] (FabricLoader/Mixin) fabric-entity-events-v1.mixins.json:EntityMixin from mod fabric-entity-events-v1->@Inject::afterWorldChanged(Lnet/minecraft/world/level/portal/DimensionTransition;Lorg/spongepowered/asm/mixin/injection/callback/CallbackInfoReturnable;)V does use it's CallbackInfoReturnable
[18:50:12] [main/DEBUG] (FabricLoader/Mixin) fabric-entity-events-v1.mixins.json:EntityMixin from mod fabric-entity-events-v1->@Inject::afterWorldChanged(Lnet/minecraft/world/level/portal/DimensionTransition;Lorg/spongepowered/asm/mixin/injection/callback/CallbackInfoReturnable;)V does use it's CallbackInfoReturnable
[18:50:12] [main/DEBUG] (FabricLoader/Mixin) fabric-entity-events-v1.mixins.json:EntityMixin from mod fabric-entity-events-v1->@Inject::afterEntityTeleportedToWorld(Lnet/minecraft/server/level/ServerLevel;DDDLjava/util/Set;FFLorg/spongepowered/asm/mixin/injection/callback/CallbackInfoReturnable;FLnet/minecraft/world/entity/Entity;)V doesn't use it's CallbackInfoReturnable
[18:50:12] [main/DEBUG] (FabricLoader/Mixin) fabric-entity-events-v1.mixins.json:EntityMixin from mod fabric-entity-events-v1->@Inject::afterEntityTeleportedToWorld(Lnet/minecraft/server/level/ServerLevel;DDDLjava/util/Set;FFLorg/spongepowered/asm/mixin/injection/callback/CallbackInfoReturnable;FLnet/minecraft/world/entity/Entity;)V has 0 override(s) in child classes
[18:50:12] [main/DEBUG] (FabricLoader/Mixin) fabric-entity-events-v1.mixins.json:EntityMixin from mod fabric-entity-events-v1->@Inject::afterEntityTeleportedToWorld(Lnet/minecraft/server/level/ServerLevel;DDDLjava/util/Set;FFLorg/spongepowered/asm/mixin/injection/callback/CallbackInfoReturnable;FLnet/minecraft/world/entity/Entity;)V won't be passed a CallbackInfoReturnable as a result
[18:50:12] [main/DEBUG] (FabricLoader/Mixin) Mixing PlayerMixin from framework.mixins.json into net.minecraft.world.entity.player.Player
[18:50:12] [main/DEBUG] (FabricLoader/Mixin) Mixing PlayerEntityMixin from fabric-entity-events-v1.mixins.json into net.minecraft.world.entity.player.Player
[18:50:12] [main/DEBUG] (FabricLoader/Mixin) fabric-entity-events-v1.mixins.json:PlayerEntityMixin from mod fabric-entity-events-v1: Class version 65 required is higher than the class version supported by the current version of Mixin (JAVA_17 supports class version 61)
[18:50:12] [main/DEBUG] (FabricLoader/Mixin) Mixing elytra.PlayerEntityMixin from fabric-entity-events-v1.mixins.json into net.minecraft.world.entity.player.Player
[18:50:12] [main/DEBUG] (FabricLoader/Mixin) fabric-entity-events-v1.mixins.json:elytra.PlayerEntityMixin from mod fabric-entity-events-v1: Class version 65 required is higher than the class version supported by the current version of Mixin (JAVA_17 supports class version 61)
[18:50:12] [main/DEBUG] (FabricLoader/Mixin) framework.mixins.json:PlayerMixin from mod framework->@Inject::frameworkOnDie(Lnet/minecraft/world/damagesource/DamageSource;Lorg/spongepowered/asm/mixin/injection/callback/CallbackInfo;)V does use it's CallbackInfo
[18:50:12] [main/DEBUG] (FabricLoader/Mixin) framework.mixins.json:PlayerMixin from mod framework->@Inject::frameworkOnPreTick(Lorg/spongepowered/asm/mixin/injection/callback/CallbackInfo;)V doesn't use it's CallbackInfo
[18:50:12] [main/DEBUG] (FabricLoader/Mixin) framework.mixins.json:PlayerMixin from mod framework->@Inject::frameworkOnPreTick(Lorg/spongepowered/asm/mixin/injection/callback/CallbackInfo;)V has 0 override(s) in child classes
[18:50:12] [main/DEBUG] (FabricLoader/Mixin) framework.mixins.json:PlayerMixin from mod framework->@Inject::frameworkOnPreTick(Lorg/spongepowered/asm/mixin/injection/callback/CallbackInfo;)V won't be passed a CallbackInfo as a result
[18:50:12] [main/DEBUG] (FabricLoader/Mixin) framework.mixins.json:PlayerMixin from mod framework->@Inject::frameworkOnPostTick(Lorg/spongepowered/asm/mixin/injection/callback/CallbackInfo;)V doesn't use it's CallbackInfo
[18:50:12] [main/DEBUG] (FabricLoader/Mixin) framework.mixins.json:PlayerMixin from mod framework->@Inject::frameworkOnPostTick(Lorg/spongepowered/asm/mixin/injection/callback/CallbackInfo;)V has 0 override(s) in child classes
[18:50:12] [main/DEBUG] (FabricLoader/Mixin) framework.mixins.json:PlayerMixin from mod framework->@Inject::frameworkOnPostTick(Lorg/spongepowered/asm/mixin/injection/callback/CallbackInfo;)V won't be passed a CallbackInfo as a result
[18:50:12] [main/DEBUG] (FabricLoader/Mixin) fabric-entity-events-v1.mixins.json:PlayerEntityMixin from mod fabric-entity-events-v1->@Inject::onTrySleep(Lnet/minecraft/core/BlockPos;Lorg/spongepowered/asm/mixin/injection/callback/CallbackInfoReturnable;)V does use it's CallbackInfoReturnable
[18:50:12] [main/DEBUG] (FabricLoader/Mixin) fabric-entity-events-v1.mixins.json:PlayerEntityMixin from mod fabric-entity-events-v1->@Inject::onIsSleepingLongEnough(Lorg/spongepowered/asm/mixin/injection/callback/CallbackInfoReturnable;)V does use it's CallbackInfoReturnable
[18:50:12] [main/DEBUG] (FabricLoader/Mixin) fabric-entity-events-v1.mixins.json:elytra.PlayerEntityMixin from mod fabric-entity-events-v1->@Inject::injectElytraCheck(Lorg/spongepowered/asm/mixin/injection/callback/CallbackInfoReturnable;)V does use it's CallbackInfoReturnable
[18:50:12] [main/DEBUG] (FabricLoader/Mixin) Mixing LivingEntityMixin from framework.mixins.json into net.minecraft.world.entity.LivingEntity
[18:50:12] [main/DEBUG] (FabricLoader/Mixin) Mixing LivingEntityMixin from fabric-lifecycle-events-v1.mixins.json into net.minecraft.world.entity.LivingEntity
[18:50:12] [main/DEBUG] (FabricLoader/Mixin) fabric-lifecycle-events-v1.mixins.json:LivingEntityMixin from mod fabric-lifecycle-events-v1: Class version 65 required is higher than the class version supported by the current version of Mixin (JAVA_17 supports class version 61)
[18:50:12] [main/DEBUG] (FabricLoader/Mixin) Mixing LivingEntityMixin from fabric-block-api-v1.mixins.json into net.minecraft.world.entity.LivingEntity
[18:50:12] [main/DEBUG] (FabricLoader/Mixin) fabric-block-api-v1.mixins.json:LivingEntityMixin from mod fabric-block-api-v1: Class version 65 required is higher than the class version supported by the current version of Mixin (JAVA_17 supports class version 61)
[18:50:12] [main/DEBUG] (FabricLoader/Mixin) Mixing LivingEntityMixin from fabric-entity-events-v1.mixins.json into net.minecraft.world.entity.LivingEntity
[18:50:12] [main/DEBUG] (FabricLoader/Mixin) fabric-entity-events-v1.mixins.json:LivingEntityMixin from mod fabric-entity-events-v1: Class version 65 required is higher than the class version supported by the current version of Mixin (JAVA_17 supports class version 61)
[18:50:12] [main/DEBUG] (FabricLoader/Mixin) Mixing elytra.LivingEntityMixin from fabric-entity-events-v1.mixins.json into net.minecraft.world.entity.LivingEntity
[18:50:12] [main/DEBUG] (FabricLoader/Mixin) fabric-entity-events-v1.mixins.json:elytra.LivingEntityMixin from mod fabric-entity-events-v1: Class version 65 required is higher than the class version supported by the current version of Mixin (JAVA_17 supports class version 61)
[18:50:12] [main/DEBUG] (FabricLoader/Mixin) Mixing LivingEntityMixin from fabric-item-api-v1.mixins.json into net.minecraft.world.entity.LivingEntity
[18:50:12] [main/DEBUG] (FabricLoader/Mixin) fabric-item-api-v1.mixins.json:LivingEntityMixin from mod fabric-item-api-v1: Class version 65 required is higher than the class version supported by the current version of Mixin (JAVA_17 supports class version 61)
[18:50:12] [main/DEBUG] (FabricLoader/Mixin) framework.mixins.json:LivingEntityMixin from mod framework->@Inject::frameworkOnPreTick(Lorg/spongepowered/asm/mixin/injection/callback/CallbackInfo;)V doesn't use it's CallbackInfo
[18:50:12] [main/DEBUG] (FabricLoader/Mixin) framework.mixins.json:LivingEntityMixin from mod framework->@Inject::frameworkOnPreTick(Lorg/spongepowered/asm/mixin/injection/callback/CallbackInfo;)V has 0 override(s) in child classes
[18:50:12] [main/DEBUG] (FabricLoader/Mixin) framework.mixins.json:LivingEntityMixin from mod framework->@Inject::frameworkOnPreTick(Lorg/spongepowered/asm/mixin/injection/callback/CallbackInfo;)V won't be passed a CallbackInfo as a result
[18:50:12] [main/DEBUG] (FabricLoader/Mixin) fabric-lifecycle-events-v1.mixins.json:LivingEntityMixin from mod fabric-lifecycle-events-v1->@Inject::getEquipmentChanges(Lorg/spongepowered/asm/mixin/injection/callback/CallbackInfoReturnable;Ljava/util/Map;[Lnet/minecraft/world/entity/EquipmentSlot;IILnet/minecraft/world/entity/EquipmentSlot;Lnet/minecraft/world/item/ItemStack;Lnet/minecraft/world/item/ItemStack;)V doesn't use it's CallbackInfoReturnable
[18:50:12] [main/DEBUG] (FabricLoader/Mixin) fabric-lifecycle-events-v1.mixins.json:LivingEntityMixin from mod fabric-lifecycle-events-v1->@Inject::getEquipmentChanges(Lorg/spongepowered/asm/mixin/injection/callback/CallbackInfoReturnable;Ljava/util/Map;[Lnet/minecraft/world/entity/EquipmentSlot;IILnet/minecraft/world/entity/EquipmentSlot;Lnet/minecraft/world/item/ItemStack;Lnet/minecraft/world/item/ItemStack;)V has 0 override(s) in child classes
[18:50:12] [main/DEBUG] (FabricLoader/Mixin) fabric-lifecycle-events-v1.mixins.json:LivingEntityMixin from mod fabric-lifecycle-events-v1->@Inject::getEquipmentChanges(Lorg/spongepowered/asm/mixin/injection/callback/CallbackInfoReturnable;Ljava/util/Map;[Lnet/minecraft/world/entity/EquipmentSlot;IILnet/minecraft/world/entity/EquipmentSlot;Lnet/minecraft/world/item/ItemStack;Lnet/minecraft/world/item/ItemStack;)V won't be passed a CallbackInfoReturnable as a result
[18:50:12] [main/DEBUG] (FabricLoader/Mixin) fabric-block-api-v1.mixins.json:LivingEntityMixin from mod fabric-block-api-v1->@Inject::allowTaggedBlocksForTrapdoorClimbing(Lnet/minecraft/core/BlockPos;Lnet/minecraft/world/level/block/state/BlockState;Lorg/spongepowered/asm/mixin/injection/callback/CallbackInfoReturnable;)V does use it's CallbackInfoReturnable
[18:50:12] [main/DEBUG] (FabricLoader/Mixin) fabric-entity-events-v1.mixins.json:LivingEntityMixin from mod fabric-entity-events-v1->@Inject::notifyDeath(Lnet/minecraft/world/damagesource/DamageSource;Lorg/spongepowered/asm/mixin/injection/callback/CallbackInfo;)V doesn't use it's CallbackInfo
[18:50:12] [main/DEBUG] (FabricLoader/Mixin) fabric-entity-events-v1.mixins.json:LivingEntityMixin from mod fabric-entity-events-v1->@Inject::notifyDeath(Lnet/minecraft/world/damagesource/DamageSource;Lorg/spongepowered/asm/mixin/injection/callback/CallbackInfo;)V has 0 override(s) in child classes
[18:50:12] [main/DEBUG] (FabricLoader/Mixin) fabric-entity-events-v1.mixins.json:LivingEntityMixin from mod fabric-entity-events-v1->@Inject::notifyDeath(Lnet/minecraft/world/damagesource/DamageSource;Lorg/spongepowered/asm/mixin/injection/callback/CallbackInfo;)V won't be passed a CallbackInfo as a result
[18:50:12] [main/DEBUG] (FabricLoader/Mixin) fabric-entity-events-v1.mixins.json:LivingEntityMixin from mod fabric-entity-events-v1->@Inject::beforeDamage(Lnet/minecraft/world/damagesource/DamageSource;FLorg/spongepowered/asm/mixin/injection/callback/CallbackInfoReturnable;)V does use it's CallbackInfoReturnable
[18:50:12] [main/DEBUG] (FabricLoader/Mixin) fabric-entity-events-v1.mixins.json:LivingEntityMixin from mod fabric-entity-events-v1->@Inject::afterDamage(Lnet/minecraft/world/damagesource/DamageSource;FLorg/spongepowered/asm/mixin/injection/callback/CallbackInfoReturnable;FZ)V doesn't use it's CallbackInfoReturnable
[18:50:12] [main/DEBUG] (FabricLoader/Mixin) fabric-entity-events-v1.mixins.json:LivingEntityMixin from mod fabric-entity-events-v1->@Inject::afterDamage(Lnet/minecraft/world/damagesource/DamageSource;FLorg/spongepowered/asm/mixin/injection/callback/CallbackInfoReturnable;FZ)V has 0 override(s) in child classes
[18:50:12] [main/DEBUG] (FabricLoader/Mixin) fabric-entity-events-v1.mixins.json:LivingEntityMixin from mod fabric-entity-events-v1->@Inject::afterDamage(Lnet/minecraft/world/damagesource/DamageSource;FLorg/spongepowered/asm/mixin/injection/callback/CallbackInfoReturnable;FZ)V won't be passed a CallbackInfoReturnable as a result
[18:50:12] [main/DEBUG] (FabricLoader/Mixin) fabric-entity-events-v1.mixins.json:LivingEntityMixin from mod fabric-entity-events-v1->@Inject::onSleep(Lnet/minecraft/core/BlockPos;Lorg/spongepowered/asm/mixin/injection/callback/CallbackInfo;)V doesn't use it's CallbackInfo
[18:50:12] [main/DEBUG] (FabricLoader/Mixin) fabric-entity-events-v1.mixins.json:LivingEntityMixin from mod fabric-entity-events-v1->@Inject::onSleep(Lnet/minecraft/core/BlockPos;Lorg/spongepowered/asm/mixin/injection/callback/CallbackInfo;)V has 0 override(s) in child classes
[18:50:12] [main/DEBUG] (FabricLoader/Mixin) fabric-entity-events-v1.mixins.json:LivingEntityMixin from mod fabric-entity-events-v1->@Inject::onSleep(Lnet/minecraft/core/BlockPos;Lorg/spongepowered/asm/mixin/injection/callback/CallbackInfo;)V won't be passed a CallbackInfo as a result
[18:50:12] [main/DEBUG] (FabricLoader/Mixin) fabric-entity-events-v1.mixins.json:LivingEntityMixin from mod fabric-entity-events-v1->@Inject::onWakeUp(Lorg/spongepowered/asm/mixin/injection/callback/CallbackInfo;)V doesn't use it's CallbackInfo
[18:50:12] [main/DEBUG] (FabricLoader/Mixin) fabric-entity-events-v1.mixins.json:LivingEntityMixin from mod fabric-entity-events-v1->@Inject::onWakeUp(Lorg/spongepowered/asm/mixin/injection/callback/CallbackInfo;)V has 0 override(s) in child classes
[18:50:12] [main/DEBUG] (FabricLoader/Mixin) fabric-entity-events-v1.mixins.json:LivingEntityMixin from mod fabric-entity-events-v1->@Inject::onWakeUp(Lorg/spongepowered/asm/mixin/injection/callback/CallbackInfo;)V won't be passed a CallbackInfo as a result
[18:50:12] [main/DEBUG] (FabricLoader/Mixin) fabric-entity-events-v1.mixins.json:LivingEntityMixin from mod fabric-entity-events-v1->@Inject::onIsSleepingInBed(Lnet/minecraft/core/BlockPos;Lorg/spongepowered/asm/mixin/injection/callback/CallbackInfoReturnable;)V does use it's CallbackInfoReturnable
[18:50:12] [main/DEBUG] (FabricLoader/Mixin) fabric-entity-events-v1.mixins.json:elytra.LivingEntityMixin from mod fabric-entity-events-v1->@Inject::injectElytraTick(Lorg/spongepowered/asm/mixin/injection/callback/CallbackInfo;)V does use it's CallbackInfo
[18:50:12] [main/DEBUG] (FabricLoader/Mixin) fabric-item-api-v1.mixins.json:LivingEntityMixin from mod fabric-item-api-v1->@Inject::onGetPreferredEquipmentSlot(Lnet/minecraft/world/item/ItemStack;Lorg/spongepowered/asm/mixin/injection/callback/CallbackInfoReturnable;)V does use it's CallbackInfoReturnable
[18:50:12] [main/DEBUG] (FabricLoader/Mixin) Mixing WorldMixin from fabric-lifecycle-events-v1.mixins.json into net.minecraft.world.level.Level
[18:50:12] [main/DEBUG] (FabricLoader/Mixin) fabric-lifecycle-events-v1.mixins.json:WorldMixin from mod fabric-lifecycle-events-v1: Class version 65 required is higher than the class version supported by the current version of Mixin (JAVA_17 supports class version 61)
[18:50:12] [main/DEBUG] (FabricLoader/Mixin) Mixing AttachmentTargetsMixin from fabric-data-attachment-api-v1.mixins.json into net.minecraft.world.level.Level
[18:50:12] [main/DEBUG] (FabricLoader/Mixin) fabric-data-attachment-api-v1.mixins.json:AttachmentTargetsMixin from mod fabric-data-attachment-api-v1: Class version 65 required is higher than the class version supported by the current version of Mixin (JAVA_17 supports class version 61)
[18:50:12] [main/DEBUG] (FabricLoader/Mixin) Mixing WorldMixin from fabric-data-attachment-api-v1.mixins.json into net.minecraft.world.level.Level
[18:50:12] [main/DEBUG] (FabricLoader/Mixin) fabric-data-attachment-api-v1.mixins.json:WorldMixin from mod fabric-data-attachment-api-v1: Class version 65 required is higher than the class version supported by the current version of Mixin (JAVA_17 supports class version 61)
[18:50:12] [main/DEBUG] (FabricLoader/Mixin) Mixing WorldViewMixin from fabric-block-view-api-v2.mixins.json into net.minecraft.world.level.LevelReader
[18:50:12] [main/DEBUG] (FabricLoader/Mixin) fabric-block-view-api-v2.mixins.json:WorldViewMixin from mod fabric-block-view-api-v2: Class version 65 required is higher than the class version supported by the current version of Mixin (JAVA_17 supports class version 61)
[18:50:12] [main/DEBUG] (FabricLoader/Mixin) Mixing WorldViewMixin from fabric-rendering-data-attachment-v1.mixins.json into net.minecraft.world.level.LevelReader
[18:50:12] [main/DEBUG] (FabricLoader/Mixin) fabric-rendering-data-attachment-v1.mixins.json:WorldViewMixin from mod fabric-rendering-data-attachment-v1: Class version 65 required is higher than the class version supported by the current version of Mixin (JAVA_17 supports class version 61)
[18:50:12] [main/DEBUG] (FabricLoader/Mixin) Mixing ServerWorldMixin from fabric-api-lookup-api-v1.mixins.json into net.minecraft.server.level.ServerLevel
[18:50:12] [main/DEBUG] (FabricLoader/Mixin) fabric-api-lookup-api-v1.mixins.json:ServerWorldMixin from mod fabric-api-lookup-api-v1: Class version 65 required is higher than the class version supported by the current version of Mixin (JAVA_17 supports class version 61)
[18:50:12] [main/DEBUG] (FabricLoader/Mixin) Renaming synthetic method lambda$fabric_invalidateCache$5(Ljava/util/Map$Entry;)Z to md310282$fabric-api-lookup-api-v1$lambda$fabric_invalidateCache$5$0 in fabric-api-lookup-api-v1.mixins.json:ServerWorldMixin from mod fabric-api-lookup-api-v1
[18:50:12] [main/DEBUG] (FabricLoader/Mixin) Renaming synthetic method lambda$fabric_invalidateCache$4(Ljava/lang/ref/WeakReference;)Z to md310282$fabric-api-lookup-api-v1$lambda$fabric_invalidateCache$4$1 in fabric-api-lookup-api-v1.mixins.json:ServerWorldMixin from mod fabric-api-lookup-api-v1
[18:50:12] [main/DEBUG] (FabricLoader/Mixin) Renaming synthetic method lambda$fabric_invalidateCache$3(Ljava/lang/ref/WeakReference;)V to md310282$fabric-api-lookup-api-v1$lambda$fabric_invalidateCache$3$2 in fabric-api-lookup-api-v1.mixins.json:ServerWorldMixin from mod fabric-api-lookup-api-v1
[18:50:12] [main/DEBUG] (FabricLoader/Mixin) Renaming synthetic method lambda$fabric_invalidateCache$2(Ljava/lang/ref/WeakReference;)Z to md310282$fabric-api-lookup-api-v1$lambda$fabric_invalidateCache$2$3 in fabric-api-lookup-api-v1.mixins.json:ServerWorldMixin from mod fabric-api-lookup-api-v1
[18:50:12] [main/DEBUG] (FabricLoader/Mixin) Renaming synthetic method lambda$fabric_registerCache$1(Ljava/lang/ref/WeakReference;)Z to md310282$fabric-api-lookup-api-v1$lambda$fabric_registerCache$1$4 in fabric-api-lookup-api-v1.mixins.json:ServerWorldMixin from mod fabric-api-lookup-api-v1
[18:50:12] [main/DEBUG] (FabricLoader/Mixin) Renaming synthetic method lambda$fabric_registerCache$0(Lnet/minecraft/core/BlockPos;)Ljava/util/List; to md310282$fabric-api-lookup-api-v1$lambda$fabric_registerCache$0$5 in fabric-api-lookup-api-v1.mixins.json:ServerWorldMixin from mod fabric-api-lookup-api-v1
[18:50:12] [main/DEBUG] (FabricLoader/Mixin) Mixing ServerWorldMixin from fabric-lifecycle-events-v1.mixins.json into net.minecraft.server.level.ServerLevel
[18:50:12] [main/DEBUG] (FabricLoader/Mixin) fabric-lifecycle-events-v1.mixins.json:ServerWorldMixin from mod fabric-lifecycle-events-v1: Class version 65 required is higher than the class version supported by the current version of Mixin (JAVA_17 supports class version 61)
[18:50:12] [main/DEBUG] (FabricLoader/Mixin) Mixing ServerWorldMixin from fabric-data-attachment-api-v1.mixins.json into net.minecraft.server.level.ServerLevel
[18:50:12] [main/DEBUG] (FabricLoader/Mixin) fabric-data-attachment-api-v1.mixins.json:ServerWorldMixin from mod fabric-data-attachment-api-v1: Class version 65 required is higher than the class version supported by the current version of Mixin (JAVA_17 supports class version 61)
[18:50:12] [main/DEBUG] (FabricLoader/Mixin) Renaming synthetic method lambda$fabric_syncChange$2(Lnet/fabricmc/fabric/api/attachment/v1/AttachmentType;Lnet/fabricmc/fabric/impl/attachment/sync/s2c/AttachmentSyncPayloadS2C;Lnet/minecraft/server/level/ServerPlayer;)V to md310282$fabric-data-attachment-api-v1$lambda$fabric_syncChange$2$6 in fabric-data-attachment-api-v1.mixins.json:ServerWorldMixin from mod fabric-data-attachment-api-v1
[18:50:12] [main/DEBUG] (FabricLoader/Mixin) Renaming synthetic method lambda$createAttachmentsPersistentState$1(Lnet/minecraft/server/level/ServerLevel;Lnet/minecraft/nbt/CompoundTag;Lnet/minecraft/core/HolderLookup$Provider;)Lnet/fabricmc/fabric/impl/attachment/AttachmentPersistentState; to md310282$fabric-data-attachment-api-v1$lambda$createAttachmentsPersistentState$1$7 in fabric-data-attachment-api-v1.mixins.json:ServerWorldMixin from mod fabric-data-attachment-api-v1
[18:50:12] [main/DEBUG] (FabricLoader/Mixin) Renaming synthetic method lambda$createAttachmentsPersistentState$0(Lnet/minecraft/server/level/ServerLevel;)Lnet/fabricmc/fabric/impl/attachment/AttachmentPersistentState; to md310282$fabric-data-attachment-api-v1$lambda$createAttachmentsPersistentState$0$8 in fabric-data-attachment-api-v1.mixins.json:ServerWorldMixin from mod fabric-data-attachment-api-v1
[18:50:12] [main/DEBUG] (FabricLoader/Mixin) Mixing ServerLevelMixin from moonlight-common.mixins.json into net.minecraft.server.level.ServerLevel
[18:50:12] [main/DEBUG] (FabricLoader/Mixin) moonlight-common.mixins.json:ServerLevelMixin from mod moonlight: Class version 65 required is higher than the class version supported by the current version of Mixin (JAVA_17 supports class version 61)
[18:50:12] [main/DEBUG] (FabricLoader/Mixin) Discarding sythetic bridge method synthetic in getChunk because existing method in moonlight-common.mixins.json:ServerLevelMixin from mod moonlight is compatible
[18:50:12] [main/DEBUG] (FabricLoader/Mixin) fabric-lifecycle-events-v1.mixins.json:ServerWorldMixin from mod fabric-lifecycle-events-v1->@Inject::startWorldTick(Ljava/util/function/BooleanSupplier;Lorg/spongepowered/asm/mixin/injection/callback/CallbackInfo;)V doesn't use it's CallbackInfo
[18:50:12] [main/DEBUG] (FabricLoader/Mixin) fabric-lifecycle-events-v1.mixins.json:ServerWorldMixin from mod fabric-lifecycle-events-v1->@Inject::startWorldTick(Ljava/util/function/BooleanSupplier;Lorg/spongepowered/asm/mixin/injection/callback/CallbackInfo;)V has 0 override(s) in child classes
[18:50:12] [main/DEBUG] (FabricLoader/Mixin) fabric-lifecycle-events-v1.mixins.json:ServerWorldMixin from mod fabric-lifecycle-events-v1->@Inject::startWorldTick(Ljava/util/function/BooleanSupplier;Lorg/spongepowered/asm/mixin/injection/callback/CallbackInfo;)V won't be passed a CallbackInfo as a result
[18:50:12] [main/DEBUG] (FabricLoader/Mixin) fabric-lifecycle-events-v1.mixins.json:ServerWorldMixin from mod fabric-lifecycle-events-v1->@Inject::endWorldTick(Ljava/util/function/BooleanSupplier;Lorg/spongepowered/asm/mixin/injection/callback/CallbackInfo;)V doesn't use it's CallbackInfo
[18:50:12] [main/DEBUG] (FabricLoader/Mixin) fabric-lifecycle-events-v1.mixins.json:ServerWorldMixin from mod fabric-lifecycle-events-v1->@Inject::endWorldTick(Ljava/util/function/BooleanSupplier;Lorg/spongepowered/asm/mixin/injection/callback/CallbackInfo;)V has 0 override(s) in child classes
[18:50:12] [main/DEBUG] (FabricLoader/Mixin) fabric-lifecycle-events-v1.mixins.json:ServerWorldMixin from mod fabric-lifecycle-events-v1->@Inject::endWorldTick(Ljava/util/function/BooleanSupplier;Lorg/spongepowered/asm/mixin/injection/callback/CallbackInfo;)V won't be passed a CallbackInfo as a result
[18:50:12] [main/DEBUG] (FabricLoader/Mixin) fabric-data-attachment-api-v1.mixins.json:ServerWorldMixin from mod fabric-data-attachment-api-v1->@Inject::createAttachmentsPersistentState(Lorg/spongepowered/asm/mixin/injection/callback/CallbackInfo;)V doesn't use it's CallbackInfo
[18:50:12] [main/DEBUG] (FabricLoader/Mixin) fabric-data-attachment-api-v1.mixins.json:ServerWorldMixin from mod fabric-data-attachment-api-v1->@Inject::createAttachmentsPersistentState(Lorg/spongepowered/asm/mixin/injection/callback/CallbackInfo;)V has 0 override(s) in child classes
[18:50:12] [main/DEBUG] (FabricLoader/Mixin) fabric-data-attachment-api-v1.mixins.json:ServerWorldMixin from mod fabric-data-attachment-api-v1->@Inject::createAttachmentsPersistentState(Lorg/spongepowered/asm/mixin/injection/callback/CallbackInfo;)V won't be passed a CallbackInfo as a result
[18:50:12] [main/DEBUG] (FabricLoader/Mixin) Mixing ItemEntityMixin from framework.mixins.json into net.minecraft.world.entity.item.ItemEntity
[18:50:13] [main/DEBUG] (FabricLoader/Mixin) framework.mixins.json:ItemEntityMixin from mod framework->@Inject::frameworkOnPlayerTouch(Lnet/minecraft/world/entity/player/Player;Lorg/spongepowered/asm/mixin/injection/callback/CallbackInfo;)V does use it's CallbackInfo
[18:50:13] [main/DEBUG] (FabricLoader/Mixin) Mixing AbstractBlockSettingsAccessor from fabric-object-builder-v1.mixins.json into net.minecraft.world.level.block.state.BlockBehaviour$Properties
[18:50:13] [main/DEBUG] (FabricLoader/Mixin) fabric-object-builder-v1.mixins.json:AbstractBlockSettingsAccessor from mod fabric-object-builder-api-v1: Class version 65 required is higher than the class version supported by the current version of Mixin (JAVA_17 supports class version 61)
[18:50:13] [main/DEBUG] (FabricLoader/Mixin) Mixing IdListMixin from fabric-registry-sync-v0.mixins.json into net.minecraft.core.IdMapper
[18:50:13] [main/DEBUG] (FabricLoader/Mixin) fabric-registry-sync-v0.mixins.json:IdListMixin from mod fabric-registry-sync-v0: Class version 65 required is higher than the class version supported by the current version of Mixin (JAVA_17 supports class version 61)
[18:50:13] [main/DEBUG] (FabricLoader/Mixin) Renaming synthetic method lambda$fabric_remapIds$0(Lit/unimi/dsi/fastutil/ints/Int2IntMap;Ljava/lang/Object;Ljava/lang/Integer;)Ljava/lang/Integer; to md310282$fabric-registry-sync-v0$lambda$fabric_remapIds$0$0 in fabric-registry-sync-v0.mixins.json:IdListMixin from mod fabric-registry-sync-v0
[18:50:13] [main/DEBUG] (FabricLoader/Mixin) Mixing accessor.DispenserBlockAccessor from moonlight-common.mixins.json into net.minecraft.world.level.block.DispenserBlock
[18:50:13] [main/DEBUG] (FabricLoader/Mixin) moonlight-common.mixins.json:accessor.DispenserBlockAccessor from mod moonlight: Class version 65 required is higher than the class version supported by the current version of Mixin (JAVA_17 supports class version 61)
[18:50:13] [main/DEBUG] (FabricLoader/Mixin) Renaming @Accessor method getDispenserRegistry()Ljava/util/Map; to getDispenserRegistry$moonlight_$md$310282$0 in moonlight-common.mixins.json:accessor.DispenserBlockAccessor from mod moonlight
[18:50:13] [main/DEBUG] (FabricLoader/Mixin) Mixing DetectorRailBlockMixin from fabric-object-builder-v1.mixins.json into net.minecraft.world.level.block.DetectorRailBlock
[18:50:13] [main/DEBUG] (FabricLoader/Mixin) fabric-object-builder-v1.mixins.json:DetectorRailBlockMixin from mod fabric-object-builder-api-v1: Class version 65 required is higher than the class version supported by the current version of Mixin (JAVA_17 supports class version 61)
[18:50:13] [main/DEBUG] (FabricLoader/Mixin) Renaming synthetic method lambda$getCustomComparatorOutput$0(Lnet/minecraft/world/entity/Entity;)Z to md310282$fabric-object-builder-api-v1$lambda$getCustomComparatorOutput$0$0 in fabric-object-builder-v1.mixins.json:DetectorRailBlockMixin from mod fabric-object-builder-api-v1
[18:50:13] [main/DEBUG] (FabricLoader/Mixin) fabric-object-builder-v1.mixins.json:DetectorRailBlockMixin from mod fabric-object-builder-api-v1->@Inject::getCustomComparatorOutput(Lnet/minecraft/world/level/block/state/BlockState;Lnet/minecraft/world/level/Level;Lnet/minecraft/core/BlockPos;Lorg/spongepowered/asm/mixin/injection/callback/CallbackInfoReturnable;)V does use it's CallbackInfoReturnable
[18:50:13] [main/DEBUG] (FabricLoader/Mixin) Mixing AnvilBlockMixin from naturespirit.mixins.json into net.minecraft.world.level.block.AnvilBlock
[18:50:13] [main/DEBUG] (FabricLoader/Mixin) naturespirit.mixins.json:AnvilBlockMixin from mod natures_spirit->@Inject::onLanding(Lnet/minecraft/world/level/Level;Lnet/minecraft/core/BlockPos;Lnet/minecraft/world/level/block/state/BlockState;Lnet/minecraft/world/level/block/state/BlockState;Lnet/minecraft/world/entity/item/FallingBlockEntity;Lorg/spongepowered/asm/mixin/injection/callback/CallbackInfo;)V doesn't use it's CallbackInfo
[18:50:13] [main/DEBUG] (FabricLoader/Mixin) naturespirit.mixins.json:AnvilBlockMixin from mod natures_spirit->@Inject::onLanding(Lnet/minecraft/world/level/Level;Lnet/minecraft/core/BlockPos;Lnet/minecraft/world/level/block/state/BlockState;Lnet/minecraft/world/level/block/state/BlockState;Lnet/minecraft/world/entity/item/FallingBlockEntity;Lorg/spongepowered/asm/mixin/injection/callback/CallbackInfo;)V has 0 override(s) in child classes
[18:50:13] [main/DEBUG] (FabricLoader/Mixin) naturespirit.mixins.json:AnvilBlockMixin from mod natures_spirit->@Inject::onLanding(Lnet/minecraft/world/level/Level;Lnet/minecraft/core/BlockPos;Lnet/minecraft/world/level/block/state/BlockState;Lnet/minecraft/world/level/block/state/BlockState;Lnet/minecraft/world/entity/item/FallingBlockEntity;Lorg/spongepowered/asm/mixin/injection/callback/CallbackInfo;)V won't be passed a CallbackInfo as a result
[18:50:13] [main/DEBUG] (FabricLoader/Mixin) Mixing DropperBlockMixin from fabric-transfer-api-v1.mixins.json into net.minecraft.world.level.block.DropperBlock
[18:50:13] [main/DEBUG] (FabricLoader/Mixin) fabric-transfer-api-v1.mixins.json:DropperBlockMixin from mod fabric-transfer-api-v1: Class version 65 required is higher than the class version supported by the current version of Mixin (JAVA_17 supports class version 61)
[18:50:13] [main/DEBUG] (FabricLoader/Mixin) Renaming synthetic method lambda$hookDispense$0(Lnet/fabricmc/fabric/api/transfer/v1/item/ItemVariant;)Z to md310282$fabric-transfer-api-v1$lambda$hookDispense$0$0 in fabric-transfer-api-v1.mixins.json:DropperBlockMixin from mod fabric-transfer-api-v1
[18:50:13] [main/DEBUG] (FabricLoader/Mixin) fabric-transfer-api-v1.mixins.json:DropperBlockMixin from mod fabric-transfer-api-v1->@Inject::hookDispense(Lnet/minecraft/server/level/ServerLevel;Lnet/minecraft/world/level/block/state/BlockState;Lnet/minecraft/core/BlockPos;Lorg/spongepowered/asm/mixin/injection/callback/CallbackInfo;)V does use it's CallbackInfo
[18:50:13] [main/DEBUG] (FabricLoader/Mixin) Mixing CoralBlockBlockMixin from naturespirit.mixins.json into net.minecraft.world.level.block.CoralBlock
[18:50:13] [main/DEBUG] (FabricLoader/Mixin) Mixing OxidizableMixin from fabric-content-registries-v0.mixins.json into net.minecraft.world.level.block.WeatheringCopper
[18:50:13] [main/DEBUG] (FabricLoader/Mixin) fabric-content-registries-v0.mixins.json:OxidizableMixin from mod fabric-content-registries-v0: Class version 65 required is higher than the class version supported by the current version of Mixin (JAVA_17 supports class version 61)
[18:50:13] [main/DEBUG] (FabricLoader/Mixin) fabric-content-registries-v0.mixins.json:OxidizableMixin from mod fabric-content-registries-v0->@Inject::createOxidationLevelIncreasesMap(Lorg/spongepowered/asm/mixin/injection/callback/CallbackInfoReturnable;)V does use it's CallbackInfoReturnable
[18:50:13] [main/DEBUG] (FabricLoader/Mixin) Mixing CrafterBlockMixin from fabric-transfer-api-v1.mixins.json into net.minecraft.world.level.block.CrafterBlock
[18:50:13] [main/DEBUG] (FabricLoader/Mixin) fabric-transfer-api-v1.mixins.json:CrafterBlockMixin from mod fabric-transfer-api-v1: Class version 65 required is higher than the class version supported by the current version of Mixin (JAVA_17 supports class version 61)
[18:50:13] [main/DEBUG] (FabricLoader/Mixin) fabric-transfer-api-v1.mixins.json:CrafterBlockMixin from mod fabric-transfer-api-v1->@Inject::transferOrSpawnStack(Lnet/minecraft/server/level/ServerLevel;Lnet/minecraft/core/BlockPos;Lnet/minecraft/world/level/block/entity/CrafterBlockEntity;Lnet/minecraft/world/item/ItemStack;Lnet/minecraft/world/level/block/state/BlockState;Lnet/minecraft/world/item/crafting/RecipeHolder;Lorg/spongepowered/asm/mixin/injection/callback/CallbackInfo;)V doesn't use it's CallbackInfo
[18:50:13] [main/DEBUG] (FabricLoader/Mixin) fabric-transfer-api-v1.mixins.json:CrafterBlockMixin from mod fabric-transfer-api-v1->@Inject::transferOrSpawnStack(Lnet/minecraft/server/level/ServerLevel;Lnet/minecraft/core/BlockPos;Lnet/minecraft/world/level/block/entity/CrafterBlockEntity;Lnet/minecraft/world/item/ItemStack;Lnet/minecraft/world/level/block/state/BlockState;Lnet/minecraft/world/item/crafting/RecipeHolder;Lorg/spongepowered/asm/mixin/injection/callback/CallbackInfo;)V has 0 override(s) in child classes
[18:50:13] [main/DEBUG] (FabricLoader/Mixin) fabric-transfer-api-v1.mixins.json:CrafterBlockMixin from mod fabric-transfer-api-v1->@Inject::transferOrSpawnStack(Lnet/minecraft/server/level/ServerLevel;Lnet/minecraft/core/BlockPos;Lnet/minecraft/world/level/block/entity/CrafterBlockEntity;Lnet/minecraft/world/item/ItemStack;Lnet/minecraft/world/level/block/state/BlockState;Lnet/minecraft/world/item/crafting/RecipeHolder;Lorg/spongepowered/asm/mixin/injection/callback/CallbackInfo;)V won't be passed a CallbackInfo as a result
[18:50:13] [main/DEBUG] (FabricLoader/Mixin) fabric-transfer-api-v1.mixins.json:CrafterBlockMixin from mod fabric-transfer-api-v1->@Inject::transferOrSpawnStack(Lnet/minecraft/server/level/ServerLevel;Lnet/minecraft/core/BlockPos;Lnet/minecraft/world/level/block/entity/CrafterBlockEntity;Lnet/minecraft/world/item/ItemStack;Lnet/minecraft/world/level/block/state/BlockState;Lnet/minecraft/world/item/crafting/RecipeHolder;Lorg/spongepowered/asm/mixin/injection/callback/CallbackInfo;)V doesn't use it's CallbackInfo
[18:50:13] [main/DEBUG] (FabricLoader/Mixin) fabric-transfer-api-v1.mixins.json:CrafterBlockMixin from mod fabric-transfer-api-v1->@Inject::transferOrSpawnStack(Lnet/minecraft/server/level/ServerLevel;Lnet/minecraft/core/BlockPos;Lnet/minecraft/world/level/block/entity/CrafterBlockEntity;Lnet/minecraft/world/item/ItemStack;Lnet/minecraft/world/level/block/state/BlockState;Lnet/minecraft/world/item/crafting/RecipeHolder;Lorg/spongepowered/asm/mixin/injection/callback/CallbackInfo;)V has 0 override(s) in child classes
[18:50:13] [main/DEBUG] (FabricLoader/Mixin) fabric-transfer-api-v1.mixins.json:CrafterBlockMixin from mod fabric-transfer-api-v1->@Inject::transferOrSpawnStack(Lnet/minecraft/server/level/ServerLevel;Lnet/minecraft/core/BlockPos;Lnet/minecraft/world/level/block/entity/CrafterBlockEntity;Lnet/minecraft/world/item/ItemStack;Lnet/minecraft/world/level/block/state/BlockState;Lnet/minecraft/world/item/crafting/RecipeHolder;Lorg/spongepowered/asm/mixin/injection/callback/CallbackInfo;)V won't be passed a CallbackInfo as a result
[18:50:13] [main/DEBUG] (FabricLoader/Mixin) fabric-transfer-api-v1.mixins.json:CrafterBlockMixin from mod fabric-transfer-api-v1->@Inject::transferOrSpawnStack(Lnet/minecraft/server/level/ServerLevel;Lnet/minecraft/core/BlockPos;Lnet/minecraft/world/level/block/entity/CrafterBlockEntity;Lnet/minecraft/world/item/ItemStack;Lnet/minecraft/world/level/block/state/BlockState;Lnet/minecraft/world/item/crafting/RecipeHolder;Lorg/spongepowered/asm/mixin/injection/callback/CallbackInfo;)V doesn't use it's CallbackInfo
[18:50:13] [main/DEBUG] (FabricLoader/Mixin) fabric-transfer-api-v1.mixins.json:CrafterBlockMixin from mod fabric-transfer-api-v1->@Inject::transferOrSpawnStack(Lnet/minecraft/server/level/ServerLevel;Lnet/minecraft/core/BlockPos;Lnet/minecraft/world/level/block/entity/CrafterBlockEntity;Lnet/minecraft/world/item/ItemStack;Lnet/minecraft/world/level/block/state/BlockState;Lnet/minecraft/world/item/crafting/RecipeHolder;Lorg/spongepowered/asm/mixin/injection/callback/CallbackInfo;)V has 0 override(s) in child classes
[18:50:13] [main/DEBUG] (FabricLoader/Mixin) fabric-transfer-api-v1.mixins.json:CrafterBlockMixin from mod fabric-transfer-api-v1->@Inject::transferOrSpawnStack(Lnet/minecraft/server/level/ServerLevel;Lnet/minecraft/core/BlockPos;Lnet/minecraft/world/level/block/entity/CrafterBlockEntity;Lnet/minecraft/world/item/ItemStack;Lnet/minecraft/world/level/block/state/BlockState;Lnet/minecraft/world/item/crafting/RecipeHolder;Lorg/spongepowered/asm/mixin/injection/callback/CallbackInfo;)V won't be passed a CallbackInfo as a result
[18:50:13] [main/DEBUG] (FabricLoader/Mixin) fabric-transfer-api-v1.mixins.json:CrafterBlockMixin from mod fabric-transfer-api-v1->@Inject::transferOrSpawnStack(Lnet/minecraft/server/level/ServerLevel;Lnet/minecraft/core/BlockPos;Lnet/minecraft/world/level/block/entity/CrafterBlockEntity;Lnet/minecraft/world/item/ItemStack;Lnet/minecraft/world/level/block/state/BlockState;Lnet/minecraft/world/item/crafting/RecipeHolder;Lorg/spongepowered/asm/mixin/injection/callback/CallbackInfo;)V doesn't use it's CallbackInfo
[18:50:13] [main/DEBUG] (FabricLoader/Mixin) fabric-transfer-api-v1.mixins.json:CrafterBlockMixin from mod fabric-transfer-api-v1->@Inject::transferOrSpawnStack(Lnet/minecraft/server/level/ServerLevel;Lnet/minecraft/core/BlockPos;Lnet/minecraft/world/level/block/entity/CrafterBlockEntity;Lnet/minecraft/world/item/ItemStack;Lnet/minecraft/world/level/block/state/BlockState;Lnet/minecraft/world/item/crafting/RecipeHolder;Lorg/spongepowered/asm/mixin/injection/callback/CallbackInfo;)V has 0 override(s) in child classes
[18:50:13] [main/DEBUG] (FabricLoader/Mixin) fabric-transfer-api-v1.mixins.json:CrafterBlockMixin from mod fabric-transfer-api-v1->@Inject::transferOrSpawnStack(Lnet/minecraft/server/level/ServerLevel;Lnet/minecraft/core/BlockPos;Lnet/minecraft/world/level/block/entity/CrafterBlockEntity;Lnet/minecraft/world/item/ItemStack;Lnet/minecraft/world/level/block/state/BlockState;Lnet/minecraft/world/item/crafting/RecipeHolder;Lorg/spongepowered/asm/mixin/injection/callback/CallbackInfo;)V won't be passed a CallbackInfo as a result
[18:50:13] [main/DEBUG] (FabricLoader/Mixin) Mixing BlockStateMixin from fabric-block-api-v1.mixins.json into net.minecraft.world.level.block.state.BlockState
[18:50:13] [main/DEBUG] (FabricLoader/Mixin) fabric-block-api-v1.mixins.json:BlockStateMixin from mod fabric-block-api-v1: Class version 65 required is higher than the class version supported by the current version of Mixin (JAVA_17 supports class version 61)
[18:50:13] [main/DEBUG] (FabricLoader/Mixin) Mixing BlockStateBaseMixin from moonlight-common.mixins.json into net.minecraft.world.level.block.state.BlockBehaviour$BlockStateBase
[18:50:13] [main/DEBUG] (FabricLoader/Mixin) moonlight-common.mixins.json:BlockStateBaseMixin from mod moonlight: Class version 65 required is higher than the class version supported by the current version of Mixin (JAVA_17 supports class version 61)
[18:50:13] [main/DEBUG] (FabricLoader/Mixin) Mixing EntityTypeMixin from fabric-object-builder-v1.mixins.json into net.minecraft.world.entity.EntityType
[18:50:13] [main/DEBUG] (FabricLoader/Mixin) fabric-object-builder-v1.mixins.json:EntityTypeMixin from mod fabric-object-builder-api-v1: Class version 65 required is higher than the class version supported by the current version of Mixin (JAVA_17 supports class version 61)
[18:50:13] [main/DEBUG] (FabricLoader/Mixin) fabric-object-builder-v1.mixins.json:EntityTypeMixin from mod fabric-object-builder-api-v1->@Inject::alwaysUpdateVelocity(Lorg/spongepowered/asm/mixin/injection/callback/CallbackInfoReturnable;)V does use it's CallbackInfoReturnable
[18:50:13] [main/DEBUG] (FabricLoader/Mixin) Mixing FluidMixin from fabric-transfer-api-v1.mixins.json into net.minecraft.world.level.material.Fluid
[18:50:13] [main/DEBUG] (FabricLoader/Mixin) fabric-transfer-api-v1.mixins.json:FluidMixin from mod fabric-transfer-api-v1: Class version 65 required is higher than the class version supported by the current version of Mixin (JAVA_17 supports class version 61)
[18:50:13] [main/DEBUG] (FabricLoader/Mixin) fabric-transfer-api-v1.mixins.json:FluidMixin from mod fabric-transfer-api-v1->@Inject::hookGetBucketFillSound(Lorg/spongepowered/asm/mixin/injection/callback/CallbackInfoReturnable;)V does use it's CallbackInfoReturnable
[18:50:13] [main/DEBUG] (FabricLoader/Mixin) Mixing ComponentMapBuilderMixin from fabric-item-api-v1.mixins.json into net.minecraft.core.component.DataComponentMap$Builder
[18:50:13] [main/DEBUG] (FabricLoader/Mixin) fabric-item-api-v1.mixins.json:ComponentMapBuilderMixin from mod fabric-item-api-v1: Class version 65 required is higher than the class version supported by the current version of Mixin (JAVA_17 supports class version 61)
[18:50:13] [main/DEBUG] (FabricLoader/Mixin) Mixing AttachmentTargetsMixin from fabric-data-attachment-api-v1.mixins.json into net.minecraft.world.level.block.entity.BlockEntity
[18:50:13] [main/DEBUG] (FabricLoader/Mixin) fabric-data-attachment-api-v1.mixins.json:AttachmentTargetsMixin from mod fabric-data-attachment-api-v1: Class version 65 required is higher than the class version supported by the current version of Mixin (JAVA_17 supports class version 61)
[18:50:13] [main/DEBUG] (FabricLoader/Mixin) Mixing BlockEntityMixin from fabric-data-attachment-api-v1.mixins.json into net.minecraft.world.level.block.entity.BlockEntity
[18:50:13] [main/DEBUG] (FabricLoader/Mixin) fabric-data-attachment-api-v1.mixins.json:BlockEntityMixin from mod fabric-data-attachment-api-v1: Class version 65 required is higher than the class version supported by the current version of Mixin (JAVA_17 supports class version 61)
[18:50:13] [main/DEBUG] (FabricLoader/Mixin) Renaming synthetic method lambda$fabric_syncChange$0(Lnet/fabricmc/fabric/api/attachment/v1/AttachmentType;Lnet/fabricmc/fabric/impl/attachment/sync/s2c/AttachmentSyncPayloadS2C;Lnet/minecraft/server/level/ServerPlayer;)V to md310282$fabric-data-attachment-api-v1$lambda$fabric_syncChange$0$0 in fabric-data-attachment-api-v1.mixins.json:BlockEntityMixin from mod fabric-data-attachment-api-v1
[18:50:13] [main/DEBUG] (FabricLoader/Mixin) Mixing BlockEntityMixin from fabric-block-view-api-v2.mixins.json into net.minecraft.world.level.block.entity.BlockEntity
[18:50:13] [main/DEBUG] (FabricLoader/Mixin) fabric-block-view-api-v2.mixins.json:BlockEntityMixin from mod fabric-block-view-api-v2: Class version 65 required is higher than the class version supported by the current version of Mixin (JAVA_17 supports class version 61)
[18:50:13] [main/DEBUG] (FabricLoader/Mixin) Mixing BlockEntityMixin from fabric-rendering-data-attachment-v1.mixins.json into net.minecraft.world.level.block.entity.BlockEntity
[18:50:13] [main/DEBUG] (FabricLoader/Mixin) fabric-rendering-data-attachment-v1.mixins.json:BlockEntityMixin from mod fabric-rendering-data-attachment-v1: Class version 65 required is higher than the class version supported by the current version of Mixin (JAVA_17 supports class version 61)
[18:50:13] [main/DEBUG] (FabricLoader/Mixin) fabric-data-attachment-api-v1.mixins.json:BlockEntityMixin from mod fabric-data-attachment-api-v1->@Inject::readBlockEntityAttachments(Lnet/minecraft/nbt/CompoundTag;Lnet/minecraft/core/HolderLookup$Provider;Lorg/spongepowered/asm/mixin/injection/callback/CallbackInfo;)V doesn't use it's CallbackInfo
[18:50:13] [main/DEBUG] (FabricLoader/Mixin) fabric-data-attachment-api-v1.mixins.json:BlockEntityMixin from mod fabric-data-attachment-api-v1->@Inject::readBlockEntityAttachments(Lnet/minecraft/nbt/CompoundTag;Lnet/minecraft/core/HolderLookup$Provider;Lorg/spongepowered/asm/mixin/injection/callback/CallbackInfo;)V has 0 override(s) in child classes
[18:50:13] [main/DEBUG] (FabricLoader/Mixin) fabric-data-attachment-api-v1.mixins.json:BlockEntityMixin from mod fabric-data-attachment-api-v1->@Inject::readBlockEntityAttachments(Lnet/minecraft/nbt/CompoundTag;Lnet/minecraft/core/HolderLookup$Provider;Lorg/spongepowered/asm/mixin/injection/callback/CallbackInfo;)V won't be passed a CallbackInfo as a result
[18:50:13] [main/DEBUG] (FabricLoader/Mixin) fabric-data-attachment-api-v1.mixins.json:BlockEntityMixin from mod fabric-data-attachment-api-v1->@Inject::writeBlockEntityAttachments(Lnet/minecraft/core/HolderLookup$Provider;Lorg/spongepowered/asm/mixin/injection/callback/CallbackInfoReturnable;)V does use it's CallbackInfoReturnable
[18:50:13] [main/DEBUG] (FabricLoader/Mixin) Mixing accessor.DispenserBlockEntityAccessor from moonlight-common.mixins.json into net.minecraft.world.level.block.entity.DispenserBlockEntity
[18:50:13] [main/DEBUG] (FabricLoader/Mixin) moonlight-common.mixins.json:accessor.DispenserBlockEntityAccessor from mod moonlight: Class version 65 required is higher than the class version supported by the current version of Mixin (JAVA_17 supports class version 61)
[18:50:13] [main/DEBUG] (FabricLoader/Mixin) Mixing LockableContainerBlockEntityMixin from fabric-transfer-api-v1.mixins.json into net.minecraft.world.level.block.entity.BaseContainerBlockEntity
[18:50:13] [main/DEBUG] (FabricLoader/Mixin) fabric-transfer-api-v1.mixins.json:LockableContainerBlockEntityMixin from mod fabric-transfer-api-v1: Class version 65 required is higher than the class version supported by the current version of Mixin (JAVA_17 supports class version 61)
[18:50:13] [main/DEBUG] (FabricLoader/Mixin) Mixing NamedScreenHandlerFactoryMixin from fabric-screen-handler-api-v1.mixins.json into net.minecraft.world.MenuProvider
[18:50:13] [main/DEBUG] (FabricLoader/Mixin) fabric-screen-handler-api-v1.mixins.json:NamedScreenHandlerFactoryMixin from mod fabric-screen-handler-api-v1: Class version 65 required is higher than the class version supported by the current version of Mixin (JAVA_17 supports class version 61)
[18:50:13] [main/DEBUG] (FabricLoader/Mixin) Mixing PistonBlockEntityMixin from moonlight-common.mixins.json into net.minecraft.world.level.block.piston.PistonMovingBlockEntity
[18:50:13] [main/DEBUG] (FabricLoader/Mixin) moonlight-common.mixins.json:PistonBlockEntityMixin from mod moonlight: Class version 65 required is higher than the class version supported by the current version of Mixin (JAVA_17 supports class version 61)
[18:50:13] [main/DEBUG] (FabricLoader/Mixin) moonlight-common.mixins.json:PistonBlockEntityMixin from mod moonlight->@Inject::whileMoving(Lnet/minecraft/world/level/Level;Lnet/minecraft/core/BlockPos;Lnet/minecraft/world/level/block/state/BlockState;Lnet/minecraft/world/level/block/piston/PistonMovingBlockEntity;Lorg/spongepowered/asm/mixin/injection/callback/CallbackInfo;)V doesn't use it's CallbackInfo
[18:50:13] [main/DEBUG] (FabricLoader/Mixin) moonlight-common.mixins.json:PistonBlockEntityMixin from mod moonlight->@Inject::onFinishedShortPulse(Lorg/spongepowered/asm/mixin/injection/callback/CallbackInfo;)V doesn't use it's CallbackInfo
[18:50:13] [main/DEBUG] (FabricLoader/Mixin) moonlight-common.mixins.json:PistonBlockEntityMixin from mod moonlight->@Inject::onFinishedShortPulse(Lorg/spongepowered/asm/mixin/injection/callback/CallbackInfo;)V has 0 override(s) in child classes
[18:50:13] [main/DEBUG] (FabricLoader/Mixin) moonlight-common.mixins.json:PistonBlockEntityMixin from mod moonlight->@Inject::onFinishedShortPulse(Lorg/spongepowered/asm/mixin/injection/callback/CallbackInfo;)V won't be passed a CallbackInfo as a result
[18:50:13] [main/DEBUG] (FabricLoader/Mixin) moonlight-common.mixins.json:PistonBlockEntityMixin from mod moonlight->@Inject::onFinishedMoving(Lnet/minecraft/world/level/Level;Lnet/minecraft/core/BlockPos;Lnet/minecraft/world/level/block/state/BlockState;Lnet/minecraft/world/level/block/piston/PistonMovingBlockEntity;Lorg/spongepowered/asm/mixin/injection/callback/CallbackInfo;)V doesn't use it's CallbackInfo
[18:50:13] [main/DEBUG] (FabricLoader/Mixin) moonlight-common.mixins.json:PistonBlockEntityMixin from mod moonlight->@Inject::onFinishedMoving2(Lnet/minecraft/world/level/Level;Lnet/minecraft/core/BlockPos;Lnet/minecraft/world/level/block/state/BlockState;Lnet/minecraft/world/level/block/piston/PistonMovingBlockEntity;Lorg/spongepowered/asm/mixin/injection/callback/CallbackInfo;)V doesn't use it's CallbackInfo
[18:50:13] [main/DEBUG] (FabricLoader/Mixin) Mixing EntityMixin from moonlight-common.mixins.json into net.minecraft.world.entity.Mob
[18:50:13] [main/DEBUG] (FabricLoader/Mixin) moonlight-common.mixins.json:EntityMixin from mod moonlight: Class version 65 required is higher than the class version supported by the current version of Mixin (JAVA_17 supports class version 61)
[18:50:13] [main/DEBUG] (FabricLoader/Mixin) Mixing MobEntityMixin from fabric-entity-events-v1.mixins.json into net.minecraft.world.entity.Mob
[18:50:13] [main/DEBUG] (FabricLoader/Mixin) fabric-entity-events-v1.mixins.json:MobEntityMixin from mod fabric-entity-events-v1: Class version 65 required is higher than the class version supported by the current version of Mixin (JAVA_17 supports class version 61)
[18:50:13] [main/DEBUG] (FabricLoader/Mixin) Mixing ChiseledBookshelfBlockEntityMixin from fabric-transfer-api-v1.mixins.json into net.minecraft.world.level.block.entity.ChiseledBookShelfBlockEntity
[18:50:13] [main/DEBUG] (FabricLoader/Mixin) fabric-transfer-api-v1.mixins.json:ChiseledBookshelfBlockEntityMixin from mod fabric-transfer-api-v1: Class version 65 required is higher than the class version supported by the current version of Mixin (JAVA_17 supports class version 61)
[18:50:13] [main/DEBUG] (FabricLoader/Mixin) fabric-transfer-api-v1.mixins.json:ChiseledBookshelfBlockEntityMixin from mod fabric-transfer-api-v1->@Inject::setStackBypass(ILnet/minecraft/world/item/ItemStack;Lorg/spongepowered/asm/mixin/injection/callback/CallbackInfo;)V does use it's CallbackInfo
[18:50:13] [main/DEBUG] (FabricLoader/Mixin) Mixing BlockEntityTypeMixin from fabric-object-builder-v1.mixins.json into net.minecraft.world.level.block.entity.BlockEntityType
[18:50:13] [main/DEBUG] (FabricLoader/Mixin) fabric-object-builder-v1.mixins.json:BlockEntityTypeMixin from mod fabric-object-builder-api-v1: Class version 65 required is higher than the class version supported by the current version of Mixin (JAVA_17 supports class version 61)
[18:50:13] [main/DEBUG] (FabricLoader/Mixin) Mixing BlockEntityTypeAccessor from fabric-api-lookup-api-v1.mixins.json into net.minecraft.world.level.block.entity.BlockEntityType
[18:50:13] [main/DEBUG] (FabricLoader/Mixin) fabric-api-lookup-api-v1.mixins.json:BlockEntityTypeAccessor from mod fabric-api-lookup-api-v1: Class version 65 required is higher than the class version supported by the current version of Mixin (JAVA_17 supports class version 61)
[18:50:13] [main/DEBUG] (FabricLoader/Mixin) fabric-object-builder-v1.mixins.json:BlockEntityTypeMixin from mod fabric-object-builder-api-v1->@Inject::mutableBlocks(Lnet/minecraft/world/level/block/entity/BlockEntityType$BlockEntitySupplier;Ljava/util/Set;Lcom/mojang/datafixers/types/Type;Lorg/spongepowered/asm/mixin/injection/callback/CallbackInfo;)V doesn't use it's CallbackInfo
[18:50:13] [main/DEBUG] (FabricLoader/Mixin) fabric-object-builder-v1.mixins.json:BlockEntityTypeMixin from mod fabric-object-builder-api-v1->@Inject::mutableBlocks(Lnet/minecraft/world/level/block/entity/BlockEntityType$BlockEntitySupplier;Ljava/util/Set;Lcom/mojang/datafixers/types/Type;Lorg/spongepowered/asm/mixin/injection/callback/CallbackInfo;)V has 0 override(s) in child classes
[18:50:13] [main/DEBUG] (FabricLoader/Mixin) fabric-object-builder-v1.mixins.json:BlockEntityTypeMixin from mod fabric-object-builder-api-v1->@Inject::mutableBlocks(Lnet/minecraft/world/level/block/entity/BlockEntityType$BlockEntitySupplier;Ljava/util/Set;Lcom/mojang/datafixers/types/Type;Lorg/spongepowered/asm/mixin/injection/callback/CallbackInfo;)V won't be passed a CallbackInfo as a result
[18:50:14] [main/DEBUG] (FabricLoader/Mixin) Mixing AbstractFurnaceBlockEntityMixin from fabric-transfer-api-v1.mixins.json into net.minecraft.world.level.block.entity.AbstractFurnaceBlockEntity
[18:50:14] [main/DEBUG] (FabricLoader/Mixin) fabric-transfer-api-v1.mixins.json:AbstractFurnaceBlockEntityMixin from mod fabric-transfer-api-v1: Class version 65 required is higher than the class version supported by the current version of Mixin (JAVA_17 supports class version 61)
[18:50:14] [main/DEBUG] (FabricLoader/Mixin) Mixing AbstractFurnaceBlockEntityMixin from fabric-content-registries-v0.mixins.json into net.minecraft.world.level.block.entity.AbstractFurnaceBlockEntity
[18:50:14] [main/DEBUG] (FabricLoader/Mixin) fabric-content-registries-v0.mixins.json:AbstractFurnaceBlockEntityMixin from mod fabric-content-registries-v0: Class version 65 required is higher than the class version supported by the current version of Mixin (JAVA_17 supports class version 61)
[18:50:14] [main/DEBUG] (FabricLoader/Mixin) Mixing AbstractFurnaceBlockEntityMixin from fabric-item-api-v1.mixins.json into net.minecraft.world.level.block.entity.AbstractFurnaceBlockEntity
[18:50:14] [main/DEBUG] (FabricLoader/Mixin) fabric-item-api-v1.mixins.json:AbstractFurnaceBlockEntityMixin from mod fabric-item-api-v1: Class version 65 required is higher than the class version supported by the current version of Mixin (JAVA_17 supports class version 61)
[18:50:14] [main/DEBUG] (FabricLoader/Mixin) fabric-transfer-api-v1.mixins.json:AbstractFurnaceBlockEntityMixin from mod fabric-transfer-api-v1->@Inject::setStackSuppressUpdate(ILnet/minecraft/world/item/ItemStack;Lorg/spongepowered/asm/mixin/injection/callback/CallbackInfo;)V does use it's CallbackInfo
[18:50:14] [main/DEBUG] (FabricLoader/Mixin) fabric-content-registries-v0.mixins.json:AbstractFurnaceBlockEntityMixin from mod fabric-content-registries-v0->@Inject::fuelTimeMapHook(Lorg/spongepowered/asm/mixin/injection/callback/CallbackInfoReturnable;)V does use it's CallbackInfoReturnable
[18:50:14] [main/DEBUG] (FabricLoader/Mixin) fabric-content-registries-v0.mixins.json:AbstractFurnaceBlockEntityMixin from mod fabric-content-registries-v0->@Inject::fuelTimeMapHook(Lorg/spongepowered/asm/mixin/injection/callback/CallbackInfoReturnable;)V does use it's CallbackInfoReturnable
[18:50:14] [main/DEBUG] (FabricLoader/Mixin) fabric-item-api-v1.mixins.json:AbstractFurnaceBlockEntityMixin from mod fabric-item-api-v1->@Inject::getStackRemainder(Lnet/minecraft/world/level/Level;Lnet/minecraft/core/BlockPos;Lnet/minecraft/world/level/block/state/BlockState;Lnet/minecraft/world/level/block/entity/AbstractFurnaceBlockEntity;Lorg/spongepowered/asm/mixin/injection/callback/CallbackInfo;ZZLnet/minecraft/world/item/ItemStack;Lnet/minecraft/world/item/ItemStack;ZZLnet/minecraft/world/item/crafting/RecipeHolder;I)V doesn't use it's CallbackInfo
[18:50:14] [main/DEBUG] (FabricLoader/Mixin) Mixing JukeboxBlockEntityMixin from fabric-transfer-api-v1.mixins.json into net.minecraft.world.level.block.entity.JukeboxBlockEntity
[18:50:14] [main/DEBUG] (FabricLoader/Mixin) fabric-transfer-api-v1.mixins.json:JukeboxBlockEntityMixin from mod fabric-transfer-api-v1: Class version 65 required is higher than the class version supported by the current version of Mixin (JAVA_17 supports class version 61)
[18:50:14] [main/DEBUG] (FabricLoader/Mixin) fabric-transfer-api-v1.mixins.json:JukeboxBlockEntityMixin from mod fabric-transfer-api-v1->@Inject::setStackBypass(Lnet/minecraft/world/item/ItemStack;Lorg/spongepowered/asm/mixin/injection/callback/CallbackInfo;)V does use it's CallbackInfo
[18:50:14] [main/DEBUG] (FabricLoader/Mixin) Mixing BrewingStandBlockEntityMixin from fabric-item-api-v1.mixins.json into net.minecraft.world.level.block.entity.BrewingStandBlockEntity
[18:50:14] [main/DEBUG] (FabricLoader/Mixin) fabric-item-api-v1.mixins.json:BrewingStandBlockEntityMixin from mod fabric-item-api-v1: Class version 65 required is higher than the class version supported by the current version of Mixin (JAVA_17 supports class version 61)
[18:50:14] [main/DEBUG] (FabricLoader/Mixin) fabric-item-api-v1.mixins.json:BrewingStandBlockEntityMixin from mod fabric-item-api-v1->@Inject::captureItemStack(Lnet/minecraft/world/level/Level;Lnet/minecraft/core/BlockPos;Lnet/minecraft/core/NonNullList;Lorg/spongepowered/asm/mixin/injection/callback/CallbackInfo;Lnet/minecraft/world/item/ItemStack;)V doesn't use it's CallbackInfo
[18:50:14] [main/DEBUG] (FabricLoader/Mixin) Mixing ItemStackMixin from fabric-item-api-v1.mixins.json into net.minecraft.world.item.ItemStack
[18:50:14] [main/DEBUG] (FabricLoader/Mixin) fabric-item-api-v1.mixins.json:ItemStackMixin from mod fabric-item-api-v1: Class version 65 required is higher than the class version supported by the current version of Mixin (JAVA_17 supports class version 61)
[18:50:14] [main/DEBUG] (FabricLoader/Mixin) Renaming synthetic method lambda$hookDamage$0(Lorg/apache/commons/lang3/mutable/MutableBoolean;Ljava/util/function/Consumer;)V to md310282$fabric-item-api-v1$lambda$hookDamage$0$0 in fabric-item-api-v1.mixins.json:ItemStackMixin from mod fabric-item-api-v1
[18:50:14] [main/DEBUG] (FabricLoader/Mixin) Mixing ItemStackMixin from fabric-item-api-v1.client.mixins.json into net.minecraft.world.item.ItemStack
[18:50:14] [main/DEBUG] (FabricLoader/Mixin) fabric-item-api-v1.client.mixins.json:ItemStackMixin from mod fabric-item-api-v1: Class version 65 required is higher than the class version supported by the current version of Mixin (JAVA_17 supports class version 61)
[18:50:14] [main/DEBUG] (FabricLoader/Mixin) fabric-item-api-v1.client.mixins.json:ItemStackMixin from mod fabric-item-api-v1->@Inject::getTooltip(Lnet/minecraft/world/item/Item$TooltipContext;Lnet/minecraft/world/entity/player/Player;Lnet/minecraft/world/item/TooltipFlag;Lorg/spongepowered/asm/mixin/injection/callback/CallbackInfoReturnable;)V does use it's CallbackInfoReturnable
[18:50:14] [main/DEBUG] (FabricLoader/Mixin) Mixing AnvilScreenHandlerMixin from fabric-item-api-v1.mixins.json into net.minecraft.world.inventory.AnvilMenu
[18:50:14] [main/DEBUG] (FabricLoader/Mixin) fabric-item-api-v1.mixins.json:AnvilScreenHandlerMixin from mod fabric-item-api-v1: Class version 65 required is higher than the class version supported by the current version of Mixin (JAVA_17 supports class version 61)
[18:50:14] [main/DEBUG] (FabricLoader/Mixin) Mixing HopperBlockEntityMixin from fabric-transfer-api-v1.mixins.json into net.minecraft.world.level.block.entity.HopperBlockEntity
[18:50:14] [main/DEBUG] (FabricLoader/Mixin) fabric-transfer-api-v1.mixins.json:HopperBlockEntityMixin from mod fabric-transfer-api-v1: Class version 65 required is higher than the class version supported by the current version of Mixin (JAVA_17 supports class version 61)
[18:50:14] [main/DEBUG] (FabricLoader/Mixin) Renaming synthetic method lambda$hookExtract$1(Lnet/fabricmc/fabric/api/transfer/v1/item/ItemVariant;)Z to md310282$fabric-transfer-api-v1$lambda$hookExtract$1$0 in fabric-transfer-api-v1.mixins.json:HopperBlockEntityMixin from mod fabric-transfer-api-v1
[18:50:14] [main/DEBUG] (FabricLoader/Mixin) Renaming synthetic method lambda$hookInsert$0(Lnet/fabricmc/fabric/api/transfer/v1/item/ItemVariant;)Z to md310282$fabric-transfer-api-v1$lambda$hookInsert$0$1 in fabric-transfer-api-v1.mixins.json:HopperBlockEntityMixin from mod fabric-transfer-api-v1
[18:50:14] [main/DEBUG] (FabricLoader/Mixin) fabric-transfer-api-v1.mixins.json:HopperBlockEntityMixin from mod fabric-transfer-api-v1->@Inject::hookInsert(Lnet/minecraft/world/level/Level;Lnet/minecraft/core/BlockPos;Lnet/minecraft/world/level/block/entity/HopperBlockEntity;Lorg/spongepowered/asm/mixin/injection/callback/CallbackInfoReturnable;)V does use it's CallbackInfoReturnable
[18:50:14] [main/DEBUG] (FabricLoader/Mixin) fabric-transfer-api-v1.mixins.json:HopperBlockEntityMixin from mod fabric-transfer-api-v1->@Inject::hookExtract(Lnet/minecraft/world/level/Level;Lnet/minecraft/world/level/block/entity/Hopper;Lorg/spongepowered/asm/mixin/injection/callback/CallbackInfoReturnable;)V does use it's CallbackInfoReturnable
[18:50:14] [main/DEBUG] (FabricLoader/Mixin) Mixing BannerBlockEntityMixin from fabric-data-attachment-api-v1.mixins.json into net.minecraft.world.level.block.entity.BannerBlockEntity
[18:50:14] [main/DEBUG] (FabricLoader/Mixin) fabric-data-attachment-api-v1.mixins.json:BannerBlockEntityMixin from mod fabric-data-attachment-api-v1: Class version 65 required is higher than the class version supported by the current version of Mixin (JAVA_17 supports class version 61)
[18:50:14] [main/DEBUG] (FabricLoader/Mixin) Mixing GrindstoneMenuMixin from moonlight-common.mixins.json into net.minecraft.world.inventory.GrindstoneMenu
[18:50:14] [main/DEBUG] (FabricLoader/Mixin) moonlight-common.mixins.json:GrindstoneMenuMixin from mod moonlight: Class version 65 required is higher than the class version supported by the current version of Mixin (JAVA_17 supports class version 61)
[18:50:14] [main/DEBUG] (FabricLoader/Mixin) Mixing TadpoleEntityMixin from fabric-entity-events-v1.mixins.json into net.minecraft.world.entity.animal.frog.Tadpole
[18:50:14] [main/DEBUG] (FabricLoader/Mixin) fabric-entity-events-v1.mixins.json:TadpoleEntityMixin from mod fabric-entity-events-v1: Class version 65 required is higher than the class version supported by the current version of Mixin (JAVA_17 supports class version 61)
[18:50:15] [main/DEBUG] (FabricLoader/Mixin) Mixing ItemMixin from fabric-transfer-api-v1.mixins.json into net.minecraft.world.item.Item
[18:50:15] [main/DEBUG] (FabricLoader/Mixin) fabric-transfer-api-v1.mixins.json:ItemMixin from mod fabric-transfer-api-v1: Class version 65 required is higher than the class version supported by the current version of Mixin (JAVA_17 supports class version 61)
[18:50:15] [main/DEBUG] (FabricLoader/Mixin) Mixing ItemMixin from moonlight-common.mixins.json into net.minecraft.world.item.Item
[18:50:15] [main/DEBUG] (FabricLoader/Mixin) moonlight-common.mixins.json:ItemMixin from mod moonlight: Class version 65 required is higher than the class version supported by the current version of Mixin (JAVA_17 supports class version 61)
[18:50:15] [main/DEBUG] (FabricLoader/Mixin) Mixing ItemAccessor from fabric-item-api-v1.mixins.json into net.minecraft.world.item.Item
[18:50:15] [main/DEBUG] (FabricLoader/Mixin) fabric-item-api-v1.mixins.json:ItemAccessor from mod fabric-item-api-v1: Class version 65 required is higher than the class version supported by the current version of Mixin (JAVA_17 supports class version 61)
[18:50:15] [main/DEBUG] (FabricLoader/Mixin) Mixing ItemMixin from fabric-item-api-v1.mixins.json into net.minecraft.world.item.Item
[18:50:15] [main/DEBUG] (FabricLoader/Mixin) fabric-item-api-v1.mixins.json:ItemMixin from mod fabric-item-api-v1: Class version 65 required is higher than the class version supported by the current version of Mixin (JAVA_17 supports class version 61)
[18:50:15] [main/DEBUG] (FabricLoader/Mixin) moonlight-common.mixins.json:ItemMixin from mod moonlight->@Inject::onUseOnBlock(Lnet/minecraft/world/item/context/UseOnContext;Lorg/spongepowered/asm/mixin/injection/callback/CallbackInfoReturnable;)V does use it's CallbackInfoReturnable
[18:50:15] [main/DEBUG] (FabricLoader/Mixin) fabric-item-api-v1.mixins.json:ItemMixin from mod fabric-item-api-v1->@Inject::onConstruct(Lnet/minecraft/world/item/Item$Properties;Lorg/spongepowered/asm/mixin/injection/callback/CallbackInfo;)V doesn't use it's CallbackInfo
[18:50:15] [main/DEBUG] (FabricLoader/Mixin) fabric-item-api-v1.mixins.json:ItemMixin from mod fabric-item-api-v1->@Inject::onConstruct(Lnet/minecraft/world/item/Item$Properties;Lorg/spongepowered/asm/mixin/injection/callback/CallbackInfo;)V has 0 override(s) in child classes
[18:50:15] [main/DEBUG] (FabricLoader/Mixin) fabric-item-api-v1.mixins.json:ItemMixin from mod fabric-item-api-v1->@Inject::onConstruct(Lnet/minecraft/world/item/Item$Properties;Lorg/spongepowered/asm/mixin/injection/callback/CallbackInfo;)V won't be passed a CallbackInfo as a result
[18:50:15] [main/DEBUG] (FabricLoader/Mixin) Mixing BlockItemMixin from moonlight-common.mixins.json into net.minecraft.world.item.BlockItem
[18:50:15] [main/DEBUG] (FabricLoader/Mixin) moonlight-common.mixins.json:BlockItemMixin from mod moonlight: Class version 65 required is higher than the class version supported by the current version of Mixin (JAVA_17 supports class version 61)
[18:50:15] [main/DEBUG] (FabricLoader/Mixin) moonlight-common.mixins.json:BlockItemMixin from mod moonlight->@Inject::moonlight$getPlacementState(Lnet/minecraft/world/item/context/BlockPlaceContext;Lorg/spongepowered/asm/mixin/injection/callback/CallbackInfoReturnable;)V does use it's CallbackInfoReturnable
[18:50:15] [main/DEBUG] (FabricLoader/Mixin) moonlight-common.mixins.json:BlockItemMixin from mod moonlight->@Inject::moonlight$place(Lnet/minecraft/world/item/context/BlockPlaceContext;Lorg/spongepowered/asm/mixin/injection/callback/CallbackInfoReturnable;)V does use it's CallbackInfoReturnable
[18:50:15] [main/DEBUG] (FabricLoader/Mixin) moonlight-common.mixins.json:BlockItemMixin from mod moonlight->@Inject::moonlight$updatePlacementContext(Lnet/minecraft/world/item/context/BlockPlaceContext;Lorg/spongepowered/asm/mixin/injection/callback/CallbackInfoReturnable;)V does use it's CallbackInfoReturnable
[18:50:15] [main/DEBUG] (FabricLoader/Mixin) Mixing ShovelItemAccessor from fabric-content-registries-v0.mixins.json into net.minecraft.world.item.ShovelItem
[18:50:15] [main/DEBUG] (FabricLoader/Mixin) fabric-content-registries-v0.mixins.json:ShovelItemAccessor from mod fabric-content-registries-v0: Class version 65 required is higher than the class version supported by the current version of Mixin (JAVA_17 supports class version 61)
[18:50:15] [main/DEBUG] (FabricLoader/Mixin) Renaming @Accessor method getPathStates()Ljava/util/Map; to getPathStates$fabric-content-registries-v0_$md$310282$0 in fabric-content-registries-v0.mixins.json:ShovelItemAccessor from mod fabric-content-registries-v0
[18:50:15] [main/DEBUG] (FabricLoader/Mixin) Mixing AxeItemMixin from naturespirit.mixins.json into net.minecraft.world.item.AxeItem
[18:50:15] [main/DEBUG] (FabricLoader/Mixin) Mixing AxeItemAccessor from fabric-content-registries-v0.mixins.json into net.minecraft.world.item.AxeItem
[18:50:15] [main/DEBUG] (FabricLoader/Mixin) fabric-content-registries-v0.mixins.json:AxeItemAccessor from mod fabric-content-registries-v0: Class version 65 required is higher than the class version supported by the current version of Mixin (JAVA_17 supports class version 61)
[18:50:15] [main/DEBUG] (FabricLoader/Mixin) Renaming @Accessor method getStrippedBlocks()Ljava/util/Map; to getStrippedBlocks$fabric-content-registries-v0_$md$310282$0 in fabric-content-registries-v0.mixins.json:AxeItemAccessor from mod fabric-content-registries-v0
[18:50:15] [main/DEBUG] (FabricLoader/Mixin) Renaming @Accessor method setStrippedBlocks(Ljava/util/Map;)V to setStrippedBlocks$fabric-content-registries-v0_$md$310282$1 in fabric-content-registries-v0.mixins.json:AxeItemAccessor from mod fabric-content-registries-v0
[18:50:15] [main/DEBUG] (FabricLoader/Mixin) naturespirit.mixins.json:AxeItemMixin from mod natures_spirit->@Inject::isValid(Lnet/minecraft/world/item/context/UseOnContext;Lorg/spongepowered/asm/mixin/injection/callback/CallbackInfoReturnable;)V does use it's CallbackInfoReturnable
[18:50:15] [main/DEBUG] (FabricLoader/Mixin) Mixing HoeItemAccessor from fabric-content-registries-v0.mixins.json into net.minecraft.world.item.HoeItem
[18:50:15] [main/DEBUG] (FabricLoader/Mixin) fabric-content-registries-v0.mixins.json:HoeItemAccessor from mod fabric-content-registries-v0: Class version 65 required is higher than the class version supported by the current version of Mixin (JAVA_17 supports class version 61)
[18:50:15] [main/DEBUG] (FabricLoader/Mixin) Renaming @Accessor method getTillingActions()Ljava/util/Map; to getTillingActions$fabric-content-registries-v0_$md$310282$0 in fabric-content-registries-v0.mixins.json:HoeItemAccessor from mod fabric-content-registries-v0
[18:50:15] [main/DEBUG] (FabricLoader/Mixin) Mixing BucketItemAccessor from fabric-transfer-api-v1.mixins.json into net.minecraft.world.item.BucketItem
[18:50:15] [main/DEBUG] (FabricLoader/Mixin) fabric-transfer-api-v1.mixins.json:BucketItemAccessor from mod fabric-transfer-api-v1: Class version 65 required is higher than the class version supported by the current version of Mixin (JAVA_17 supports class version 61)
[18:50:15] [main/DEBUG] (FabricLoader/Mixin) Mixing BucketItemMixin from fabric-transfer-api-v1.mixins.json into net.minecraft.world.item.BucketItem
[18:50:15] [main/DEBUG] (FabricLoader/Mixin) fabric-transfer-api-v1.mixins.json:BucketItemMixin from mod fabric-transfer-api-v1: Class version 65 required is higher than the class version supported by the current version of Mixin (JAVA_17 supports class version 61)
[18:50:15] [main/DEBUG] (FabricLoader/Mixin) Mixing MapItemMixin from moonlight-common.mixins.json into net.minecraft.world.item.MapItem
[18:50:15] [main/DEBUG] (FabricLoader/Mixin) moonlight-common.mixins.json:MapItemMixin from mod moonlight: Class version 65 required is higher than the class version supported by the current version of Mixin (JAVA_17 supports class version 61)
[18:50:15] [main/DEBUG] (FabricLoader/Mixin) Renaming synthetic method lambda$update$1(Lnet/minecraft/world/level/saveddata/maps/MapItemSavedData;Lnet/minecraft/world/entity/Entity;Ljava/util/concurrent/atomic/AtomicBoolean;Lnet/mehvahdjukaar/moonlight/api/map/CustomMapData$Type;Lnet/mehvahdjukaar/moonlight/api/map/CustomMapData;)V to md310282$moonlight$lambda$update$1$0 in moonlight-common.mixins.json:MapItemMixin from mod moonlight
[18:50:15] [main/DEBUG] (FabricLoader/Mixin) Renaming synthetic method lambda$appendHoverText$0(Lnet/minecraft/world/level/saveddata/maps/MapItemSavedData;Lnet/minecraft/world/item/ItemStack;Ljava/util/List;Lnet/mehvahdjukaar/moonlight/api/map/CustomMapData$Type;Lnet/mehvahdjukaar/moonlight/api/map/CustomMapData;)V to md310282$moonlight$lambda$appendHoverText$0$1 in moonlight-common.mixins.json:MapItemMixin from mod moonlight
[18:50:15] [main/DEBUG] (FabricLoader/Mixin) moonlight-common.mixins.json:MapItemMixin from mod moonlight->@Inject::appendHoverText(Lnet/minecraft/world/item/ItemStack;Lnet/minecraft/world/item/Item$TooltipContext;Ljava/util/List;Lnet/minecraft/world/item/TooltipFlag;Lorg/spongepowered/asm/mixin/injection/callback/CallbackInfo;)V doesn't use it's CallbackInfo
[18:50:15] [main/DEBUG] (FabricLoader/Mixin) moonlight-common.mixins.json:MapItemMixin from mod moonlight->@Inject::appendHoverText(Lnet/minecraft/world/item/ItemStack;Lnet/minecraft/world/item/Item$TooltipContext;Ljava/util/List;Lnet/minecraft/world/item/TooltipFlag;Lorg/spongepowered/asm/mixin/injection/callback/CallbackInfo;)V has 0 override(s) in child classes
[18:50:15] [main/DEBUG] (FabricLoader/Mixin) moonlight-common.mixins.json:MapItemMixin from mod moonlight->@Inject::appendHoverText(Lnet/minecraft/world/item/ItemStack;Lnet/minecraft/world/item/Item$TooltipContext;Ljava/util/List;Lnet/minecraft/world/item/TooltipFlag;Lorg/spongepowered/asm/mixin/injection/callback/CallbackInfo;)V won't be passed a CallbackInfo as a result
[18:50:15] [main/DEBUG] (FabricLoader/Mixin) moonlight-common.mixins.json:MapItemMixin from mod moonlight->@Inject::update(Lnet/minecraft/world/level/Level;Lnet/minecraft/world/entity/Entity;Lnet/minecraft/world/level/saveddata/maps/MapItemSavedData;Lorg/spongepowered/asm/mixin/injection/callback/CallbackInfo;)V does use it's CallbackInfo
[18:50:15] [main/DEBUG] (FabricLoader/Mixin) Mixing ShearItemMixin from moonlight-common.mixins.json into net.minecraft.world.item.ShearsItem
[18:50:15] [main/DEBUG] (FabricLoader/Mixin) moonlight-common.mixins.json:ShearItemMixin from mod moonlight: Class version 65 required is higher than the class version supported by the current version of Mixin (JAVA_17 supports class version 61)
[18:50:15] [main/DEBUG] (FabricLoader/Mixin) Mixing HoneycombItemMixin from fabric-content-registries-v0.mixins.json into net.minecraft.world.item.HoneycombItem
[18:50:15] [main/DEBUG] (FabricLoader/Mixin) fabric-content-registries-v0.mixins.json:HoneycombItemMixin from mod fabric-content-registries-v0: Class version 65 required is higher than the class version supported by the current version of Mixin (JAVA_17 supports class version 61)
[18:50:15] [main/DEBUG] (FabricLoader/Mixin) fabric-content-registries-v0.mixins.json:HoneycombItemMixin from mod fabric-content-registries-v0->@Inject::createUnwaxedToWaxedMap(Lorg/spongepowered/asm/mixin/injection/callback/CallbackInfoReturnable;)V does use it's CallbackInfoReturnable
[18:50:15] [main/DEBUG] (FabricLoader/Mixin) Mixing BrushItemMixin from naturespirit.mixins.json into net.minecraft.world.item.BrushItem
[18:50:15] [main/DEBUG] (FabricLoader/Mixin) naturespirit.mixins.json:BrushItemMixin from mod natures_spirit->@Inject::injectCalciteClusterBrushing(Lnet/minecraft/world/level/Level;Lnet/minecraft/world/entity/LivingEntity;Lnet/minecraft/world/item/ItemStack;ILorg/spongepowered/asm/mixin/injection/callback/CallbackInfo;)V doesn't use it's CallbackInfo
[18:50:15] [main/DEBUG] (FabricLoader/Mixin) naturespirit.mixins.json:BrushItemMixin from mod natures_spirit->@Inject::injectCalciteClusterBrushing(Lnet/minecraft/world/level/Level;Lnet/minecraft/world/entity/LivingEntity;Lnet/minecraft/world/item/ItemStack;ILorg/spongepowered/asm/mixin/injection/callback/CallbackInfo;)V has 0 override(s) in child classes
[18:50:15] [main/DEBUG] (FabricLoader/Mixin) naturespirit.mixins.json:BrushItemMixin from mod natures_spirit->@Inject::injectCalciteClusterBrushing(Lnet/minecraft/world/level/Level;Lnet/minecraft/world/entity/LivingEntity;Lnet/minecraft/world/item/ItemStack;ILorg/spongepowered/asm/mixin/injection/callback/CallbackInfo;)V won't be passed a CallbackInfo as a result
[18:50:15] [main/DEBUG] (FabricLoader/Mixin) naturespirit.mixins.json:BrushItemMixin from mod natures_spirit->@Inject::useOnBlock(Lnet/minecraft/world/item/context/UseOnContext;Lorg/spongepowered/asm/mixin/injection/callback/CallbackInfoReturnable;)V doesn't use it's CallbackInfoReturnable
[18:50:15] [main/DEBUG] (FabricLoader/Mixin) naturespirit.mixins.json:BrushItemMixin from mod natures_spirit->@Inject::useOnBlock(Lnet/minecraft/world/item/context/UseOnContext;Lorg/spongepowered/asm/mixin/injection/callback/CallbackInfoReturnable;)V has 0 override(s) in child classes
[18:50:15] [main/DEBUG] (FabricLoader/Mixin) naturespirit.mixins.json:BrushItemMixin from mod natures_spirit->@Inject::useOnBlock(Lnet/minecraft/world/item/context/UseOnContext;Lorg/spongepowered/asm/mixin/injection/callback/CallbackInfoReturnable;)V won't be passed a CallbackInfoReturnable as a result
[18:50:15] [main/DEBUG] (FabricLoader/Mixin) Mixing ItemSettingsMixin from fabric-item-api-v1.mixins.json into net.minecraft.world.item.Item$Properties
[18:50:15] [main/DEBUG] (FabricLoader/Mixin) fabric-item-api-v1.mixins.json:ItemSettingsMixin from mod fabric-item-api-v1: Class version 65 required is higher than the class version supported by the current version of Mixin (JAVA_17 supports class version 61)
[18:50:15] [main/DEBUG] (FabricLoader/Mixin) Mixing TagKeyMixin from fabric-convention-tags-api-v2.mixins.json into net.minecraft.tags.TagKey
[18:50:15] [main/DEBUG] (FabricLoader/Mixin) fabric-convention-tags-api-v2.mixins.json:TagKeyMixin from mod fabric-convention-tags-v2: Class version 65 required is higher than the class version supported by the current version of Mixin (JAVA_17 supports class version 61)
[18:50:15] [main/DEBUG] (FabricLoader/Mixin) Mixing BundleContentsComponentAccessor from fabric-transfer-api-v1.mixins.json into net.minecraft.world.item.component.BundleContents
[18:50:15] [main/DEBUG] (FabricLoader/Mixin) fabric-transfer-api-v1.mixins.json:BundleContentsComponentAccessor from mod fabric-transfer-api-v1: Class version 65 required is higher than the class version supported by the current version of Mixin (JAVA_17 supports class version 61)
[18:50:15] [main/DEBUG] (FabricLoader/Mixin) Renaming @Invoker method getOccupancy(Lnet/minecraft/world/item/ItemStack;)Lorg/apache/commons/lang3/math/Fraction; to getOccupancy$fabric-transfer-api-v1_$md$310282$0 in fabric-transfer-api-v1.mixins.json:BundleContentsComponentAccessor from mod fabric-transfer-api-v1
[18:50:15] [main/DEBUG] (FabricLoader/Mixin) Mixing AttachmentTargetsMixin from fabric-data-attachment-api-v1.mixins.json into net.minecraft.world.level.chunk.ChunkAccess
[18:50:15] [main/DEBUG] (FabricLoader/Mixin) fabric-data-attachment-api-v1.mixins.json:AttachmentTargetsMixin from mod fabric-data-attachment-api-v1: Class version 65 required is higher than the class version supported by the current version of Mixin (JAVA_17 supports class version 61)
[18:50:15] [main/DEBUG] (FabricLoader/Mixin) Mixing ChunkMixin from fabric-data-attachment-api-v1.mixins.json into net.minecraft.world.level.chunk.ChunkAccess
[18:50:15] [main/DEBUG] (FabricLoader/Mixin) fabric-data-attachment-api-v1.mixins.json:ChunkMixin from mod fabric-data-attachment-api-v1: Class version 65 required is higher than the class version supported by the current version of Mixin (JAVA_17 supports class version 61)
[18:50:15] [main/DEBUG] (FabricLoader/Mixin) Mixing WorldChunkMixin from fabric-lifecycle-events-v1.client.mixins.json into net.minecraft.world.level.chunk.LevelChunk
[18:50:15] [main/DEBUG] (FabricLoader/Mixin) fabric-lifecycle-events-v1.client.mixins.json:WorldChunkMixin from mod fabric-lifecycle-events-v1: Class version 65 required is higher than the class version supported by the current version of Mixin (JAVA_17 supports class version 61)
[18:50:15] [main/DEBUG] (FabricLoader/Mixin) Mixing WorldChunkMixin from fabric-data-attachment-api-v1.mixins.json into net.minecraft.world.level.chunk.LevelChunk
[18:50:15] [main/DEBUG] (FabricLoader/Mixin) fabric-data-attachment-api-v1.mixins.json:WorldChunkMixin from mod fabric-data-attachment-api-v1: Class version 65 required is higher than the class version supported by the current version of Mixin (JAVA_17 supports class version 61)
[18:50:15] [main/DEBUG] (FabricLoader/Mixin) Renaming synthetic method lambda$fabric_syncChange$0(Lnet/fabricmc/fabric/api/attachment/v1/AttachmentType;Lnet/fabricmc/fabric/impl/attachment/sync/s2c/AttachmentSyncPayloadS2C;Lnet/minecraft/server/level/ServerPlayer;)V to md310282$fabric-data-attachment-api-v1$lambda$fabric_syncChange$0$0 in fabric-data-attachment-api-v1.mixins.json:WorldChunkMixin from mod fabric-data-attachment-api-v1
[18:50:15] [main/DEBUG] (FabricLoader/Mixin) Mixing LevelChunkMixin from moonlight-common.mixins.json into net.minecraft.world.level.chunk.LevelChunk
[18:50:15] [main/DEBUG] (FabricLoader/Mixin) moonlight-common.mixins.json:LevelChunkMixin from mod moonlight: Class version 65 required is higher than the class version supported by the current version of Mixin (JAVA_17 supports class version 61)
[18:50:15] [main/DEBUG] (FabricLoader/Mixin) fabric-lifecycle-events-v1.client.mixins.json:WorldChunkMixin from mod fabric-lifecycle-events-v1->@Inject::onLoadBlockEntity(Lnet/minecraft/world/level/block/entity/BlockEntity;Lorg/spongepowered/asm/mixin/injection/callback/CallbackInfo;)V doesn't use it's CallbackInfo
[18:50:15] [main/DEBUG] (FabricLoader/Mixin) fabric-lifecycle-events-v1.client.mixins.json:WorldChunkMixin from mod fabric-lifecycle-events-v1->@Inject::onLoadBlockEntity(Lnet/minecraft/world/level/block/entity/BlockEntity;Lorg/spongepowered/asm/mixin/injection/callback/CallbackInfo;)V has 0 override(s) in child classes
[18:50:15] [main/DEBUG] (FabricLoader/Mixin) fabric-lifecycle-events-v1.client.mixins.json:WorldChunkMixin from mod fabric-lifecycle-events-v1->@Inject::onLoadBlockEntity(Lnet/minecraft/world/level/block/entity/BlockEntity;Lorg/spongepowered/asm/mixin/injection/callback/CallbackInfo;)V won't be passed a CallbackInfo as a result
[18:50:15] [main/DEBUG] (FabricLoader/Mixin) fabric-lifecycle-events-v1.client.mixins.json:WorldChunkMixin from mod fabric-lifecycle-events-v1->@Inject::onRemoveBlockEntity(Lnet/minecraft/world/level/block/entity/BlockEntity;Lorg/spongepowered/asm/mixin/injection/callback/CallbackInfo;)V doesn't use it's CallbackInfo
[18:50:15] [main/DEBUG] (FabricLoader/Mixin) fabric-lifecycle-events-v1.client.mixins.json:WorldChunkMixin from mod fabric-lifecycle-events-v1->@Inject::onRemoveBlockEntity(Lnet/minecraft/world/level/block/entity/BlockEntity;Lorg/spongepowered/asm/mixin/injection/callback/CallbackInfo;)V has 0 override(s) in child classes
[18:50:15] [main/DEBUG] (FabricLoader/Mixin) fabric-lifecycle-events-v1.client.mixins.json:WorldChunkMixin from mod fabric-lifecycle-events-v1->@Inject::onRemoveBlockEntity(Lnet/minecraft/world/level/block/entity/BlockEntity;Lorg/spongepowered/asm/mixin/injection/callback/CallbackInfo;)V won't be passed a CallbackInfo as a result
[18:50:15] [main/DEBUG] (FabricLoader/Mixin) fabric-lifecycle-events-v1.client.mixins.json:WorldChunkMixin from mod fabric-lifecycle-events-v1->@Inject::onRemoveBlockEntity(Lnet/minecraft/core/BlockPos;Lorg/spongepowered/asm/mixin/injection/callback/CallbackInfo;Lnet/minecraft/world/level/block/entity/BlockEntity;)V doesn't use it's CallbackInfo
[18:50:15] [main/DEBUG] (FabricLoader/Mixin) fabric-lifecycle-events-v1.client.mixins.json:WorldChunkMixin from mod fabric-lifecycle-events-v1->@Inject::onRemoveBlockEntity(Lnet/minecraft/core/BlockPos;Lorg/spongepowered/asm/mixin/injection/callback/CallbackInfo;Lnet/minecraft/world/level/block/entity/BlockEntity;)V has 0 override(s) in child classes
[18:50:15] [main/DEBUG] (FabricLoader/Mixin) fabric-lifecycle-events-v1.client.mixins.json:WorldChunkMixin from mod fabric-lifecycle-events-v1->@Inject::onRemoveBlockEntity(Lnet/minecraft/core/BlockPos;Lorg/spongepowered/asm/mixin/injection/callback/CallbackInfo;Lnet/minecraft/world/level/block/entity/BlockEntity;)V won't be passed a CallbackInfo as a result
[18:50:15] [main/DEBUG] (FabricLoader/Mixin) fabric-data-attachment-api-v1.mixins.json:WorldChunkMixin from mod fabric-data-attachment-api-v1->@Inject::transferProtoChunkAttachement(Lnet/minecraft/server/level/ServerLevel;Lnet/minecraft/world/level/chunk/ProtoChunk;Lnet/minecraft/world/level/chunk/LevelChunk$PostLoadProcessor;Lorg/spongepowered/asm/mixin/injection/callback/CallbackInfo;)V doesn't use it's CallbackInfo
[18:50:15] [main/DEBUG] (FabricLoader/Mixin) fabric-data-attachment-api-v1.mixins.json:WorldChunkMixin from mod fabric-data-attachment-api-v1->@Inject::transferProtoChunkAttachement(Lnet/minecraft/server/level/ServerLevel;Lnet/minecraft/world/level/chunk/ProtoChunk;Lnet/minecraft/world/level/chunk/LevelChunk$PostLoadProcessor;Lorg/spongepowered/asm/mixin/injection/callback/CallbackInfo;)V has 0 override(s) in child classes
[18:50:15] [main/DEBUG] (FabricLoader/Mixin) fabric-data-attachment-api-v1.mixins.json:WorldChunkMixin from mod fabric-data-attachment-api-v1->@Inject::transferProtoChunkAttachement(Lnet/minecraft/server/level/ServerLevel;Lnet/minecraft/world/level/chunk/ProtoChunk;Lnet/minecraft/world/level/chunk/LevelChunk$PostLoadProcessor;Lorg/spongepowered/asm/mixin/injection/callback/CallbackInfo;)V won't be passed a CallbackInfo as a result
[18:50:15] [main/DEBUG] (FabricLoader/Mixin) Mixing ContainerComponentAccessor from fabric-transfer-api-v1.mixins.json into net.minecraft.world.item.component.ItemContainerContents
[18:50:15] [main/DEBUG] (FabricLoader/Mixin) fabric-transfer-api-v1.mixins.json:ContainerComponentAccessor from mod fabric-transfer-api-v1: Class version 65 required is higher than the class version supported by the current version of Mixin (JAVA_17 supports class version 61)
[18:50:16] [main/DEBUG] (FabricLoader/Mixin) Mixing EntityTypeBuilderMixin from fabric-object-builder-v1.mixins.json into net.minecraft.world.entity.EntityType$Builder
[18:50:16] [main/DEBUG] (FabricLoader/Mixin) fabric-object-builder-v1.mixins.json:EntityTypeBuilderMixin from mod fabric-object-builder-api-v1: Class version 65 required is higher than the class version supported by the current version of Mixin (JAVA_17 supports class version 61)
[18:50:16] [main/DEBUG] (FabricLoader/Mixin) fabric-object-builder-v1.mixins.json:EntityTypeBuilderMixin from mod fabric-object-builder-api-v1->@Inject::applyChildBuilders(Ljava/lang/String;Lorg/spongepowered/asm/mixin/injection/callback/CallbackInfoReturnable;)V does use it's CallbackInfoReturnable
[18:50:16] [main/DEBUG] (FabricLoader/Mixin) Mixing ExperienceOrbMixin from framework.mixins.json into net.minecraft.world.entity.ExperienceOrb
[18:50:16] [main/DEBUG] (FabricLoader/Mixin) framework.mixins.json:ExperienceOrbMixin from mod framework->@Inject::frameworkOnPlayerTouch(Lnet/minecraft/world/entity/player/Player;Lorg/spongepowered/asm/mixin/injection/callback/CallbackInfo;)V does use it's CallbackInfo
[18:50:16] [main/DEBUG] (FabricLoader/Mixin) Mixing BeeGoalMixin from moonlight.mixins.json into net.minecraft.world.entity.animal.Bee$BeeGrowCropGoal
[18:50:16] [main/DEBUG] (FabricLoader/Mixin) moonlight.mixins.json:BeeGoalMixin from mod moonlight: Class version 65 required is higher than the class version supported by the current version of Mixin (JAVA_17 supports class version 61)
[18:50:16] [main/DEBUG] (FabricLoader/Mixin) moonlight.mixins.json:BeeGoalMixin from mod moonlight->@Inject::moonlight$tickBeeGrowable(Lorg/spongepowered/asm/mixin/injection/callback/CallbackInfo;)V does use it's CallbackInfo
[18:50:16] [main/DEBUG] (FabricLoader/Mixin) Mixing entity.boat.BoatDropsMixin from naturespirit.mixins.json into net.minecraft.world.entity.vehicle.Boat
[18:50:16] [main/DEBUG] (FabricLoader/Mixin) naturespirit.mixins.json:entity.boat.BoatDropsMixin from mod natures_spirit->@Inject::getNaturesSpiritBoats(Lorg/spongepowered/asm/mixin/injection/callback/CallbackInfoReturnable;)V does use it's CallbackInfoReturnable
[18:50:16] [main/DEBUG] (FabricLoader/Mixin) Mixing entity.boat.ChestBoatDropsMixin from naturespirit.mixins.json into net.minecraft.world.entity.vehicle.ChestBoat
[18:50:16] [main/DEBUG] (FabricLoader/Mixin) naturespirit.mixins.json:entity.boat.ChestBoatDropsMixin from mod natures_spirit->@Inject::getNaturesSpiritBoats(Lorg/spongepowered/asm/mixin/injection/callback/CallbackInfoReturnable;)V does use it's CallbackInfoReturnable
[18:50:16] [main/DEBUG] (FabricLoader/Mixin) Mixing ServerPlayerMixin from framework.mixins.json into net.minecraft.server.level.ServerPlayer
[18:50:16] [main/DEBUG] (FabricLoader/Mixin) Mixing ServerPlayerEntityMixin from fabric-screen-handler-api-v1.mixins.json into net.minecraft.server.level.ServerPlayer
[18:50:16] [main/DEBUG] (FabricLoader/Mixin) fabric-screen-handler-api-v1.mixins.json:ServerPlayerEntityMixin from mod fabric-screen-handler-api-v1: Class version 65 required is higher than the class version supported by the current version of Mixin (JAVA_17 supports class version 61)
[18:50:16] [main/DEBUG] (FabricLoader/Mixin) Mixing ServerPlayerAccessor from moonlight.mixins.json into net.minecraft.server.level.ServerPlayer
[18:50:16] [main/DEBUG] (FabricLoader/Mixin) moonlight.mixins.json:ServerPlayerAccessor from mod moonlight: Class version 65 required is higher than the class version supported by the current version of Mixin (JAVA_17 supports class version 61)
[18:50:16] [main/DEBUG] (FabricLoader/Mixin) Mixing ServerPlayerMixin from moonlight-common.mixins.json into net.minecraft.server.level.ServerPlayer
[18:50:16] [main/DEBUG] (FabricLoader/Mixin) moonlight-common.mixins.json:ServerPlayerMixin from mod moonlight: Class version 65 required is higher than the class version supported by the current version of Mixin (JAVA_17 supports class version 61)
[18:50:16] [main/DEBUG] (FabricLoader/Mixin) Mixing ServerPlayerEntityMixin from fabric-events-interaction-v0.mixins.json into net.minecraft.server.level.ServerPlayer
[18:50:16] [main/DEBUG] (FabricLoader/Mixin) fabric-events-interaction-v0.mixins.json:ServerPlayerEntityMixin from mod fabric-events-interaction-v0: Class version 65 required is higher than the class version supported by the current version of Mixin (JAVA_17 supports class version 61)
[18:50:16] [main/DEBUG] (FabricLoader/Mixin) Mixing ServerPlayerEntityMixin from fabric-entity-events-v1.mixins.json into net.minecraft.server.level.ServerPlayer
[18:50:16] [main/DEBUG] (FabricLoader/Mixin) fabric-entity-events-v1.mixins.json:ServerPlayerEntityMixin from mod fabric-entity-events-v1: Class version 65 required is higher than the class version supported by the current version of Mixin (JAVA_17 supports class version 61)
[18:50:16] [main/DEBUG] (FabricLoader/Mixin) framework.mixins.json:ServerPlayerMixin from mod framework->@Inject::frameworkOnDie(Lnet/minecraft/world/damagesource/DamageSource;Lorg/spongepowered/asm/mixin/injection/callback/CallbackInfo;)V does use it's CallbackInfo
[18:50:16] [main/DEBUG] (FabricLoader/Mixin) fabric-screen-handler-api-v1.mixins.json:ServerPlayerEntityMixin from mod fabric-screen-handler-api-v1->@Inject::fabric_storeOpenedScreenHandler(Lnet/minecraft/world/MenuProvider;Lorg/spongepowered/asm/mixin/injection/callback/CallbackInfoReturnable;Lnet/minecraft/world/inventory/AbstractContainerMenu;)V doesn't use it's CallbackInfoReturnable
[18:50:16] [main/DEBUG] (FabricLoader/Mixin) fabric-screen-handler-api-v1.mixins.json:ServerPlayerEntityMixin from mod fabric-screen-handler-api-v1->@Inject::fabric_storeOpenedScreenHandler(Lnet/minecraft/world/MenuProvider;Lorg/spongepowered/asm/mixin/injection/callback/CallbackInfoReturnable;Lnet/minecraft/world/inventory/AbstractContainerMenu;)V has 0 override(s) in child classes
[18:50:16] [main/DEBUG] (FabricLoader/Mixin) fabric-screen-handler-api-v1.mixins.json:ServerPlayerEntityMixin from mod fabric-screen-handler-api-v1->@Inject::fabric_storeOpenedScreenHandler(Lnet/minecraft/world/MenuProvider;Lorg/spongepowered/asm/mixin/injection/callback/CallbackInfoReturnable;Lnet/minecraft/world/inventory/AbstractContainerMenu;)V won't be passed a CallbackInfoReturnable as a result
[18:50:16] [main/DEBUG] (FabricLoader/Mixin) fabric-events-interaction-v0.mixins.json:ServerPlayerEntityMixin from mod fabric-events-interaction-v0->@Inject::onPlayerInteractEntity(Lnet/minecraft/world/entity/Entity;Lorg/spongepowered/asm/mixin/injection/callback/CallbackInfo;)V does use it's CallbackInfo
[18:50:16] [main/DEBUG] (FabricLoader/Mixin) fabric-entity-events-v1.mixins.json:ServerPlayerEntityMixin from mod fabric-entity-events-v1->@Inject::callOnKillForPlayer(Lnet/minecraft/world/damagesource/DamageSource;Lorg/spongepowered/asm/mixin/injection/callback/CallbackInfo;)V doesn't use it's CallbackInfo
[18:50:16] [main/DEBUG] (FabricLoader/Mixin) fabric-entity-events-v1.mixins.json:ServerPlayerEntityMixin from mod fabric-entity-events-v1->@Inject::callOnKillForPlayer(Lnet/minecraft/world/damagesource/DamageSource;Lorg/spongepowered/asm/mixin/injection/callback/CallbackInfo;)V has 0 override(s) in child classes
[18:50:16] [main/DEBUG] (FabricLoader/Mixin) fabric-entity-events-v1.mixins.json:ServerPlayerEntityMixin from mod fabric-entity-events-v1->@Inject::callOnKillForPlayer(Lnet/minecraft/world/damagesource/DamageSource;Lorg/spongepowered/asm/mixin/injection/callback/CallbackInfo;)V won't be passed a CallbackInfo as a result
[18:50:16] [main/DEBUG] (FabricLoader/Mixin) fabric-entity-events-v1.mixins.json:ServerPlayerEntityMixin from mod fabric-entity-events-v1->@Inject::notifyDeath(Lnet/minecraft/world/damagesource/DamageSource;Lorg/spongepowered/asm/mixin/injection/callback/CallbackInfo;)V doesn't use it's CallbackInfo
[18:50:16] [main/DEBUG] (FabricLoader/Mixin) fabric-entity-events-v1.mixins.json:ServerPlayerEntityMixin from mod fabric-entity-events-v1->@Inject::notifyDeath(Lnet/minecraft/world/damagesource/DamageSource;Lorg/spongepowered/asm/mixin/injection/callback/CallbackInfo;)V has 0 override(s) in child classes
[18:50:16] [main/DEBUG] (FabricLoader/Mixin) fabric-entity-events-v1.mixins.json:ServerPlayerEntityMixin from mod fabric-entity-events-v1->@Inject::notifyDeath(Lnet/minecraft/world/damagesource/DamageSource;Lorg/spongepowered/asm/mixin/injection/callback/CallbackInfo;)V won't be passed a CallbackInfo as a result
[18:50:16] [main/DEBUG] (FabricLoader/Mixin) fabric-entity-events-v1.mixins.json:ServerPlayerEntityMixin from mod fabric-entity-events-v1->@Inject::afterWorldChanged(Lnet/minecraft/server/level/ServerLevel;Lorg/spongepowered/asm/mixin/injection/callback/CallbackInfo;)V doesn't use it's CallbackInfo
[18:50:16] [main/DEBUG] (FabricLoader/Mixin) fabric-entity-events-v1.mixins.json:ServerPlayerEntityMixin from mod fabric-entity-events-v1->@Inject::afterWorldChanged(Lnet/minecraft/server/level/ServerLevel;Lorg/spongepowered/asm/mixin/injection/callback/CallbackInfo;)V has 0 override(s) in child classes
[18:50:16] [main/DEBUG] (FabricLoader/Mixin) fabric-entity-events-v1.mixins.json:ServerPlayerEntityMixin from mod fabric-entity-events-v1->@Inject::afterWorldChanged(Lnet/minecraft/server/level/ServerLevel;Lorg/spongepowered/asm/mixin/injection/callback/CallbackInfo;)V won't be passed a CallbackInfo as a result
[18:50:16] [main/DEBUG] (FabricLoader/Mixin) fabric-entity-events-v1.mixins.json:ServerPlayerEntityMixin from mod fabric-entity-events-v1->@Inject::onCopyFrom(Lnet/minecraft/server/level/ServerPlayer;ZLorg/spongepowered/asm/mixin/injection/callback/CallbackInfo;)V doesn't use it's CallbackInfo
[18:50:16] [main/DEBUG] (FabricLoader/Mixin) fabric-entity-events-v1.mixins.json:ServerPlayerEntityMixin from mod fabric-entity-events-v1->@Inject::onCopyFrom(Lnet/minecraft/server/level/ServerPlayer;ZLorg/spongepowered/asm/mixin/injection/callback/CallbackInfo;)V has 0 override(s) in child classes
[18:50:16] [main/DEBUG] (FabricLoader/Mixin) fabric-entity-events-v1.mixins.json:ServerPlayerEntityMixin from mod fabric-entity-events-v1->@Inject::onCopyFrom(Lnet/minecraft/server/level/ServerPlayer;ZLorg/spongepowered/asm/mixin/injection/callback/CallbackInfo;)V won't be passed a CallbackInfo as a result
[18:50:16] [main/DEBUG] (FabricLoader/Mixin) fabric-entity-events-v1.mixins.json:ServerPlayerEntityMixin from mod fabric-entity-events-v1->@Inject::onTrySleepDirectionCheck(Lnet/minecraft/core/BlockPos;Lorg/spongepowered/asm/mixin/injection/callback/CallbackInfoReturnable;Lnet/minecraft/core/Direction;)V does use it's CallbackInfoReturnable
[18:50:16] [main/DEBUG] (FabricLoader/Mixin) Mixing FixBlockPlaceContextMixin from moonlight-common.mixins.json into net.minecraft.world.item.context.BlockPlaceContext
[18:50:16] [main/DEBUG] (FabricLoader/Mixin) moonlight-common.mixins.json:FixBlockPlaceContextMixin from mod moonlight: Class version 65 required is higher than the class version supported by the current version of Mixin (JAVA_17 supports class version 61)
[18:50:16] [main/DEBUG] (FabricLoader/Mixin) moonlight-common.mixins.json:FixBlockPlaceContextMixin from mod moonlight->@Inject::moonlight$fixNotAccountingForNullPlayer1(Lorg/spongepowered/asm/mixin/injection/callback/CallbackInfoReturnable;)V does use it's CallbackInfoReturnable
[18:50:16] [main/DEBUG] (FabricLoader/Mixin) moonlight-common.mixins.json:FixBlockPlaceContextMixin from mod moonlight->@Inject::moonlight$fixNotAccountingForNullPlayer2(Lorg/spongepowered/asm/mixin/injection/callback/CallbackInfoReturnable;)V does use it's CallbackInfoReturnable
[18:50:16] [main/DEBUG] (FabricLoader/Mixin) moonlight-common.mixins.json:FixBlockPlaceContextMixin from mod moonlight->@Inject::moonlight$fixNotAccountingForNullPlayer3(Lorg/spongepowered/asm/mixin/injection/callback/CallbackInfoReturnable;)V does use it's CallbackInfoReturnable
[18:50:16] [main/DEBUG] (FabricLoader/Mixin) Mixing LightningEntityMixin from moonlight-common.mixins.json into net.minecraft.world.entity.LightningBolt
[18:50:16] [main/DEBUG] (FabricLoader/Mixin) moonlight-common.mixins.json:LightningEntityMixin from mod moonlight: Class version 65 required is higher than the class version supported by the current version of Mixin (JAVA_17 supports class version 61)
[18:50:16] [main/DEBUG] (FabricLoader/Mixin) moonlight-common.mixins.json:LightningEntityMixin from mod moonlight->@Inject::powerLightningRod(Lorg/spongepowered/asm/mixin/injection/callback/CallbackInfo;)V doesn't use it's CallbackInfo
[18:50:16] [main/DEBUG] (FabricLoader/Mixin) moonlight-common.mixins.json:LightningEntityMixin from mod moonlight->@Inject::powerLightningRod(Lorg/spongepowered/asm/mixin/injection/callback/CallbackInfo;)V has 0 override(s) in child classes
[18:50:16] [main/DEBUG] (FabricLoader/Mixin) moonlight-common.mixins.json:LightningEntityMixin from mod moonlight->@Inject::powerLightningRod(Lorg/spongepowered/asm/mixin/injection/callback/CallbackInfo;)V won't be passed a CallbackInfo as a result
[18:50:16] [main/DEBUG] (FabricLoader/Mixin) Mixing MooshroomEntityMixin from fabric-entity-events-v1.mixins.json into net.minecraft.world.entity.animal.MushroomCow
[18:50:16] [main/DEBUG] (FabricLoader/Mixin) fabric-entity-events-v1.mixins.json:MooshroomEntityMixin from mod fabric-entity-events-v1: Class version 65 required is higher than the class version supported by the current version of Mixin (JAVA_17 supports class version 61)
[18:50:16] [main/DEBUG] (FabricLoader/Mixin) Mixing PigEntityMixin from fabric-entity-events-v1.mixins.json into net.minecraft.world.entity.animal.Pig
[18:50:16] [main/DEBUG] (FabricLoader/Mixin) fabric-entity-events-v1.mixins.json:PigEntityMixin from mod fabric-entity-events-v1: Class version 65 required is higher than the class version supported by the current version of Mixin (JAVA_17 supports class version 61)
[18:50:16] [main/DEBUG] (FabricLoader/Mixin) Mixing ThrownPotionMixin from moonlight-common.mixins.json into net.minecraft.world.entity.projectile.ThrownPotion
[18:50:16] [main/DEBUG] (FabricLoader/Mixin) moonlight-common.mixins.json:ThrownPotionMixin from mod moonlight: Class version 65 required is higher than the class version supported by the current version of Mixin (JAVA_17 supports class version 61)
[18:50:16] [main/DEBUG] (FabricLoader/Mixin) moonlight-common.mixins.json:ThrownPotionMixin from mod moonlight->@Inject::moonlight$extinguishILightables(Lnet/minecraft/core/BlockPos;Lorg/spongepowered/asm/mixin/injection/callback/CallbackInfo;)V doesn't use it's CallbackInfo
[18:50:16] [main/DEBUG] (FabricLoader/Mixin) moonlight-common.mixins.json:ThrownPotionMixin from mod moonlight->@Inject::moonlight$extinguishILightables(Lnet/minecraft/core/BlockPos;Lorg/spongepowered/asm/mixin/injection/callback/CallbackInfo;)V has 0 override(s) in child classes
[18:50:16] [main/DEBUG] (FabricLoader/Mixin) moonlight-common.mixins.json:ThrownPotionMixin from mod moonlight->@Inject::moonlight$extinguishILightables(Lnet/minecraft/core/BlockPos;Lorg/spongepowered/asm/mixin/injection/callback/CallbackInfo;)V won't be passed a CallbackInfo as a result
[18:50:16] [main/DEBUG] (FabricLoader/Mixin) Mixing VillagerMixin from moonlight-common.mixins.json into net.minecraft.world.entity.npc.Villager
[18:50:16] [main/DEBUG] (FabricLoader/Mixin) moonlight-common.mixins.json:VillagerMixin from mod moonlight: Class version 65 required is higher than the class version supported by the current version of Mixin (JAVA_17 supports class version 61)
[18:50:16] [main/DEBUG] (FabricLoader/Mixin) Mixing VillagerEntityAccessor from fabric-content-registries-v0.mixins.json into net.minecraft.world.entity.npc.Villager
[18:50:16] [main/DEBUG] (FabricLoader/Mixin) fabric-content-registries-v0.mixins.json:VillagerEntityAccessor from mod fabric-content-registries-v0: Class version 65 required is higher than the class version supported by the current version of Mixin (JAVA_17 supports class version 61)
[18:50:16] [main/DEBUG] (FabricLoader/Mixin) Renaming @Accessor method fabric_setItemFoodValues(Ljava/util/Map;)V to fabric_setItemFoodValues$fabric-content-registries-v0_$md$310282$0 in fabric-content-registries-v0.mixins.json:VillagerEntityAccessor from mod fabric-content-registries-v0
[18:50:16] [main/DEBUG] (FabricLoader/Mixin) Renaming @Accessor method fabric_setGatherableItems(Ljava/util/Set;)V to fabric_setGatherableItems$fabric-content-registries-v0_$md$310282$1 in fabric-content-registries-v0.mixins.json:VillagerEntityAccessor from mod fabric-content-registries-v0
[18:50:16] [main/DEBUG] (FabricLoader/Mixin) Renaming @Accessor method fabric_getGatherableItems()Ljava/util/Set; to fabric_getGatherableItems$fabric-content-registries-v0_$md$310282$2 in fabric-content-registries-v0.mixins.json:VillagerEntityAccessor from mod fabric-content-registries-v0
[18:50:16] [main/DEBUG] (FabricLoader/Mixin) Mixing VillagerEntityMixin from fabric-entity-events-v1.mixins.json into net.minecraft.world.entity.npc.Villager
[18:50:16] [main/DEBUG] (FabricLoader/Mixin) fabric-entity-events-v1.mixins.json:VillagerEntityMixin from mod fabric-entity-events-v1: Class version 65 required is higher than the class version supported by the current version of Mixin (JAVA_17 supports class version 61)
[18:50:16] [main/DEBUG] (FabricLoader/Mixin) moonlight-common.mixins.json:VillagerMixin from mod moonlight->@Inject::reg(Lnet/minecraft/world/entity/ai/Brain;Lorg/spongepowered/asm/mixin/injection/callback/CallbackInfo;)V doesn't use it's CallbackInfo
[18:50:16] [main/DEBUG] (FabricLoader/Mixin) moonlight-common.mixins.json:VillagerMixin from mod moonlight->@Inject::reg(Lnet/minecraft/world/entity/ai/Brain;Lorg/spongepowered/asm/mixin/injection/callback/CallbackInfo;)V has 0 override(s) in child classes
[18:50:16] [main/DEBUG] (FabricLoader/Mixin) moonlight-common.mixins.json:VillagerMixin from mod moonlight->@Inject::reg(Lnet/minecraft/world/entity/ai/Brain;Lorg/spongepowered/asm/mixin/injection/callback/CallbackInfo;)V won't be passed a CallbackInfo as a result
[18:50:16] [main/DEBUG] (FabricLoader/Mixin) Mixing entity.boat.BoatTypeMixin from naturespirit.mixins.json into net.minecraft.world.entity.vehicle.Boat$Type
[18:50:16] [main/DEBUG] (FabricLoader/Mixin) Renaming @Invoker method newType(Ljava/lang/String;ILnet/minecraft/world/level/block/Block;Ljava/lang/String;)Lnet/minecraft/world/entity/vehicle/Boat$Type; to newType$natures_spirit_$md$310282$0 in naturespirit.mixins.json:entity.boat.BoatTypeMixin from mod natures_spirit
[18:50:16] [main/DEBUG] (FabricLoader/Mixin) naturespirit.mixins.json:entity.boat.BoatTypeMixin from mod natures_spirit->@Inject::addCustomBoatType(Lorg/spongepowered/asm/mixin/injection/callback/CallbackInfo;)V doesn't use it's CallbackInfo
[18:50:16] [main/DEBUG] (FabricLoader/Mixin) Mixing ingredient.IngredientMixin from fabric-recipe-api-v1.mixins.json into net.minecraft.world.item.crafting.Ingredient
[18:50:16] [main/DEBUG] (FabricLoader/Mixin) fabric-recipe-api-v1.mixins.json:ingredient.IngredientMixin from mod fabric-recipe-api-v1: Class version 65 required is higher than the class version supported by the current version of Mixin (JAVA_17 supports class version 61)
[18:50:16] [main/DEBUG] (FabricLoader/Mixin) Renaming synthetic method lambda$injectCodec$3(Lnet/minecraft/world/item/crafting/Ingredient;)Lcom/mojang/datafixers/util/Either; to md310282$fabric-recipe-api-v1$lambda$injectCodec$3$0 in fabric-recipe-api-v1.mixins.json:ingredient.IngredientMixin from mod fabric-recipe-api-v1
[18:50:16] [main/DEBUG] (FabricLoader/Mixin) Renaming synthetic method lambda$injectCodec$2(Lcom/mojang/datafixers/util/Either;)Lnet/minecraft/world/item/crafting/Ingredient; to md310282$fabric-recipe-api-v1$lambda$injectCodec$2$1 in fabric-recipe-api-v1.mixins.json:ingredient.IngredientMixin from mod fabric-recipe-api-v1
[18:50:16] [main/DEBUG] (FabricLoader/Mixin) Renaming synthetic method lambda$injectCodec$1(Lnet/minecraft/world/item/crafting/Ingredient;)Lnet/minecraft/world/item/crafting/Ingredient; to md310282$fabric-recipe-api-v1$lambda$injectCodec$1$2 in fabric-recipe-api-v1.mixins.json:ingredient.IngredientMixin from mod fabric-recipe-api-v1
[18:50:16] [main/DEBUG] (FabricLoader/Mixin) Renaming synthetic method lambda$injectCodec$0(ZLnet/fabricmc/fabric/api/recipe/v1/ingredient/CustomIngredientSerializer;)Lcom/mojang/serialization/MapCodec; to md310282$fabric-recipe-api-v1$lambda$injectCodec$0$3 in fabric-recipe-api-v1.mixins.json:ingredient.IngredientMixin from mod fabric-recipe-api-v1
[18:50:16] [main/DEBUG] (FabricLoader/Mixin) fabric-recipe-api-v1.mixins.json:ingredient.IngredientMixin from mod fabric-recipe-api-v1->@Inject::injectCodec(ZLorg/spongepowered/asm/mixin/injection/callback/CallbackInfoReturnable;)V does use it's CallbackInfoReturnable
[18:50:16] [main/DEBUG] (FabricLoader/Mixin) Mixing EntitySelectorOptionsAccessor from fabric-command-api-v2.mixins.json into net.minecraft.commands.arguments.selector.options.EntitySelectorOptions
[18:50:16] [main/DEBUG] (FabricLoader/Mixin) fabric-command-api-v2.mixins.json:EntitySelectorOptionsAccessor from mod fabric-command-api-v2: Class version 65 required is higher than the class version supported by the current version of Mixin (JAVA_17 supports class version 61)
[18:50:16] [main/DEBUG] (FabricLoader/Mixin) Renaming @Invoker method callPutOption(Ljava/lang/String;Lnet/minecraft/commands/arguments/selector/options/EntitySelectorOptions$Modifier;Ljava/util/function/Predicate;Lnet/minecraft/network/chat/Component;)V to callPutOption$fabric-command-api-v2_$md$310282$0 in fabric-command-api-v2.mixins.json:EntitySelectorOptionsAccessor from mod fabric-command-api-v2
[18:50:16] [main/DEBUG] (FabricLoader/Mixin) Mixing EntitySelectorReaderMixin from fabric-command-api-v2.mixins.json into net.minecraft.commands.arguments.selector.EntitySelectorParser
[18:50:16] [main/DEBUG] (FabricLoader/Mixin) fabric-command-api-v2.mixins.json:EntitySelectorReaderMixin from mod fabric-command-api-v2: Class version 65 required is higher than the class version supported by the current version of Mixin (JAVA_17 supports class version 61)
[18:50:16] [main/DEBUG] (FabricLoader/Mixin) Mixing BlockEntityTypeBuilderMixin from fabric-object-builder-v1.mixins.json into net.minecraft.world.level.block.entity.BlockEntityType$Builder
[18:50:16] [main/DEBUG] (FabricLoader/Mixin) fabric-object-builder-v1.mixins.json:BlockEntityTypeBuilderMixin from mod fabric-object-builder-api-v1: Class version 65 required is higher than the class version supported by the current version of Mixin (JAVA_17 supports class version 61)
[18:50:17] [main/DEBUG] (FabricLoader/Mixin) Generating mapped inner class net/minecraft/world/level/block/entity/ChiseledBookShelfBlockEntity$Anonymous$94df43618e9d41f2aac961055c3e2e50 (originally net/fabricmc/fabric/mixin/transfer/ChiseledBookshelfBlockEntityMixin$1)
[18:50:17] [main/DEBUG] (FabricLoader/Mixin) Mixing StatsTypeAccessor from naturespirit.mixins.json into net.minecraft.stats.Stats
[18:50:17] [main/DEBUG] (FabricLoader/Mixin) Renaming @Invoker method registerNew(Ljava/lang/String;Lnet/minecraft/stats/StatFormatter;)Lnet/minecraft/resources/ResourceLocation; to registerNew$natures_spirit_$md$310282$0 in naturespirit.mixins.json:StatsTypeAccessor from mod natures_spirit
[18:50:17] [main/DEBUG] (FabricLoader/Mixin) Mixing MenuTypeAccessor from moonlight.mixins.json into net.minecraft.world.inventory.MenuType
[18:50:17] [main/DEBUG] (FabricLoader/Mixin) moonlight.mixins.json:MenuTypeAccessor from mod moonlight: Class version 65 required is higher than the class version supported by the current version of Mixin (JAVA_17 supports class version 61)
[18:50:17] [main/DEBUG] (FabricLoader/Mixin) Mixing InventoryMixin from moonlight-common.mixins.json into net.minecraft.world.entity.player.Inventory
[18:50:17] [main/DEBUG] (FabricLoader/Mixin) moonlight-common.mixins.json:InventoryMixin from mod moonlight: Class version 65 required is higher than the class version supported by the current version of Mixin (JAVA_17 supports class version 61)
[18:50:17] [main/DEBUG] (FabricLoader/Mixin) moonlight-common.mixins.json:InventoryMixin from mod moonlight->@Inject::ml$fireDropEvent(Lorg/spongepowered/asm/mixin/injection/callback/CallbackInfo;)V doesn't use it's CallbackInfo
[18:50:17] [main/DEBUG] (FabricLoader/Mixin) moonlight-common.mixins.json:InventoryMixin from mod moonlight->@Inject::ml$fireDropEvent(Lorg/spongepowered/asm/mixin/injection/callback/CallbackInfo;)V has 0 override(s) in child classes
[18:50:17] [main/DEBUG] (FabricLoader/Mixin) moonlight-common.mixins.json:InventoryMixin from mod moonlight->@Inject::ml$fireDropEvent(Lorg/spongepowered/asm/mixin/injection/callback/CallbackInfo;)V won't be passed a CallbackInfo as a result
[18:50:17] [main/DEBUG] (FabricLoader/Mixin) moonlight-common.mixins.json:InventoryMixin from mod moonlight->@Inject::ml$restoreNotDropped(Lorg/spongepowered/asm/mixin/injection/callback/CallbackInfo;)V doesn't use it's CallbackInfo
[18:50:17] [main/DEBUG] (FabricLoader/Mixin) moonlight-common.mixins.json:InventoryMixin from mod moonlight->@Inject::ml$restoreNotDropped(Lorg/spongepowered/asm/mixin/injection/callback/CallbackInfo;)V has 0 override(s) in child classes
[18:50:17] [main/DEBUG] (FabricLoader/Mixin) moonlight-common.mixins.json:InventoryMixin from mod moonlight->@Inject::ml$restoreNotDropped(Lorg/spongepowered/asm/mixin/injection/callback/CallbackInfo;)V won't be passed a CallbackInfo as a result
[18:50:17] [main/DEBUG] (FabricLoader/Mixin) Mixing SimpleInventoryMixin from fabric-transfer-api-v1.mixins.json into net.minecraft.world.SimpleContainer
[18:50:17] [main/DEBUG] (FabricLoader/Mixin) fabric-transfer-api-v1.mixins.json:SimpleInventoryMixin from mod fabric-transfer-api-v1: Class version 65 required is higher than the class version supported by the current version of Mixin (JAVA_17 supports class version 61)
[18:50:17] [main/DEBUG] (FabricLoader/Mixin) Mixing ResultSlotMixin from framework.mixins.json into net.minecraft.world.inventory.ResultSlot
[18:50:17] [main/DEBUG] (FabricLoader/Mixin) framework.mixins.json:ResultSlotMixin from mod framework->@Inject::frameworkOnItemCrafted(Lnet/minecraft/world/item/ItemStack;Lorg/spongepowered/asm/mixin/injection/callback/CallbackInfo;)V doesn't use it's CallbackInfo
[18:50:17] [main/DEBUG] (FabricLoader/Mixin) framework.mixins.json:ResultSlotMixin from mod framework->@Inject::frameworkOnItemCrafted(Lnet/minecraft/world/item/ItemStack;Lorg/spongepowered/asm/mixin/injection/callback/CallbackInfo;)V has 0 override(s) in child classes
[18:50:17] [main/DEBUG] (FabricLoader/Mixin) framework.mixins.json:ResultSlotMixin from mod framework->@Inject::frameworkOnItemCrafted(Lnet/minecraft/world/item/ItemStack;Lorg/spongepowered/asm/mixin/injection/callback/CallbackInfo;)V won't be passed a CallbackInfo as a result
[18:50:17] [main/DEBUG] (FabricLoader/Mixin) Mixing GrindstoneMenuSlotMixin from moonlight-common.mixins.json into net.minecraft.world.inventory.GrindstoneMenu$4
[18:50:17] [main/DEBUG] (FabricLoader/Mixin) moonlight-common.mixins.json:GrindstoneMenuSlotMixin from mod moonlight: Class version 65 required is higher than the class version supported by the current version of Mixin (JAVA_17 supports class version 61)
[18:50:17] [main/DEBUG] (FabricLoader/Mixin) moonlight-common.mixins.json:GrindstoneMenuSlotMixin from mod moonlight->@Inject::onTake(Lnet/minecraft/world/entity/player/Player;Lnet/minecraft/world/item/ItemStack;Lorg/spongepowered/asm/mixin/injection/callback/CallbackInfo;)V doesn't use it's CallbackInfo
[18:50:17] [main/DEBUG] (FabricLoader/Mixin) moonlight-common.mixins.json:GrindstoneMenuSlotMixin from mod moonlight->@Inject::onTake(Lnet/minecraft/world/entity/player/Player;Lnet/minecraft/world/item/ItemStack;Lorg/spongepowered/asm/mixin/injection/callback/CallbackInfo;)V has 0 override(s) in child classes
[18:50:17] [main/DEBUG] (FabricLoader/Mixin) moonlight-common.mixins.json:GrindstoneMenuSlotMixin from mod moonlight->@Inject::onTake(Lnet/minecraft/world/entity/player/Player;Lnet/minecraft/world/item/ItemStack;Lorg/spongepowered/asm/mixin/injection/callback/CallbackInfo;)V won't be passed a CallbackInfo as a result
[18:50:17] [main/DEBUG] (FabricLoader/Mixin) Mixing RecipeMixin from fabric-item-api-v1.mixins.json into net.minecraft.world.item.crafting.Recipe
[18:50:17] [main/DEBUG] (FabricLoader/Mixin) fabric-item-api-v1.mixins.json:RecipeMixin from mod fabric-item-api-v1: Class version 65 required is higher than the class version supported by the current version of Mixin (JAVA_17 supports class version 61)
[18:50:17] [main/DEBUG] (FabricLoader/Mixin) fabric-item-api-v1.mixins.json:RecipeMixin from mod fabric-item-api-v1->@Inject::captureStack(Lnet/minecraft/world/item/crafting/RecipeInput;Lorg/spongepowered/asm/mixin/injection/callback/CallbackInfoReturnable;Lnet/minecraft/core/NonNullList;I)V doesn't use it's CallbackInfoReturnable
[18:50:17] [main/DEBUG] (FabricLoader/Mixin) fabric-item-api-v1.mixins.json:RecipeMixin from mod fabric-item-api-v1->@Inject::captureStack(Lnet/minecraft/world/item/crafting/RecipeInput;Lorg/spongepowered/asm/mixin/injection/callback/CallbackInfoReturnable;Lnet/minecraft/core/NonNullList;I)V has 0 override(s) in child classes
[18:50:17] [main/DEBUG] (FabricLoader/Mixin) fabric-item-api-v1.mixins.json:RecipeMixin from mod fabric-item-api-v1->@Inject::captureStack(Lnet/minecraft/world/item/crafting/RecipeInput;Lorg/spongepowered/asm/mixin/injection/callback/CallbackInfoReturnable;Lnet/minecraft/core/NonNullList;I)V won't be passed a CallbackInfoReturnable as a result
[18:50:17] [main/DEBUG] (FabricLoader/Mixin) Mixing ingredient.ShapelessRecipeMixin from fabric-recipe-api-v1.mixins.json into net.minecraft.world.item.crafting.ShapelessRecipe
[18:50:17] [main/DEBUG] (FabricLoader/Mixin) fabric-recipe-api-v1.mixins.json:ingredient.ShapelessRecipeMixin from mod fabric-recipe-api-v1: Class version 65 required is higher than the class version supported by the current version of Mixin (JAVA_17 supports class version 61)
[18:50:17] [main/DEBUG] (FabricLoader/Mixin) fabric-recipe-api-v1.mixins.json:ingredient.ShapelessRecipeMixin from mod fabric-recipe-api-v1->@Inject::cacheRequiresTesting(Ljava/lang/String;Lnet/minecraft/world/item/crafting/CraftingBookCategory;Lnet/minecraft/world/item/ItemStack;Lnet/minecraft/core/NonNullList;Lorg/spongepowered/asm/mixin/injection/callback/CallbackInfo;)V doesn't use it's CallbackInfo
[18:50:17] [main/DEBUG] (FabricLoader/Mixin) fabric-recipe-api-v1.mixins.json:ingredient.ShapelessRecipeMixin from mod fabric-recipe-api-v1->@Inject::cacheRequiresTesting(Ljava/lang/String;Lnet/minecraft/world/item/crafting/CraftingBookCategory;Lnet/minecraft/world/item/ItemStack;Lnet/minecraft/core/NonNullList;Lorg/spongepowered/asm/mixin/injection/callback/CallbackInfo;)V has 0 override(s) in child classes
[18:50:17] [main/DEBUG] (FabricLoader/Mixin) fabric-recipe-api-v1.mixins.json:ingredient.ShapelessRecipeMixin from mod fabric-recipe-api-v1->@Inject::cacheRequiresTesting(Ljava/lang/String;Lnet/minecraft/world/item/crafting/CraftingBookCategory;Lnet/minecraft/world/item/ItemStack;Lnet/minecraft/core/NonNullList;Lorg/spongepowered/asm/mixin/injection/callback/CallbackInfo;)V won't be passed a CallbackInfo as a result
[18:50:17] [main/DEBUG] (FabricLoader/Mixin) fabric-recipe-api-v1.mixins.json:ingredient.ShapelessRecipeMixin from mod fabric-recipe-api-v1->@Inject::customIngredientMatch(Lnet/minecraft/world/item/crafting/CraftingInput;Lnet/minecraft/world/level/Level;Lorg/spongepowered/asm/mixin/injection/callback/CallbackInfoReturnable;)V does use it's CallbackInfoReturnable
[18:50:17] [main/DEBUG] (FabricLoader/Mixin) Mixing EnchantRandomlyLootFunctionMixin from fabric-item-api-v1.mixins.json into net.minecraft.world.level.storage.loot.functions.EnchantRandomlyFunction
[18:50:17] [main/DEBUG] (FabricLoader/Mixin) fabric-item-api-v1.mixins.json:EnchantRandomlyLootFunctionMixin from mod fabric-item-api-v1: Class version 65 required is higher than the class version supported by the current version of Mixin (JAVA_17 supports class version 61)
[18:50:17] [main/DEBUG] (FabricLoader/Mixin) Mixing LootTableAccessor from fabric-loot-api-v3.mixins.json into net.minecraft.world.level.storage.loot.LootTable
[18:50:17] [main/DEBUG] (FabricLoader/Mixin) fabric-loot-api-v3.mixins.json:LootTableAccessor from mod fabric-loot-api-v3: Class version 65 required is higher than the class version supported by the current version of Mixin (JAVA_17 supports class version 61)
[18:50:17] [main/DEBUG] (FabricLoader/Mixin) Mixing LootPoolAccessor from fabric-loot-api-v3.mixins.json into net.minecraft.world.level.storage.loot.LootPool
[18:50:17] [main/DEBUG] (FabricLoader/Mixin) fabric-loot-api-v3.mixins.json:LootPoolAccessor from mod fabric-loot-api-v3: Class version 65 required is higher than the class version supported by the current version of Mixin (JAVA_17 supports class version 61)
[18:50:17] [main/DEBUG] (FabricLoader/Mixin) Mixing JigsawReplacementProcessorMixin from moonlight-common.mixins.json into net.minecraft.world.level.levelgen.structure.templatesystem.JigsawReplacementProcessor
[18:50:17] [main/DEBUG] (FabricLoader/Mixin) moonlight-common.mixins.json:JigsawReplacementProcessorMixin from mod moonlight: Class version 65 required is higher than the class version supported by the current version of Mixin (JAVA_17 supports class version 61)
[18:50:17] [main/DEBUG] (FabricLoader/Mixin) Mixing StructureTemplateManagerMixin from fabric-gametest-api-v1.mixins.json into net.minecraft.world.level.levelgen.structure.templatesystem.StructureTemplateManager
[18:50:17] [main/DEBUG] (FabricLoader/Mixin) fabric-gametest-api-v1.mixins.json:StructureTemplateManagerMixin from mod fabric-gametest-api-v1: Class version 65 required is higher than the class version supported by the current version of Mixin (JAVA_17 supports class version 61)
[18:50:17] [main/DEBUG] (FabricLoader/Mixin) fabric-gametest-api-v1.mixins.json:StructureTemplateManagerMixin from mod fabric-gametest-api-v1->@Inject::addFabricTemplateProvider(Lnet/minecraft/server/packs/resources/ResourceManager;Lnet/minecraft/world/level/storage/LevelStorageSource$LevelStorageAccess;Lcom/mojang/datafixers/DataFixer;Lnet/minecraft/core/HolderGetter;Lorg/spongepowered/asm/mixin/injection/callback/CallbackInfo;Lcom/google/common/collect/ImmutableList$Builder;)V doesn't use it's CallbackInfo
[18:50:17] [main/DEBUG] (FabricLoader/Mixin) fabric-gametest-api-v1.mixins.json:StructureTemplateManagerMixin from mod fabric-gametest-api-v1->@Inject::addFabricTemplateProvider(Lnet/minecraft/server/packs/resources/ResourceManager;Lnet/minecraft/world/level/storage/LevelStorageSource$LevelStorageAccess;Lcom/mojang/datafixers/DataFixer;Lnet/minecraft/core/HolderGetter;Lorg/spongepowered/asm/mixin/injection/callback/CallbackInfo;Lcom/google/common/collect/ImmutableList$Builder;)V has 0 override(s) in child classes
[18:50:17] [main/DEBUG] (FabricLoader/Mixin) fabric-gametest-api-v1.mixins.json:StructureTemplateManagerMixin from mod fabric-gametest-api-v1->@Inject::addFabricTemplateProvider(Lnet/minecraft/server/packs/resources/ResourceManager;Lnet/minecraft/world/level/storage/LevelStorageSource$LevelStorageAccess;Lcom/mojang/datafixers/DataFixer;Lnet/minecraft/core/HolderGetter;Lorg/spongepowered/asm/mixin/injection/callback/CallbackInfo;Lcom/google/common/collect/ImmutableList$Builder;)V won't be passed a CallbackInfo as a result
[18:50:17] [main/DEBUG] (FabricLoader/Mixin) Mixing TemplateStructurePieceMixin from moonlight-common.mixins.json into net.minecraft.world.level.levelgen.structure.TemplateStructurePiece
[18:50:17] [main/DEBUG] (FabricLoader/Mixin) moonlight-common.mixins.json:TemplateStructurePieceMixin from mod moonlight: Class version 65 required is higher than the class version supported by the current version of Mixin (JAVA_17 supports class version 61)
[18:50:17] [main/DEBUG] (FabricLoader/Mixin) moonlight-common.mixins.json:TemplateStructurePieceMixin from mod moonlight->@Inject::ml$processBoxes(Lnet/minecraft/world/level/WorldGenLevel;Lnet/minecraft/world/level/StructureManager;Lnet/minecraft/world/level/chunk/ChunkGenerator;Lnet/minecraft/util/RandomSource;Lnet/minecraft/world/level/levelgen/structure/BoundingBox;Lnet/minecraft/world/level/ChunkPos;Lnet/minecraft/core/BlockPos;Lorg/spongepowered/asm/mixin/injection/callback/CallbackInfo;)V doesn't use it's CallbackInfo
[18:50:17] [main/DEBUG] (FabricLoader/Mixin) moonlight-common.mixins.json:TemplateStructurePieceMixin from mod moonlight->@Inject::ml$processBoxes(Lnet/minecraft/world/level/WorldGenLevel;Lnet/minecraft/world/level/StructureManager;Lnet/minecraft/world/level/chunk/ChunkGenerator;Lnet/minecraft/util/RandomSource;Lnet/minecraft/world/level/levelgen/structure/BoundingBox;Lnet/minecraft/world/level/ChunkPos;Lnet/minecraft/core/BlockPos;Lorg/spongepowered/asm/mixin/injection/callback/CallbackInfo;)V has 0 override(s) in child classes
[18:50:17] [main/DEBUG] (FabricLoader/Mixin) moonlight-common.mixins.json:TemplateStructurePieceMixin from mod moonlight->@Inject::ml$processBoxes(Lnet/minecraft/world/level/WorldGenLevel;Lnet/minecraft/world/level/StructureManager;Lnet/minecraft/world/level/chunk/ChunkGenerator;Lnet/minecraft/util/RandomSource;Lnet/minecraft/world/level/levelgen/structure/BoundingBox;Lnet/minecraft/world/level/ChunkPos;Lnet/minecraft/core/BlockPos;Lorg/spongepowered/asm/mixin/injection/callback/CallbackInfo;)V won't be passed a CallbackInfo as a result
[18:50:17] [main/DEBUG] (FabricLoader/Mixin) Mixing JigsawStructureMixin from moonlight-common.mixins.json into net.minecraft.world.level.levelgen.structure.structures.JigsawStructure
[18:50:17] [main/DEBUG] (FabricLoader/Mixin) moonlight-common.mixins.json:JigsawStructureMixin from mod moonlight: Class version 65 required is higher than the class version supported by the current version of Mixin (JAVA_17 supports class version 61)
[18:50:17] [main/DEBUG] (FabricLoader/Mixin) Mixing MixinBiomeSource from terrablender.mixins.json into net.minecraft.world.level.biome.BiomeSource
[18:50:17] [main/DEBUG] (FabricLoader/Mixin) terrablender.mixins.json:MixinBiomeSource from mod terrablender: Class version 65 required is higher than the class version supported by the current version of Mixin (JAVA_17 supports class version 61)
[18:50:17] [main/DEBUG] (FabricLoader/Mixin) Renaming synthetic method lambda$appendDeferredBiomesList$0(Ljava/util/List;)Ljava/util/Set; to md310282$terrablender$lambda$appendDeferredBiomesList$0$0 in terrablender.mixins.json:MixinBiomeSource from mod terrablender
[18:50:17] [main/DEBUG] (FabricLoader/Mixin) Mixing BiomeSourceMixin from fabric-biome-api-v1.mixins.json into net.minecraft.world.level.biome.BiomeSource
[18:50:17] [main/DEBUG] (FabricLoader/Mixin) fabric-biome-api-v1.mixins.json:BiomeSourceMixin from mod fabric-biome-api-v1: Class version 65 required is higher than the class version supported by the current version of Mixin (JAVA_17 supports class version 61)
[18:50:17] [main/DEBUG] (FabricLoader/Mixin) Mixing MixinMultiNoiseBiomeSource from terrablender.mixins.json into net.minecraft.world.level.biome.MultiNoiseBiomeSource
[18:50:17] [main/DEBUG] (FabricLoader/Mixin) terrablender.mixins.json:MixinMultiNoiseBiomeSource from mod terrablender: Class version 65 required is higher than the class version supported by the current version of Mixin (JAVA_17 supports class version 61)
[18:50:17] [main/DEBUG] (FabricLoader/Mixin) Mixing MultiNoiseBiomeSourceAccess from terrablender.mixins.json into net.minecraft.world.level.biome.MultiNoiseBiomeSource
[18:50:17] [main/DEBUG] (FabricLoader/Mixin) terrablender.mixins.json:MultiNoiseBiomeSourceAccess from mod terrablender: Class version 65 required is higher than the class version supported by the current version of Mixin (JAVA_17 supports class version 61)
[18:50:17] [main/DEBUG] (FabricLoader/Mixin) Mixing MultiNoiseBiomeSourceMixin from fabric-biome-api-v1.mixins.json into net.minecraft.world.level.biome.MultiNoiseBiomeSource
[18:50:17] [main/DEBUG] (FabricLoader/Mixin) fabric-biome-api-v1.mixins.json:MultiNoiseBiomeSourceMixin from mod fabric-biome-api-v1: Class version 65 required is higher than the class version supported by the current version of Mixin (JAVA_17 supports class version 61)
[18:50:17] [main/DEBUG] (FabricLoader/Mixin) terrablender.mixins.json:MixinMultiNoiseBiomeSource from mod terrablender->@Inject::getNoiseBiome(IIILnet/minecraft/world/level/biome/Climate$Sampler;Lorg/spongepowered/asm/mixin/injection/callback/CallbackInfoReturnable;)V does use it's CallbackInfoReturnable
[18:50:17] [main/DEBUG] (FabricLoader/Mixin) terrablender.mixins.json:MixinMultiNoiseBiomeSource from mod terrablender->@Inject::addDebugInfo(Ljava/util/List;Lnet/minecraft/core/BlockPos;Lnet/minecraft/world/level/biome/Climate$Sampler;Lorg/spongepowered/asm/mixin/injection/callback/CallbackInfo;)V doesn't use it's CallbackInfo
[18:50:17] [main/DEBUG] (FabricLoader/Mixin) terrablender.mixins.json:MixinMultiNoiseBiomeSource from mod terrablender->@Inject::addDebugInfo(Ljava/util/List;Lnet/minecraft/core/BlockPos;Lnet/minecraft/world/level/biome/Climate$Sampler;Lorg/spongepowered/asm/mixin/injection/callback/CallbackInfo;)V has 0 override(s) in child classes
[18:50:17] [main/DEBUG] (FabricLoader/Mixin) terrablender.mixins.json:MixinMultiNoiseBiomeSource from mod terrablender->@Inject::addDebugInfo(Ljava/util/List;Lnet/minecraft/core/BlockPos;Lnet/minecraft/world/level/biome/Climate$Sampler;Lorg/spongepowered/asm/mixin/injection/callback/CallbackInfo;)V won't be passed a CallbackInfo as a result
[18:50:17] [main/DEBUG] (FabricLoader/Mixin) Mixing MixinParameterList from terrablender.mixins.json into net.minecraft.world.level.biome.Climate$ParameterList
[18:50:17] [main/DEBUG] (FabricLoader/Mixin) terrablender.mixins.json:MixinParameterList from mod terrablender: Class version 65 required is higher than the class version supported by the current version of Mixin (JAVA_17 supports class version 61)
[18:50:17] [main/DEBUG] (FabricLoader/Mixin) Renaming synthetic method lambda$initializeForTerraBlender$1(Lnet/minecraft/core/Registry;Ljava/util/List;Lcom/mojang/datafixers/util/Pair;)V to md310282$terrablender$lambda$initializeForTerraBlender$1$0 in terrablender.mixins.json:MixinParameterList from mod terrablender
[18:50:17] [main/DEBUG] (FabricLoader/Mixin) Renaming synthetic method lambda$initializeForTerraBlender$0(Lterrablender/api/RegionType;JLterrablender/worldgen/noise/InitialLayer;)Lterrablender/worldgen/noise/Area; to md310282$terrablender$lambda$initializeForTerraBlender$0$1 in terrablender.mixins.json:MixinParameterList from mod terrablender
[18:50:17] [main/DEBUG] (FabricLoader/Mixin) Mixing NetherBiomePresetMixin from fabric-biome-api-v1.mixins.json into net.minecraft.world.level.biome.MultiNoiseBiomeSourceParameterList$Preset$1
[18:50:17] [main/DEBUG] (FabricLoader/Mixin) fabric-biome-api-v1.mixins.json:NetherBiomePresetMixin from mod fabric-biome-api-v1: Class version 65 required is higher than the class version supported by the current version of Mixin (JAVA_17 supports class version 61)
[18:50:17] [main/DEBUG] (FabricLoader/Mixin) fabric-biome-api-v1.mixins.json:NetherBiomePresetMixin from mod fabric-biome-api-v1->@Inject::apply(Ljava/util/function/Function;Lorg/spongepowered/asm/mixin/injection/callback/CallbackInfoReturnable;)V does use it's CallbackInfoReturnable
[18:50:17] [main/DEBUG] (FabricLoader/Mixin) Mixing MixinTheEndBiomeSource from terrablender.mixins.json into net.minecraft.world.level.biome.TheEndBiomeSource
[18:50:17] [main/DEBUG] (FabricLoader/Mixin) terrablender.mixins.json:MixinTheEndBiomeSource from mod terrablender: Class version 65 required is higher than the class version supported by the current version of Mixin (JAVA_17 supports class version 61)
[18:50:17] [main/DEBUG] (FabricLoader/Mixin) Renaming synthetic method lambda$initializeForTerraBlender$0(Lnet/minecraft/resources/ResourceKey;)V to md310282$terrablender$lambda$initializeForTerraBlender$0$0 in terrablender.mixins.json:MixinTheEndBiomeSource from mod terrablender
[18:50:17] [main/DEBUG] (FabricLoader/Mixin) Mixing TheEndBiomeSourceMixin from fabric-biome-api-v1.mixins.json into net.minecraft.world.level.biome.TheEndBiomeSource
[18:50:17] [main/DEBUG] (FabricLoader/Mixin) fabric-biome-api-v1.mixins.json:TheEndBiomeSourceMixin from mod fabric-biome-api-v1: Class version 65 required is higher than the class version supported by the current version of Mixin (JAVA_17 supports class version 61)
[18:50:17] [main/DEBUG] (FabricLoader/Mixin) Renaming synthetic method lambda$init$1(Lnet/minecraft/core/HolderGetter;)Lnet/fabricmc/fabric/impl/biome/TheEndBiomeData$Overrides; to md310282$fabric-biome-api-v1$lambda$init$1$1 in fabric-biome-api-v1.mixins.json:TheEndBiomeSourceMixin from mod fabric-biome-api-v1
[18:50:17] [main/DEBUG] (FabricLoader/Mixin) Renaming synthetic method lambda$modifyCodec$0(Lcom/mojang/serialization/codecs/RecordCodecBuilder$Instance;)Lcom/mojang/datafixers/kinds/App; to md310282$fabric-biome-api-v1$lambda$modifyCodec$0$2 in fabric-biome-api-v1.mixins.json:TheEndBiomeSourceMixin from mod fabric-biome-api-v1
[18:50:17] [main/DEBUG] (FabricLoader/Mixin) terrablender.mixins.json:MixinTheEndBiomeSource from mod terrablender->@Inject::onCollectPossibleBiomes(Lorg/spongepowered/asm/mixin/injection/callback/CallbackInfoReturnable;)V does use it's CallbackInfoReturnable
[18:50:17] [main/DEBUG] (FabricLoader/Mixin) terrablender.mixins.json:MixinTheEndBiomeSource from mod terrablender->@Inject::onGetNoiseBiome(IIILnet/minecraft/world/level/biome/Climate$Sampler;Lorg/spongepowered/asm/mixin/injection/callback/CallbackInfoReturnable;)V does use it's CallbackInfoReturnable
[18:50:17] [main/DEBUG] (FabricLoader/Mixin) fabric-biome-api-v1.mixins.json:TheEndBiomeSourceMixin from mod fabric-biome-api-v1->@Inject::modifyCodec(Lorg/spongepowered/asm/mixin/injection/callback/CallbackInfo;)V doesn't use it's CallbackInfo
[18:50:17] [main/DEBUG] (FabricLoader/Mixin) fabric-biome-api-v1.mixins.json:TheEndBiomeSourceMixin from mod fabric-biome-api-v1->@Inject::rememberLookup(Lnet/minecraft/core/HolderGetter;Lorg/spongepowered/asm/mixin/injection/callback/CallbackInfoReturnable;)V doesn't use it's CallbackInfoReturnable
[18:50:17] [main/DEBUG] (FabricLoader/Mixin) fabric-biome-api-v1.mixins.json:TheEndBiomeSourceMixin from mod fabric-biome-api-v1->@Inject::clearLookup(Lnet/minecraft/core/HolderGetter;Lorg/spongepowered/asm/mixin/injection/callback/CallbackInfoReturnable;)V doesn't use it's CallbackInfoReturnable
[18:50:17] [main/DEBUG] (FabricLoader/Mixin) fabric-biome-api-v1.mixins.json:TheEndBiomeSourceMixin from mod fabric-biome-api-v1->@Inject::init(Lnet/minecraft/core/Holder;Lnet/minecraft/core/Holder;Lnet/minecraft/core/Holder;Lnet/minecraft/core/Holder;Lnet/minecraft/core/Holder;Lorg/spongepowered/asm/mixin/injection/callback/CallbackInfo;)V doesn't use it's CallbackInfo
[18:50:17] [main/DEBUG] (FabricLoader/Mixin) fabric-biome-api-v1.mixins.json:TheEndBiomeSourceMixin from mod fabric-biome-api-v1->@Inject::init(Lnet/minecraft/core/Holder;Lnet/minecraft/core/Holder;Lnet/minecraft/core/Holder;Lnet/minecraft/core/Holder;Lnet/minecraft/core/Holder;Lorg/spongepowered/asm/mixin/injection/callback/CallbackInfo;)V has 0 override(s) in child classes
[18:50:17] [main/DEBUG] (FabricLoader/Mixin) fabric-biome-api-v1.mixins.json:TheEndBiomeSourceMixin from mod fabric-biome-api-v1->@Inject::init(Lnet/minecraft/core/Holder;Lnet/minecraft/core/Holder;Lnet/minecraft/core/Holder;Lnet/minecraft/core/Holder;Lnet/minecraft/core/Holder;Lorg/spongepowered/asm/mixin/injection/callback/CallbackInfo;)V won't be passed a CallbackInfo as a result
[18:50:17] [main/DEBUG] (FabricLoader/Mixin) fabric-biome-api-v1.mixins.json:TheEndBiomeSourceMixin from mod fabric-biome-api-v1->@Inject::getWeightedEndBiome(IIILnet/minecraft/world/level/biome/Climate$Sampler;Lorg/spongepowered/asm/mixin/injection/callback/CallbackInfoReturnable;)V does use it's CallbackInfoReturnable
[18:50:17] [main/DEBUG] (FabricLoader/Mixin) fabric-biome-api-v1.mixins.json:TheEndBiomeSourceMixin from mod fabric-biome-api-v1->@Inject::getWeightedEndBiome(IIILnet/minecraft/world/level/biome/Climate$Sampler;Lorg/spongepowered/asm/mixin/injection/callback/CallbackInfoReturnable;)V does use it's CallbackInfoReturnable
[18:50:17] [main/DEBUG] (FabricLoader/Mixin) fabric-biome-api-v1.mixins.json:TheEndBiomeSourceMixin from mod fabric-biome-api-v1->@Inject::getWeightedEndBiome(IIILnet/minecraft/world/level/biome/Climate$Sampler;Lorg/spongepowered/asm/mixin/injection/callback/CallbackInfoReturnable;)V does use it's CallbackInfoReturnable
[18:50:17] [main/DEBUG] (FabricLoader/Mixin) fabric-biome-api-v1.mixins.json:TheEndBiomeSourceMixin from mod fabric-biome-api-v1->@Inject::getWeightedEndBiome(IIILnet/minecraft/world/level/biome/Climate$Sampler;Lorg/spongepowered/asm/mixin/injection/callback/CallbackInfoReturnable;)V does use it's CallbackInfoReturnable
[18:50:17] [main/DEBUG] (FabricLoader/Mixin) fabric-biome-api-v1.mixins.json:TheEndBiomeSourceMixin from mod fabric-biome-api-v1->@Inject::getWeightedEndBiome(IIILnet/minecraft/world/level/biome/Climate$Sampler;Lorg/spongepowered/asm/mixin/injection/callback/CallbackInfoReturnable;)V does use it's CallbackInfoReturnable
[18:50:17] [main/DEBUG] (FabricLoader/Mixin) Mixing MixinNoiseBasedChunkGenerator from terrablender.mixins.json into net.minecraft.world.level.levelgen.NoiseBasedChunkGenerator
[18:50:17] [main/DEBUG] (FabricLoader/Mixin) terrablender.mixins.json:MixinNoiseBasedChunkGenerator from mod terrablender: Class version 65 required is higher than the class version supported by the current version of Mixin (JAVA_17 supports class version 61)
[18:50:17] [main/DEBUG] (FabricLoader/Mixin) Mixing MixinChunkGenerator from terrablender.mixins.json into net.minecraft.world.level.chunk.ChunkGenerator
[18:50:17] [main/DEBUG] (FabricLoader/Mixin) terrablender.mixins.json:MixinChunkGenerator from mod terrablender: Class version 65 required is higher than the class version supported by the current version of Mixin (JAVA_17 supports class version 61)
[18:50:17] [main/DEBUG] (FabricLoader/Mixin) Mixing ChunkGeneratorMixin from moonlight-common.mixins.json into net.minecraft.world.level.chunk.ChunkGenerator
[18:50:17] [main/DEBUG] (FabricLoader/Mixin) moonlight-common.mixins.json:ChunkGeneratorMixin from mod moonlight: Class version 65 required is higher than the class version supported by the current version of Mixin (JAVA_17 supports class version 61)
[18:50:17] [main/DEBUG] (FabricLoader/Mixin) terrablender.mixins.json:MixinChunkGenerator from mod terrablender->@Inject::validate(Lorg/spongepowered/asm/mixin/injection/callback/CallbackInfo;)V does use it's CallbackInfo
[18:50:17] [main/DEBUG] (FabricLoader/Mixin) moonlight-common.mixins.json:ChunkGeneratorMixin from mod moonlight->@Inject::ml$getSpecialSpawnsOverrides(Lnet/minecraft/core/Holder;Lnet/minecraft/world/level/StructureManager;Lnet/minecraft/world/entity/MobCategory;Lnet/minecraft/core/BlockPos;Lorg/spongepowered/asm/mixin/injection/callback/CallbackInfoReturnable;)V does use it's CallbackInfoReturnable
[18:50:17] [main/DEBUG] (FabricLoader/Mixin) Mixing MixinNoiseGeneratorSettings from terrablender.mixins.json into net.minecraft.world.level.levelgen.NoiseGeneratorSettings
[18:50:17] [main/DEBUG] (FabricLoader/Mixin) terrablender.mixins.json:MixinNoiseGeneratorSettings from mod terrablender: Class version 65 required is higher than the class version supported by the current version of Mixin (JAVA_17 supports class version 61)
[18:50:17] [main/DEBUG] (FabricLoader/Mixin) terrablender.mixins.json:MixinNoiseGeneratorSettings from mod terrablender->@Inject::surfaceRule(Lorg/spongepowered/asm/mixin/injection/callback/CallbackInfoReturnable;)V does use it's CallbackInfoReturnable
[18:50:17] [main/DEBUG] (FabricLoader/Mixin) Mixing DebugChunkGeneratorAccessor from fabric-registry-sync-v0.mixins.json into net.minecraft.world.level.levelgen.DebugLevelSource
[18:50:17] [main/DEBUG] (FabricLoader/Mixin) fabric-registry-sync-v0.mixins.json:DebugChunkGeneratorAccessor from mod fabric-registry-sync-v0: Class version 65 required is higher than the class version supported by the current version of Mixin (JAVA_17 supports class version 61)
[18:50:17] [main/DEBUG] (FabricLoader/Mixin) Renaming @Accessor method setBLOCK_STATES(Ljava/util/List;)V to setBLOCK_STATES$fabric-registry-sync-v0_$md$310282$0 in fabric-registry-sync-v0.mixins.json:DebugChunkGeneratorAccessor from mod fabric-registry-sync-v0
[18:50:17] [main/DEBUG] (FabricLoader/Mixin) Renaming @Accessor method setX_SIDE_LENGTH(I)V to setX_SIDE_LENGTH$fabric-registry-sync-v0_$md$310282$1 in fabric-registry-sync-v0.mixins.json:DebugChunkGeneratorAccessor from mod fabric-registry-sync-v0
[18:50:17] [main/DEBUG] (FabricLoader/Mixin) Renaming @Accessor method setZ_SIDE_LENGTH(I)V to setZ_SIDE_LENGTH$fabric-registry-sync-v0_$md$310282$2 in fabric-registry-sync-v0.mixins.json:DebugChunkGeneratorAccessor from mod fabric-registry-sync-v0
[18:50:18] [main/DEBUG] (FabricLoader/Mixin) Mixing DefaultAttributeRegistryAccessor from fabric-object-builder-v1.mixins.json into net.minecraft.world.entity.ai.attributes.DefaultAttributes
[18:50:18] [main/DEBUG] (FabricLoader/Mixin) fabric-object-builder-v1.mixins.json:DefaultAttributeRegistryAccessor from mod fabric-object-builder-api-v1: Class version 65 required is higher than the class version supported by the current version of Mixin (JAVA_17 supports class version 61)
[18:50:18] [main/DEBUG] (FabricLoader/Mixin) Renaming @Accessor method getRegistry()Ljava/util/Map; to getRegistry$fabric-object-builder-api-v1_$md$310282$0 in fabric-object-builder-v1.mixins.json:DefaultAttributeRegistryAccessor from mod fabric-object-builder-api-v1
[18:50:18] [main/DEBUG] (FabricLoader/Mixin) Mixing DefaultAttributeRegistryMixin from fabric-object-builder-v1.mixins.json into net.minecraft.world.entity.ai.attributes.DefaultAttributes
[18:50:18] [main/DEBUG] (FabricLoader/Mixin) fabric-object-builder-v1.mixins.json:DefaultAttributeRegistryMixin from mod fabric-object-builder-api-v1: Class version 65 required is higher than the class version supported by the current version of Mixin (JAVA_17 supports class version 61)
[18:50:18] [main/DEBUG] (FabricLoader/Mixin) fabric-object-builder-v1.mixins.json:DefaultAttributeRegistryMixin from mod fabric-object-builder-api-v1->@Inject::injectAttributes(Lorg/spongepowered/asm/mixin/injection/callback/CallbackInfo;)V doesn't use it's CallbackInfo
[18:50:18] [Render thread/DEBUG] (FabricLoader/Mixin) Mixing client.MinecraftMixin from framework.mixins.json into net.minecraft.client.Minecraft
[18:50:18] [Render thread/DEBUG] (FabricLoader/Mixin) Mixing accessor.MinecraftClientAccessor from fabric-networking-api-v1.client.mixins.json into net.minecraft.client.Minecraft
[18:50:18] [Render thread/DEBUG] (FabricLoader/Mixin) fabric-networking-api-v1.client.mixins.json:accessor.MinecraftClientAccessor from mod fabric-networking-api-v1: Class version 65 required is higher than the class version supported by the current version of Mixin (JAVA_17 supports class version 61)
[18:50:18] [Render thread/DEBUG] (FabricLoader/Mixin) Mixing MinecraftClientMixin from fabric-data-generation-api-v1.client.mixins.json into net.minecraft.client.Minecraft
[18:50:18] [Render thread/DEBUG] (FabricLoader/Mixin) fabric-data-generation-api-v1.client.mixins.json:MinecraftClientMixin from mod fabric-data-generation-api-v1: Class version 65 required is higher than the class version supported by the current version of Mixin (JAVA_17 supports class version 61)
[18:50:18] [Render thread/DEBUG] (FabricLoader/Mixin) Mixing MinecraftClientMixin from fabric-lifecycle-events-v1.client.mixins.json into net.minecraft.client.Minecraft
[18:50:18] [Render thread/DEBUG] (FabricLoader/Mixin) fabric-lifecycle-events-v1.client.mixins.json:MinecraftClientMixin from mod fabric-lifecycle-events-v1: Class version 65 required is higher than the class version supported by the current version of Mixin (JAVA_17 supports class version 61)
[18:50:18] [Render thread/DEBUG] (FabricLoader/Mixin) Mixing MinecraftMixin from jei.mixins.json into net.minecraft.client.Minecraft
[18:50:18] [Render thread/DEBUG] (FabricLoader/Mixin) Mixing MinecraftMixin from moonlight-common.mixins.json into net.minecraft.client.Minecraft
[18:50:18] [Render thread/DEBUG] (FabricLoader/Mixin) moonlight-common.mixins.json:MinecraftMixin from mod moonlight: Class version 65 required is higher than the class version supported by the current version of Mixin (JAVA_17 supports class version 61)
[18:50:18] [Render thread/DEBUG] (FabricLoader/Mixin) Mixing MinecraftClientMixin from fabric-screen-api-v1.mixins.json into net.minecraft.client.Minecraft
[18:50:18] [Render thread/DEBUG] (FabricLoader/Mixin) fabric-screen-api-v1.mixins.json:MinecraftClientMixin from mod fabric-screen-api-v1: Class version 65 required is higher than the class version supported by the current version of Mixin (JAVA_17 supports class version 61)
[18:50:18] [Render thread/DEBUG] (FabricLoader/Mixin) Renaming @Unique field LOGGERLorg/slf4j/Logger; to fd310282$fabric-screen-api-v1$LOGGER$0 in fabric-screen-api-v1.mixins.json:MinecraftClientMixin from mod fabric-screen-api-v1
[18:50:18] [Render thread/DEBUG] (FabricLoader/Mixin) Mixing MinecraftClientMixin from fabric-registry-sync-v0.client.mixins.json into net.minecraft.client.Minecraft
[18:50:18] [Render thread/DEBUG] (FabricLoader/Mixin) fabric-registry-sync-v0.client.mixins.json:MinecraftClientMixin from mod fabric-registry-sync-v0: Class version 65 required is higher than the class version supported by the current version of Mixin (JAVA_17 supports class version 61)
[18:50:18] [Render thread/DEBUG] (FabricLoader/Mixin) Mixing MinecraftClientMixin from fabric-events-interaction-v0.client.mixins.json into net.minecraft.client.Minecraft
[18:50:18] [Render thread/DEBUG] (FabricLoader/Mixin) fabric-events-interaction-v0.client.mixins.json:MinecraftClientMixin from mod fabric-events-interaction-v0: Class version 65 required is higher than the class version supported by the current version of Mixin (JAVA_17 supports class version 61)
[18:50:18] [Render thread/DEBUG] (FabricLoader/Mixin) framework.mixins.json:client.MinecraftMixin from mod framework->@Inject::frameworkOnContinue(ZLorg/spongepowered/asm/mixin/injection/callback/CallbackInfo;)V does use it's CallbackInfo
[18:50:18] [Render thread/DEBUG] (FabricLoader/Mixin) framework.mixins.json:client.MinecraftMixin from mod framework->@Inject::frameworkOnAttack(Lorg/spongepowered/asm/mixin/injection/callback/CallbackInfoReturnable;)V does use it's CallbackInfoReturnable
[18:50:18] [Render thread/DEBUG] (FabricLoader/Mixin) framework.mixins.json:client.MinecraftMixin from mod framework->@Inject::frameworkOnUse(Lorg/spongepowered/asm/mixin/injection/callback/CallbackInfo;[Lnet/minecraft/world/InteractionHand;IILnet/minecraft/world/InteractionHand;)V does use it's CallbackInfo
[18:50:18] [Render thread/DEBUG] (FabricLoader/Mixin) framework.mixins.json:client.MinecraftMixin from mod framework->@Inject::frameworkOnPick(Lorg/spongepowered/asm/mixin/injection/callback/CallbackInfo;)V does use it's CallbackInfo
[18:50:18] [Render thread/DEBUG] (FabricLoader/Mixin) framework.mixins.json:client.MinecraftMixin from mod framework->@Inject::frameworkOnScreenAdded(Lnet/minecraft/client/gui/screens/Screen;Lorg/spongepowered/asm/mixin/injection/callback/CallbackInfo;)V doesn't use it's CallbackInfo
[18:50:18] [Render thread/DEBUG] (FabricLoader/Mixin) framework.mixins.json:client.MinecraftMixin from mod framework->@Inject::frameworkOnScreenAdded(Lnet/minecraft/client/gui/screens/Screen;Lorg/spongepowered/asm/mixin/injection/callback/CallbackInfo;)V has 0 override(s) in child classes
[18:50:18] [Render thread/DEBUG] (FabricLoader/Mixin) framework.mixins.json:client.MinecraftMixin from mod framework->@Inject::frameworkOnScreenAdded(Lnet/minecraft/client/gui/screens/Screen;Lorg/spongepowered/asm/mixin/injection/callback/CallbackInfo;)V won't be passed a CallbackInfo as a result
[18:50:18] [Render thread/DEBUG] (FabricLoader/Mixin) framework.mixins.json:client.MinecraftMixin from mod framework->@Inject::frameworkOnScreenClosed(Lnet/minecraft/client/gui/screens/Screen;Lorg/spongepowered/asm/mixin/injection/callback/CallbackInfo;)V doesn't use it's CallbackInfo
[18:50:18] [Render thread/DEBUG] (FabricLoader/Mixin) framework.mixins.json:client.MinecraftMixin from mod framework->@Inject::frameworkOnScreenClosed(Lnet/minecraft/client/gui/screens/Screen;Lorg/spongepowered/asm/mixin/injection/callback/CallbackInfo;)V has 0 override(s) in child classes
[18:50:18] [Render thread/DEBUG] (FabricLoader/Mixin) framework.mixins.json:client.MinecraftMixin from mod framework->@Inject::frameworkOnScreenClosed(Lnet/minecraft/client/gui/screens/Screen;Lorg/spongepowered/asm/mixin/injection/callback/CallbackInfo;)V won't be passed a CallbackInfo as a result
[18:50:18] [Render thread/DEBUG] (FabricLoader/Mixin) fabric-data-generation-api-v1.client.mixins.json:MinecraftClientMixin from mod fabric-data-generation-api-v1->@Inject::main(Lorg/spongepowered/asm/mixin/injection/callback/CallbackInfo;)V doesn't use it's CallbackInfo
[18:50:18] [Render thread/DEBUG] (FabricLoader/Mixin) fabric-data-generation-api-v1.client.mixins.json:MinecraftClientMixin from mod fabric-data-generation-api-v1->@Inject::main(Lorg/spongepowered/asm/mixin/injection/callback/CallbackInfo;)V has 0 override(s) in child classes
[18:50:18] [Render thread/DEBUG] (FabricLoader/Mixin) fabric-data-generation-api-v1.client.mixins.json:MinecraftClientMixin from mod fabric-data-generation-api-v1->@Inject::main(Lorg/spongepowered/asm/mixin/injection/callback/CallbackInfo;)V won't be passed a CallbackInfo as a result
[18:50:18] [Render thread/DEBUG] (FabricLoader/Mixin) fabric-lifecycle-events-v1.client.mixins.json:MinecraftClientMixin from mod fabric-lifecycle-events-v1->@Inject::onStartTick(Lorg/spongepowered/asm/mixin/injection/callback/CallbackInfo;)V doesn't use it's CallbackInfo
[18:50:18] [Render thread/DEBUG] (FabricLoader/Mixin) fabric-lifecycle-events-v1.client.mixins.json:MinecraftClientMixin from mod fabric-lifecycle-events-v1->@Inject::onStartTick(Lorg/spongepowered/asm/mixin/injection/callback/CallbackInfo;)V has 0 override(s) in child classes
[18:50:18] [Render thread/DEBUG] (FabricLoader/Mixin) fabric-lifecycle-events-v1.client.mixins.json:MinecraftClientMixin from mod fabric-lifecycle-events-v1->@Inject::onStartTick(Lorg/spongepowered/asm/mixin/injection/callback/CallbackInfo;)V won't be passed a CallbackInfo as a result
[18:50:18] [Render thread/DEBUG] (FabricLoader/Mixin) fabric-lifecycle-events-v1.client.mixins.json:MinecraftClientMixin from mod fabric-lifecycle-events-v1->@Inject::onEndTick(Lorg/spongepowered/asm/mixin/injection/callback/CallbackInfo;)V doesn't use it's CallbackInfo
[18:50:18] [Render thread/DEBUG] (FabricLoader/Mixin) fabric-lifecycle-events-v1.client.mixins.json:MinecraftClientMixin from mod fabric-lifecycle-events-v1->@Inject::onEndTick(Lorg/spongepowered/asm/mixin/injection/callback/CallbackInfo;)V has 0 override(s) in child classes
[18:50:18] [Render thread/DEBUG] (FabricLoader/Mixin) fabric-lifecycle-events-v1.client.mixins.json:MinecraftClientMixin from mod fabric-lifecycle-events-v1->@Inject::onEndTick(Lorg/spongepowered/asm/mixin/injection/callback/CallbackInfo;)V won't be passed a CallbackInfo as a result
[18:50:18] [Render thread/DEBUG] (FabricLoader/Mixin) fabric-lifecycle-events-v1.client.mixins.json:MinecraftClientMixin from mod fabric-lifecycle-events-v1->@Inject::onStopping(Lorg/spongepowered/asm/mixin/injection/callback/CallbackInfo;)V doesn't use it's CallbackInfo
[18:50:18] [Render thread/DEBUG] (FabricLoader/Mixin) fabric-lifecycle-events-v1.client.mixins.json:MinecraftClientMixin from mod fabric-lifecycle-events-v1->@Inject::onStopping(Lorg/spongepowered/asm/mixin/injection/callback/CallbackInfo;)V has 0 override(s) in child classes
[18:50:18] [Render thread/DEBUG] (FabricLoader/Mixin) fabric-lifecycle-events-v1.client.mixins.json:MinecraftClientMixin from mod fabric-lifecycle-events-v1->@Inject::onStopping(Lorg/spongepowered/asm/mixin/injection/callback/CallbackInfo;)V won't be passed a CallbackInfo as a result
[18:50:18] [Render thread/DEBUG] (FabricLoader/Mixin) fabric-lifecycle-events-v1.client.mixins.json:MinecraftClientMixin from mod fabric-lifecycle-events-v1->@Inject::onStart(Lorg/spongepowered/asm/mixin/injection/callback/CallbackInfo;)V doesn't use it's CallbackInfo
[18:50:18] [Render thread/DEBUG] (FabricLoader/Mixin) fabric-lifecycle-events-v1.client.mixins.json:MinecraftClientMixin from mod fabric-lifecycle-events-v1->@Inject::onStart(Lorg/spongepowered/asm/mixin/injection/callback/CallbackInfo;)V has 0 override(s) in child classes
[18:50:18] [Render thread/DEBUG] (FabricLoader/Mixin) fabric-lifecycle-events-v1.client.mixins.json:MinecraftClientMixin from mod fabric-lifecycle-events-v1->@Inject::onStart(Lorg/spongepowered/asm/mixin/injection/callback/CallbackInfo;)V won't be passed a CallbackInfo as a result
[18:50:18] [Render thread/DEBUG] (FabricLoader/Mixin) fabric-lifecycle-events-v1.client.mixins.json:MinecraftClientMixin from mod fabric-lifecycle-events-v1->@Inject::afterClientWorldChange(Lnet/minecraft/client/multiplayer/ClientLevel;Lorg/spongepowered/asm/mixin/injection/callback/CallbackInfo;)V doesn't use it's CallbackInfo
[18:50:18] [Render thread/DEBUG] (FabricLoader/Mixin) fabric-lifecycle-events-v1.client.mixins.json:MinecraftClientMixin from mod fabric-lifecycle-events-v1->@Inject::afterClientWorldChange(Lnet/minecraft/client/multiplayer/ClientLevel;Lorg/spongepowered/asm/mixin/injection/callback/CallbackInfo;)V has 0 override(s) in child classes
[18:50:18] [Render thread/DEBUG] (FabricLoader/Mixin) fabric-lifecycle-events-v1.client.mixins.json:MinecraftClientMixin from mod fabric-lifecycle-events-v1->@Inject::afterClientWorldChange(Lnet/minecraft/client/multiplayer/ClientLevel;Lorg/spongepowered/asm/mixin/injection/callback/CallbackInfo;)V won't be passed a CallbackInfo as a result
[18:50:18] [Render thread/DEBUG] (FabricLoader/Mixin) jei.mixins.json:MinecraftMixin from mod jei->@Inject::beforeInitialResourceReload(Lnet/minecraft/client/main/GameConfig;Lorg/spongepowered/asm/mixin/injection/callback/CallbackInfo;)V doesn't use it's CallbackInfo
[18:50:18] [Render thread/DEBUG] (FabricLoader/Mixin) jei.mixins.json:MinecraftMixin from mod jei->@Inject::beforeInitialResourceReload(Lnet/minecraft/client/main/GameConfig;Lorg/spongepowered/asm/mixin/injection/callback/CallbackInfo;)V has 0 override(s) in child classes
[18:50:18] [Render thread/DEBUG] (FabricLoader/Mixin) jei.mixins.json:MinecraftMixin from mod jei->@Inject::beforeInitialResourceReload(Lnet/minecraft/client/main/GameConfig;Lorg/spongepowered/asm/mixin/injection/callback/CallbackInfo;)V won't be passed a CallbackInfo as a result
[18:50:18] [Render thread/DEBUG] (FabricLoader/Mixin) jei.mixins.json:MinecraftMixin from mod jei->@Inject::clearLevel(Lnet/minecraft/client/gui/screens/Screen;Lorg/spongepowered/asm/mixin/injection/callback/CallbackInfo;)V doesn't use it's CallbackInfo
[18:50:18] [Render thread/DEBUG] (FabricLoader/Mixin) jei.mixins.json:MinecraftMixin from mod jei->@Inject::clearLevel(Lnet/minecraft/client/gui/screens/Screen;Lorg/spongepowered/asm/mixin/injection/callback/CallbackInfo;)V has 0 override(s) in child classes
[18:50:18] [Render thread/DEBUG] (FabricLoader/Mixin) jei.mixins.json:MinecraftMixin from mod jei->@Inject::clearLevel(Lnet/minecraft/client/gui/screens/Screen;Lorg/spongepowered/asm/mixin/injection/callback/CallbackInfo;)V won't be passed a CallbackInfo as a result
[18:50:18] [Render thread/DEBUG] (FabricLoader/Mixin) moonlight-common.mixins.json:MinecraftMixin from mod moonlight->@Inject::moonlight$onItemLeftClick(Lorg/spongepowered/asm/mixin/injection/callback/CallbackInfoReturnable;)V does use it's CallbackInfoReturnable
[18:50:18] [Render thread/DEBUG] (FabricLoader/Mixin) fabric-screen-api-v1.mixins.json:MinecraftClientMixin from mod fabric-screen-api-v1->@Inject::checkThreadOnDev(Lnet/minecraft/client/gui/screens/Screen;Lorg/spongepowered/asm/mixin/injection/callback/CallbackInfo;)V doesn't use it's CallbackInfo
[18:50:18] [Render thread/DEBUG] (FabricLoader/Mixin) fabric-screen-api-v1.mixins.json:MinecraftClientMixin from mod fabric-screen-api-v1->@Inject::checkThreadOnDev(Lnet/minecraft/client/gui/screens/Screen;Lorg/spongepowered/asm/mixin/injection/callback/CallbackInfo;)V has 0 override(s) in child classes
[18:50:18] [Render thread/DEBUG] (FabricLoader/Mixin) fabric-screen-api-v1.mixins.json:MinecraftClientMixin from mod fabric-screen-api-v1->@Inject::checkThreadOnDev(Lnet/minecraft/client/gui/screens/Screen;Lorg/spongepowered/asm/mixin/injection/callback/CallbackInfo;)V won't be passed a CallbackInfo as a result
[18:50:18] [Render thread/DEBUG] (FabricLoader/Mixin) fabric-screen-api-v1.mixins.json:MinecraftClientMixin from mod fabric-screen-api-v1->@Inject::onScreenRemove(Lnet/minecraft/client/gui/screens/Screen;Lorg/spongepowered/asm/mixin/injection/callback/CallbackInfo;)V doesn't use it's CallbackInfo
[18:50:18] [Render thread/DEBUG] (FabricLoader/Mixin) fabric-screen-api-v1.mixins.json:MinecraftClientMixin from mod fabric-screen-api-v1->@Inject::onScreenRemove(Lnet/minecraft/client/gui/screens/Screen;Lorg/spongepowered/asm/mixin/injection/callback/CallbackInfo;)V has 0 override(s) in child classes
[18:50:18] [Render thread/DEBUG] (FabricLoader/Mixin) fabric-screen-api-v1.mixins.json:MinecraftClientMixin from mod fabric-screen-api-v1->@Inject::onScreenRemove(Lnet/minecraft/client/gui/screens/Screen;Lorg/spongepowered/asm/mixin/injection/callback/CallbackInfo;)V won't be passed a CallbackInfo as a result
[18:50:18] [Render thread/DEBUG] (FabricLoader/Mixin) fabric-screen-api-v1.mixins.json:MinecraftClientMixin from mod fabric-screen-api-v1->@Inject::onScreenRemoveBecauseStopping(Lorg/spongepowered/asm/mixin/injection/callback/CallbackInfo;)V doesn't use it's CallbackInfo
[18:50:18] [Render thread/DEBUG] (FabricLoader/Mixin) fabric-screen-api-v1.mixins.json:MinecraftClientMixin from mod fabric-screen-api-v1->@Inject::onScreenRemoveBecauseStopping(Lorg/spongepowered/asm/mixin/injection/callback/CallbackInfo;)V has 0 override(s) in child classes
[18:50:18] [Render thread/DEBUG] (FabricLoader/Mixin) fabric-screen-api-v1.mixins.json:MinecraftClientMixin from mod fabric-screen-api-v1->@Inject::onScreenRemoveBecauseStopping(Lorg/spongepowered/asm/mixin/injection/callback/CallbackInfo;)V won't be passed a CallbackInfo as a result
[18:50:18] [Render thread/DEBUG] (FabricLoader/Mixin) fabric-screen-api-v1.mixins.json:MinecraftClientMixin from mod fabric-screen-api-v1->@Inject::beforeScreenTick(Lorg/spongepowered/asm/mixin/injection/callback/CallbackInfo;)V doesn't use it's CallbackInfo
[18:50:18] [Render thread/DEBUG] (FabricLoader/Mixin) fabric-screen-api-v1.mixins.json:MinecraftClientMixin from mod fabric-screen-api-v1->@Inject::beforeScreenTick(Lorg/spongepowered/asm/mixin/injection/callback/CallbackInfo;)V has 0 override(s) in child classes
[18:50:18] [Render thread/DEBUG] (FabricLoader/Mixin) fabric-screen-api-v1.mixins.json:MinecraftClientMixin from mod fabric-screen-api-v1->@Inject::beforeScreenTick(Lorg/spongepowered/asm/mixin/injection/callback/CallbackInfo;)V won't be passed a CallbackInfo as a result
[18:50:18] [Render thread/DEBUG] (FabricLoader/Mixin) fabric-screen-api-v1.mixins.json:MinecraftClientMixin from mod fabric-screen-api-v1->@Inject::afterScreenTick(Lorg/spongepowered/asm/mixin/injection/callback/CallbackInfo;)V doesn't use it's CallbackInfo
[18:50:18] [Render thread/DEBUG] (FabricLoader/Mixin) fabric-screen-api-v1.mixins.json:MinecraftClientMixin from mod fabric-screen-api-v1->@Inject::afterScreenTick(Lorg/spongepowered/asm/mixin/injection/callback/CallbackInfo;)V has 0 override(s) in child classes
[18:50:18] [Render thread/DEBUG] (FabricLoader/Mixin) fabric-screen-api-v1.mixins.json:MinecraftClientMixin from mod fabric-screen-api-v1->@Inject::afterScreenTick(Lorg/spongepowered/asm/mixin/injection/callback/CallbackInfo;)V won't be passed a CallbackInfo as a result
[18:50:18] [Render thread/DEBUG] (FabricLoader/Mixin) fabric-screen-api-v1.mixins.json:MinecraftClientMixin from mod fabric-screen-api-v1->@Inject::beforeLoadingScreenTick(Lorg/spongepowered/asm/mixin/injection/callback/CallbackInfo;)V doesn't use it's CallbackInfo
[18:50:18] [Render thread/DEBUG] (FabricLoader/Mixin) fabric-screen-api-v1.mixins.json:MinecraftClientMixin from mod fabric-screen-api-v1->@Inject::beforeLoadingScreenTick(Lorg/spongepowered/asm/mixin/injection/callback/CallbackInfo;)V has 0 override(s) in child classes
[18:50:18] [Render thread/DEBUG] (FabricLoader/Mixin) fabric-screen-api-v1.mixins.json:MinecraftClientMixin from mod fabric-screen-api-v1->@Inject::beforeLoadingScreenTick(Lorg/spongepowered/asm/mixin/injection/callback/CallbackInfo;)V won't be passed a CallbackInfo as a result
[18:50:18] [Render thread/DEBUG] (FabricLoader/Mixin) fabric-screen-api-v1.mixins.json:MinecraftClientMixin from mod fabric-screen-api-v1->@Inject::afterLoadingScreenTick(Lorg/spongepowered/asm/mixin/injection/callback/CallbackInfo;)V doesn't use it's CallbackInfo
[18:50:18] [Render thread/DEBUG] (FabricLoader/Mixin) fabric-screen-api-v1.mixins.json:MinecraftClientMixin from mod fabric-screen-api-v1->@Inject::afterLoadingScreenTick(Lorg/spongepowered/asm/mixin/injection/callback/CallbackInfo;)V has 0 override(s) in child classes
[18:50:18] [Render thread/DEBUG] (FabricLoader/Mixin) fabric-screen-api-v1.mixins.json:MinecraftClientMixin from mod fabric-screen-api-v1->@Inject::afterLoadingScreenTick(Lorg/spongepowered/asm/mixin/injection/callback/CallbackInfo;)V won't be passed a CallbackInfo as a result
[18:50:18] [Render thread/DEBUG] (FabricLoader/Mixin) fabric-registry-sync-v0.client.mixins.json:MinecraftClientMixin from mod fabric-registry-sync-v0->@Inject::disconnectAfter(Lnet/minecraft/client/gui/screens/Screen;ZLorg/spongepowered/asm/mixin/injection/callback/CallbackInfo;)V doesn't use it's CallbackInfo
[18:50:18] [Render thread/DEBUG] (FabricLoader/Mixin) fabric-registry-sync-v0.client.mixins.json:MinecraftClientMixin from mod fabric-registry-sync-v0->@Inject::disconnectAfter(Lnet/minecraft/client/gui/screens/Screen;ZLorg/spongepowered/asm/mixin/injection/callback/CallbackInfo;)V has 0 override(s) in child classes
[18:50:18] [Render thread/DEBUG] (FabricLoader/Mixin) fabric-registry-sync-v0.client.mixins.json:MinecraftClientMixin from mod fabric-registry-sync-v0->@Inject::disconnectAfter(Lnet/minecraft/client/gui/screens/Screen;ZLorg/spongepowered/asm/mixin/injection/callback/CallbackInfo;)V won't be passed a CallbackInfo as a result
[18:50:18] [Render thread/DEBUG] (FabricLoader/Mixin) fabric-registry-sync-v0.client.mixins.json:MinecraftClientMixin from mod fabric-registry-sync-v0->@Inject::afterModInit(Lorg/spongepowered/asm/mixin/injection/callback/CallbackInfo;)V doesn't use it's CallbackInfo
[18:50:18] [Render thread/DEBUG] (FabricLoader/Mixin) fabric-registry-sync-v0.client.mixins.json:MinecraftClientMixin from mod fabric-registry-sync-v0->@Inject::afterModInit(Lorg/spongepowered/asm/mixin/injection/callback/CallbackInfo;)V has 0 override(s) in child classes
[18:50:18] [Render thread/DEBUG] (FabricLoader/Mixin) fabric-registry-sync-v0.client.mixins.json:MinecraftClientMixin from mod fabric-registry-sync-v0->@Inject::afterModInit(Lorg/spongepowered/asm/mixin/injection/callback/CallbackInfo;)V won't be passed a CallbackInfo as a result
[18:50:18] [Render thread/DEBUG] (FabricLoader/Mixin) fabric-events-interaction-v0.client.mixins.json:MinecraftClientMixin from mod fabric-events-interaction-v0->@Inject::fabric_doItemPickWrapper(Lorg/spongepowered/asm/mixin/injection/callback/CallbackInfo;)V does use it's CallbackInfo
[18:50:18] [Render thread/DEBUG] (FabricLoader/Mixin) fabric-events-interaction-v0.client.mixins.json:MinecraftClientMixin from mod fabric-events-interaction-v0->@Inject::cancelItemPick(Lorg/spongepowered/asm/mixin/injection/callback/CallbackInfo;)V does use it's CallbackInfo
[18:50:18] [Render thread/DEBUG] (FabricLoader/Mixin) fabric-events-interaction-v0.client.mixins.json:MinecraftClientMixin from mod fabric-events-interaction-v0->@Inject::injectUseEntityCallback(Lorg/spongepowered/asm/mixin/injection/callback/CallbackInfo;[Lnet/minecraft/world/InteractionHand;IILnet/minecraft/world/InteractionHand;Lnet/minecraft/world/item/ItemStack;Lnet/minecraft/world/phys/EntityHitResult;Lnet/minecraft/world/entity/Entity;)V does use it's CallbackInfo
[18:50:18] [Render thread/DEBUG] (FabricLoader/Mixin) fabric-events-interaction-v0.client.mixins.json:MinecraftClientMixin from mod fabric-events-interaction-v0->@Inject::injectHandleInputEventsForPreAttackCallback(Lorg/spongepowered/asm/mixin/injection/callback/CallbackInfo;)V doesn't use it's CallbackInfo
[18:50:18] [Render thread/DEBUG] (FabricLoader/Mixin) fabric-events-interaction-v0.client.mixins.json:MinecraftClientMixin from mod fabric-events-interaction-v0->@Inject::injectHandleInputEventsForPreAttackCallback(Lorg/spongepowered/asm/mixin/injection/callback/CallbackInfo;)V has 0 override(s) in child classes
[18:50:18] [Render thread/DEBUG] (FabricLoader/Mixin) fabric-events-interaction-v0.client.mixins.json:MinecraftClientMixin from mod fabric-events-interaction-v0->@Inject::injectHandleInputEventsForPreAttackCallback(Lorg/spongepowered/asm/mixin/injection/callback/CallbackInfo;)V won't be passed a CallbackInfo as a result
[18:50:18] [Render thread/DEBUG] (FabricLoader/Mixin) fabric-events-interaction-v0.client.mixins.json:MinecraftClientMixin from mod fabric-events-interaction-v0->@Inject::injectDoAttackForCancelling(Lorg/spongepowered/asm/mixin/injection/callback/CallbackInfoReturnable;)V does use it's CallbackInfoReturnable
[18:50:18] [Render thread/DEBUG] (FabricLoader/Mixin) fabric-events-interaction-v0.client.mixins.json:MinecraftClientMixin from mod fabric-events-interaction-v0->@Inject::injectHandleBlockBreakingForCancelling(ZLorg/spongepowered/asm/mixin/injection/callback/CallbackInfo;)V does use it's CallbackInfo
[18:50:18] [Render thread/DEBUG] (FabricLoader/Mixin) Mixing access.ScreenAccessor from better_deco.mixins.json into net.minecraft.client.gui.screens.Screen
[18:50:18] [Render thread/DEBUG] (FabricLoader/Mixin) better_deco.mixins.json:access.ScreenAccessor from mod better_deco: Class version 65 required is higher than the class version supported by the current version of Mixin (JAVA_18 supports class version 62)
[18:50:18] [Render thread/DEBUG] (FabricLoader/Mixin) Mixing ScreenAccessor from fabric-screen-api-v1.mixins.json into net.minecraft.client.gui.screens.Screen
[18:50:18] [Render thread/DEBUG] (FabricLoader/Mixin) fabric-screen-api-v1.mixins.json:ScreenAccessor from mod fabric-screen-api-v1: Class version 65 required is higher than the class version supported by the current version of Mixin (JAVA_17 supports class version 61)
[18:50:18] [Render thread/DEBUG] (FabricLoader/Mixin) Mixing ScreenMixin from fabric-screen-api-v1.mixins.json into net.minecraft.client.gui.screens.Screen
[18:50:18] [Render thread/DEBUG] (FabricLoader/Mixin) fabric-screen-api-v1.mixins.json:ScreenMixin from mod fabric-screen-api-v1: Class version 65 required is higher than the class version supported by the current version of Mixin (JAVA_17 supports class version 61)
[18:50:18] [Render thread/DEBUG] (FabricLoader/Mixin) fabric-screen-api-v1.mixins.json:ScreenMixin from mod fabric-screen-api-v1->@Inject::beforeInitScreen(Lnet/minecraft/client/Minecraft;IILorg/spongepowered/asm/mixin/injection/callback/CallbackInfo;)V doesn't use it's CallbackInfo
[18:50:18] [Render thread/DEBUG] (FabricLoader/Mixin) fabric-screen-api-v1.mixins.json:ScreenMixin from mod fabric-screen-api-v1->@Inject::beforeInitScreen(Lnet/minecraft/client/Minecraft;IILorg/spongepowered/asm/mixin/injection/callback/CallbackInfo;)V has 0 override(s) in child classes
[18:50:18] [Render thread/DEBUG] (FabricLoader/Mixin) fabric-screen-api-v1.mixins.json:ScreenMixin from mod fabric-screen-api-v1->@Inject::beforeInitScreen(Lnet/minecraft/client/Minecraft;IILorg/spongepowered/asm/mixin/injection/callback/CallbackInfo;)V won't be passed a CallbackInfo as a result
[18:50:18] [Render thread/DEBUG] (FabricLoader/Mixin) fabric-screen-api-v1.mixins.json:ScreenMixin from mod fabric-screen-api-v1->@Inject::afterInitScreen(Lnet/minecraft/client/Minecraft;IILorg/spongepowered/asm/mixin/injection/callback/CallbackInfo;)V doesn't use it's CallbackInfo
[18:50:18] [Render thread/DEBUG] (FabricLoader/Mixin) fabric-screen-api-v1.mixins.json:ScreenMixin from mod fabric-screen-api-v1->@Inject::afterInitScreen(Lnet/minecraft/client/Minecraft;IILorg/spongepowered/asm/mixin/injection/callback/CallbackInfo;)V has 0 override(s) in child classes
[18:50:18] [Render thread/DEBUG] (FabricLoader/Mixin) fabric-screen-api-v1.mixins.json:ScreenMixin from mod fabric-screen-api-v1->@Inject::afterInitScreen(Lnet/minecraft/client/Minecraft;IILorg/spongepowered/asm/mixin/injection/callback/CallbackInfo;)V won't be passed a CallbackInfo as a result
[18:50:18] [Render thread/DEBUG] (FabricLoader/Mixin) fabric-screen-api-v1.mixins.json:ScreenMixin from mod fabric-screen-api-v1->@Inject::beforeResizeScreen(Lnet/minecraft/client/Minecraft;IILorg/spongepowered/asm/mixin/injection/callback/CallbackInfo;)V doesn't use it's CallbackInfo
[18:50:18] [Render thread/DEBUG] (FabricLoader/Mixin) fabric-screen-api-v1.mixins.json:ScreenMixin from mod fabric-screen-api-v1->@Inject::beforeResizeScreen(Lnet/minecraft/client/Minecraft;IILorg/spongepowered/asm/mixin/injection/callback/CallbackInfo;)V has 0 override(s) in child classes
[18:50:18] [Render thread/DEBUG] (FabricLoader/Mixin) fabric-screen-api-v1.mixins.json:ScreenMixin from mod fabric-screen-api-v1->@Inject::beforeResizeScreen(Lnet/minecraft/client/Minecraft;IILorg/spongepowered/asm/mixin/injection/callback/CallbackInfo;)V won't be passed a CallbackInfo as a result
[18:50:18] [Render thread/DEBUG] (FabricLoader/Mixin) fabric-screen-api-v1.mixins.json:ScreenMixin from mod fabric-screen-api-v1->@Inject::afterResizeScreen(Lnet/minecraft/client/Minecraft;IILorg/spongepowered/asm/mixin/injection/callback/CallbackInfo;)V doesn't use it's CallbackInfo
[18:50:18] [Render thread/DEBUG] (FabricLoader/Mixin) fabric-screen-api-v1.mixins.json:ScreenMixin from mod fabric-screen-api-v1->@Inject::afterResizeScreen(Lnet/minecraft/client/Minecraft;IILorg/spongepowered/asm/mixin/injection/callback/CallbackInfo;)V has 0 override(s) in child classes
[18:50:18] [Render thread/DEBUG] (FabricLoader/Mixin) fabric-screen-api-v1.mixins.json:ScreenMixin from mod fabric-screen-api-v1->@Inject::afterResizeScreen(Lnet/minecraft/client/Minecraft;IILorg/spongepowered/asm/mixin/injection/callback/CallbackInfo;)V won't be passed a CallbackInfo as a result
[18:50:18] [Render thread/DEBUG] (FabricLoader/Mixin) Mixing client.LocalPlayerMixin from framework.mixins.json into net.minecraft.client.player.LocalPlayer
[18:50:18] [Render thread/DEBUG] (FabricLoader/Mixin) Mixing LocalPlayerMixin from moonlight.mixins.json into net.minecraft.client.player.LocalPlayer
[18:50:18] [Render thread/DEBUG] (FabricLoader/Mixin) moonlight.mixins.json:LocalPlayerMixin from mod moonlight: Class version 65 required is higher than the class version supported by the current version of Mixin (JAVA_17 supports class version 61)
[18:50:18] [Render thread/DEBUG] (FabricLoader/Mixin) Mixing elytra.ClientPlayerEntityMixin from fabric-entity-events-v1.client.mixins.json into net.minecraft.client.player.LocalPlayer
[18:50:18] [Render thread/DEBUG] (FabricLoader/Mixin) fabric-entity-events-v1.client.mixins.json:elytra.ClientPlayerEntityMixin from mod fabric-entity-events-v1: Class version 65 required is higher than the class version supported by the current version of Mixin (JAVA_17 supports class version 61)
[18:50:18] [Render thread/DEBUG] (FabricLoader/Mixin) framework.mixins.json:client.LocalPlayerMixin from mod framework->@Inject::frameworkOnInput(Lorg/spongepowered/asm/mixin/injection/callback/CallbackInfo;)V doesn't use it's CallbackInfo
[18:50:18] [Render thread/DEBUG] (FabricLoader/Mixin) framework.mixins.json:client.LocalPlayerMixin from mod framework->@Inject::frameworkOnInput(Lorg/spongepowered/asm/mixin/injection/callback/CallbackInfo;)V has 0 override(s) in child classes
[18:50:18] [Render thread/DEBUG] (FabricLoader/Mixin) framework.mixins.json:client.LocalPlayerMixin from mod framework->@Inject::frameworkOnInput(Lorg/spongepowered/asm/mixin/injection/callback/CallbackInfo;)V won't be passed a CallbackInfo as a result
[18:50:18] [Render thread/DEBUG] (FabricLoader/Mixin) moonlight.mixins.json:LocalPlayerMixin from mod moonlight->@Inject::onMovementInputUpdate(Lorg/spongepowered/asm/mixin/injection/callback/CallbackInfo;)V doesn't use it's CallbackInfo
[18:50:18] [Render thread/DEBUG] (FabricLoader/Mixin) moonlight.mixins.json:LocalPlayerMixin from mod moonlight->@Inject::onMovementInputUpdate(Lorg/spongepowered/asm/mixin/injection/callback/CallbackInfo;)V has 0 override(s) in child classes
[18:50:18] [Render thread/DEBUG] (FabricLoader/Mixin) moonlight.mixins.json:LocalPlayerMixin from mod moonlight->@Inject::onMovementInputUpdate(Lorg/spongepowered/asm/mixin/injection/callback/CallbackInfo;)V won't be passed a CallbackInfo as a result
[18:50:18] [Render thread/DEBUG] (FabricLoader/Mixin) fabric-entity-events-v1.client.mixins.json:elytra.ClientPlayerEntityMixin from mod fabric-entity-events-v1->@Inject::injectElytraStart(Lorg/spongepowered/asm/mixin/injection/callback/CallbackInfo;)V doesn't use it's CallbackInfo
[18:50:18] [Render thread/DEBUG] (FabricLoader/Mixin) fabric-entity-events-v1.client.mixins.json:elytra.ClientPlayerEntityMixin from mod fabric-entity-events-v1->@Inject::injectElytraStart(Lorg/spongepowered/asm/mixin/injection/callback/CallbackInfo;)V has 0 override(s) in child classes
[18:50:18] [Render thread/DEBUG] (FabricLoader/Mixin) fabric-entity-events-v1.client.mixins.json:elytra.ClientPlayerEntityMixin from mod fabric-entity-events-v1->@Inject::injectElytraStart(Lorg/spongepowered/asm/mixin/injection/callback/CallbackInfo;)V won't be passed a CallbackInfo as a result
[18:50:18] [Render thread/DEBUG] (FabricLoader/Mixin) Mixing ClientWorldMixin from fabric-lifecycle-events-v1.client.mixins.json into net.minecraft.client.multiplayer.ClientLevel
[18:50:18] [Render thread/DEBUG] (FabricLoader/Mixin) fabric-lifecycle-events-v1.client.mixins.json:ClientWorldMixin from mod fabric-lifecycle-events-v1: Class version 65 required is higher than the class version supported by the current version of Mixin (JAVA_17 supports class version 61)
[18:50:18] [Render thread/DEBUG] (FabricLoader/Mixin) Mixing ClientWorldMixin from fabric-rendering-v1.mixins.json into net.minecraft.client.multiplayer.ClientLevel
[18:50:18] [Render thread/DEBUG] (FabricLoader/Mixin) fabric-rendering-v1.mixins.json:ClientWorldMixin from mod fabric-rendering-v1: Class version 65 required is higher than the class version supported by the current version of Mixin (JAVA_17 supports class version 61)
[18:50:18] [Render thread/DEBUG] (FabricLoader/Mixin) Renaming synthetic method lambda$new$1(Lnet/minecraft/world/level/ColorResolver;)Lnet/minecraft/client/color/block/BlockTintCache; to md310282$fabric-rendering-v1$lambda$new$1$0 in fabric-rendering-v1.mixins.json:ClientWorldMixin from mod fabric-rendering-v1
[18:50:18] [Render thread/DEBUG] (FabricLoader/Mixin) Renaming synthetic method lambda$new$0(Lnet/minecraft/world/level/ColorResolver;Lnet/minecraft/core/BlockPos;)I to md310282$fabric-rendering-v1$lambda$new$0$1 in fabric-rendering-v1.mixins.json:ClientWorldMixin from mod fabric-rendering-v1
[18:50:18] [Render thread/DEBUG] (FabricLoader/Mixin) fabric-lifecycle-events-v1.client.mixins.json:ClientWorldMixin from mod fabric-lifecycle-events-v1->@Inject::tickWorldAfterBlockEntities(Lorg/spongepowered/asm/mixin/injection/callback/CallbackInfo;)V doesn't use it's CallbackInfo
[18:50:18] [Render thread/DEBUG] (FabricLoader/Mixin) fabric-lifecycle-events-v1.client.mixins.json:ClientWorldMixin from mod fabric-lifecycle-events-v1->@Inject::tickWorldAfterBlockEntities(Lorg/spongepowered/asm/mixin/injection/callback/CallbackInfo;)V has 0 override(s) in child classes
[18:50:18] [Render thread/DEBUG] (FabricLoader/Mixin) fabric-lifecycle-events-v1.client.mixins.json:ClientWorldMixin from mod fabric-lifecycle-events-v1->@Inject::tickWorldAfterBlockEntities(Lorg/spongepowered/asm/mixin/injection/callback/CallbackInfo;)V won't be passed a CallbackInfo as a result
[18:50:18] [Render thread/DEBUG] (FabricLoader/Mixin) fabric-lifecycle-events-v1.client.mixins.json:ClientWorldMixin from mod fabric-lifecycle-events-v1->@Inject::startWorldTick(Lorg/spongepowered/asm/mixin/injection/callback/CallbackInfo;)V doesn't use it's CallbackInfo
[18:50:18] [Render thread/DEBUG] (FabricLoader/Mixin) fabric-lifecycle-events-v1.client.mixins.json:ClientWorldMixin from mod fabric-lifecycle-events-v1->@Inject::startWorldTick(Lorg/spongepowered/asm/mixin/injection/callback/CallbackInfo;)V has 0 override(s) in child classes
[18:50:18] [Render thread/DEBUG] (FabricLoader/Mixin) fabric-lifecycle-events-v1.client.mixins.json:ClientWorldMixin from mod fabric-lifecycle-events-v1->@Inject::startWorldTick(Lorg/spongepowered/asm/mixin/injection/callback/CallbackInfo;)V won't be passed a CallbackInfo as a result
[18:50:18] [Render thread/DEBUG] (FabricLoader/Mixin) fabric-rendering-v1.mixins.json:ClientWorldMixin from mod fabric-rendering-v1->@Inject::onResetChunkColor(Lnet/minecraft/world/level/ChunkPos;Lorg/spongepowered/asm/mixin/injection/callback/CallbackInfo;)V doesn't use it's CallbackInfo
[18:50:18] [Render thread/DEBUG] (FabricLoader/Mixin) fabric-rendering-v1.mixins.json:ClientWorldMixin from mod fabric-rendering-v1->@Inject::onResetChunkColor(Lnet/minecraft/world/level/ChunkPos;Lorg/spongepowered/asm/mixin/injection/callback/CallbackInfo;)V has 0 override(s) in child classes
[18:50:18] [Render thread/DEBUG] (FabricLoader/Mixin) fabric-rendering-v1.mixins.json:ClientWorldMixin from mod fabric-rendering-v1->@Inject::onResetChunkColor(Lnet/minecraft/world/level/ChunkPos;Lorg/spongepowered/asm/mixin/injection/callback/CallbackInfo;)V won't be passed a CallbackInfo as a result
[18:50:18] [Render thread/DEBUG] (FabricLoader/Mixin) fabric-rendering-v1.mixins.json:ClientWorldMixin from mod fabric-rendering-v1->@Inject::onReloadColor(Lorg/spongepowered/asm/mixin/injection/callback/CallbackInfo;)V doesn't use it's CallbackInfo
[18:50:18] [Render thread/DEBUG] (FabricLoader/Mixin) fabric-rendering-v1.mixins.json:ClientWorldMixin from mod fabric-rendering-v1->@Inject::onReloadColor(Lorg/spongepowered/asm/mixin/injection/callback/CallbackInfo;)V has 0 override(s) in child classes
[18:50:18] [Render thread/DEBUG] (FabricLoader/Mixin) fabric-rendering-v1.mixins.json:ClientWorldMixin from mod fabric-rendering-v1->@Inject::onReloadColor(Lorg/spongepowered/asm/mixin/injection/callback/CallbackInfo;)V won't be passed a CallbackInfo as a result
[18:50:18] [Render thread/DEBUG] (FabricLoader/Mixin) Mixing EffectRenderingInventoryScreenMixin from jei.mixins.json into net.minecraft.client.gui.screens.inventory.EffectRenderingInventoryScreen
[18:50:18] [Render thread/DEBUG] (FabricLoader/Mixin) Mixing client.AbstractContainerScreenMixin from framework.mixins.json into net.minecraft.client.gui.screens.inventory.AbstractContainerScreen
[18:50:18] [Render thread/DEBUG] (FabricLoader/Mixin) Mixing AbstractContainerScreenMixin from jei.mixins.json into net.minecraft.client.gui.screens.inventory.AbstractContainerScreen
[18:50:18] [Render thread/DEBUG] (FabricLoader/Mixin) Mixing HandledScreenMixin from fabric-screen-api-v1.mixins.json into net.minecraft.client.gui.screens.inventory.AbstractContainerScreen
[18:50:18] [Render thread/DEBUG] (FabricLoader/Mixin) fabric-screen-api-v1.mixins.json:HandledScreenMixin from mod fabric-screen-api-v1: Class version 65 required is higher than the class version supported by the current version of Mixin (JAVA_17 supports class version 61)
[18:50:18] [Render thread/DEBUG] (FabricLoader/Mixin) framework.mixins.json:client.AbstractContainerScreenMixin from mod framework->@Inject::frameworkAfterDrawBackground(Lnet/minecraft/client/gui/GuiGraphics;IIFLorg/spongepowered/asm/mixin/injection/callback/CallbackInfo;II)V doesn't use it's CallbackInfo
[18:50:18] [Render thread/DEBUG] (FabricLoader/Mixin) framework.mixins.json:client.AbstractContainerScreenMixin from mod framework->@Inject::frameworkAfterDrawBackground(Lnet/minecraft/client/gui/GuiGraphics;IIFLorg/spongepowered/asm/mixin/injection/callback/CallbackInfo;II)V has 0 override(s) in child classes
[18:50:18] [Render thread/DEBUG] (FabricLoader/Mixin) framework.mixins.json:client.AbstractContainerScreenMixin from mod framework->@Inject::frameworkAfterDrawBackground(Lnet/minecraft/client/gui/GuiGraphics;IIFLorg/spongepowered/asm/mixin/injection/callback/CallbackInfo;II)V won't be passed a CallbackInfo as a result
[18:50:18] [Render thread/DEBUG] (FabricLoader/Mixin) jei.mixins.json:AbstractContainerScreenMixin from mod jei->@Inject::drawForeground(Lnet/minecraft/client/gui/GuiGraphics;IIFLorg/spongepowered/asm/mixin/injection/callback/CallbackInfo;)V doesn't use it's CallbackInfo
[18:50:18] [Render thread/DEBUG] (FabricLoader/Mixin) jei.mixins.json:AbstractContainerScreenMixin from mod jei->@Inject::drawForeground(Lnet/minecraft/client/gui/GuiGraphics;IIFLorg/spongepowered/asm/mixin/injection/callback/CallbackInfo;)V has 0 override(s) in child classes
[18:50:18] [Render thread/DEBUG] (FabricLoader/Mixin) jei.mixins.json:AbstractContainerScreenMixin from mod jei->@Inject::drawForeground(Lnet/minecraft/client/gui/GuiGraphics;IIFLorg/spongepowered/asm/mixin/injection/callback/CallbackInfo;)V won't be passed a CallbackInfo as a result
[18:50:18] [Render thread/DEBUG] (FabricLoader/Mixin) fabric-screen-api-v1.mixins.json:HandledScreenMixin from mod fabric-screen-api-v1->@Inject::callSuperMouseReleased(DDILorg/spongepowered/asm/mixin/injection/callback/CallbackInfoReturnable;)V does use it's CallbackInfoReturnable
[18:50:18] [Render thread/DEBUG] (FabricLoader/Mixin) fabric-screen-api-v1.mixins.json:HandledScreenMixin from mod fabric-screen-api-v1->@Inject::callSuperMouseReleased(DDIDDLorg/spongepowered/asm/mixin/injection/callback/CallbackInfoReturnable;)V does use it's CallbackInfoReturnable
[18:50:18] [Render thread/DEBUG] (FabricLoader/Mixin) Mixing SinglePreparationResourceReloaderMixin from fabric-resource-conditions-api-v1.mixins.json into net.minecraft.server.packs.resources.SimplePreparableReloadListener
[18:50:18] [Render thread/DEBUG] (FabricLoader/Mixin) fabric-resource-conditions-api-v1.mixins.json:SinglePreparationResourceReloaderMixin from mod fabric-resource-conditions-api-v1: Class version 65 required is higher than the class version supported by the current version of Mixin (JAVA_17 supports class version 61)
[18:50:18] [Render thread/DEBUG] (FabricLoader/Mixin) fabric-resource-conditions-api-v1.mixins.json:SinglePreparationResourceReloaderMixin from mod fabric-resource-conditions-api-v1->@Inject::applyResourceConditions(Lnet/minecraft/server/packs/resources/ResourceManager;Lnet/minecraft/util/profiling/ProfilerFiller;Ljava/lang/Object;Lorg/spongepowered/asm/mixin/injection/callback/CallbackInfo;)V doesn't use it's CallbackInfo
[18:50:18] [Render thread/DEBUG] (FabricLoader/Mixin) fabric-resource-conditions-api-v1.mixins.json:SinglePreparationResourceReloaderMixin from mod fabric-resource-conditions-api-v1->@Inject::applyResourceConditions(Lnet/minecraft/server/packs/resources/ResourceManager;Lnet/minecraft/util/profiling/ProfilerFiller;Ljava/lang/Object;Lorg/spongepowered/asm/mixin/injection/callback/CallbackInfo;)V has 0 override(s) in child classes
[18:50:18] [Render thread/DEBUG] (FabricLoader/Mixin) fabric-resource-conditions-api-v1.mixins.json:SinglePreparationResourceReloaderMixin from mod fabric-resource-conditions-api-v1->@Inject::applyResourceConditions(Lnet/minecraft/server/packs/resources/ResourceManager;Lnet/minecraft/util/profiling/ProfilerFiller;Ljava/lang/Object;Lorg/spongepowered/asm/mixin/injection/callback/CallbackInfo;)V won't be passed a CallbackInfo as a result
[18:50:18] [Render thread/DEBUG] (FabricLoader/Mixin) Mixing VanillaResourcePackProviderMixin from fabric-resource-loader-v0.client.mixins.json into net.minecraft.server.packs.repository.BuiltInPackSource
[18:50:18] [Render thread/DEBUG] (FabricLoader/Mixin) fabric-resource-loader-v0.client.mixins.json:VanillaResourcePackProviderMixin from mod fabric-resource-loader-v0: Class version 65 required is higher than the class version supported by the current version of Mixin (JAVA_17 supports class version 61)
[18:50:18] [Render thread/DEBUG] (FabricLoader/Mixin) fabric-resource-loader-v0.client.mixins.json:VanillaResourcePackProviderMixin from mod fabric-resource-loader-v0->@Inject::addBuiltinResourcePacks(Ljava/util/function/Consumer;Lorg/spongepowered/asm/mixin/injection/callback/CallbackInfo;)V doesn't use it's CallbackInfo
[18:50:18] [Render thread/DEBUG] (FabricLoader/Mixin) fabric-resource-loader-v0.client.mixins.json:VanillaResourcePackProviderMixin from mod fabric-resource-loader-v0->@Inject::addBuiltinResourcePacks(Ljava/util/function/Consumer;Lorg/spongepowered/asm/mixin/injection/callback/CallbackInfo;)V has 0 override(s) in child classes
[18:50:18] [Render thread/DEBUG] (FabricLoader/Mixin) fabric-resource-loader-v0.client.mixins.json:VanillaResourcePackProviderMixin from mod fabric-resource-loader-v0->@Inject::addBuiltinResourcePacks(Ljava/util/function/Consumer;Lorg/spongepowered/asm/mixin/injection/callback/CallbackInfo;)V won't be passed a CallbackInfo as a result
[18:50:19] [Render thread/DEBUG] (FabricLoader/Mixin) Mixing ResourcePackManagerMixin from fabric-resource-loader-v0.mixins.json into net.minecraft.server.packs.repository.PackRepository
[18:50:19] [Render thread/DEBUG] (FabricLoader/Mixin) fabric-resource-loader-v0.mixins.json:ResourcePackManagerMixin from mod fabric-resource-loader-v0: Class version 65 required is higher than the class version supported by the current version of Mixin (JAVA_17 supports class version 61)
[18:50:19] [Render thread/DEBUG] (FabricLoader/Mixin) Renaming synthetic method lambda$handleAutoDisable$0(Ljava/util/Set;Lnet/minecraft/server/packs/repository/Pack;)Z to md310282$fabric-resource-loader-v0$lambda$handleAutoDisable$0$0 in fabric-resource-loader-v0.mixins.json:ResourcePackManagerMixin from mod fabric-resource-loader-v0
[18:50:19] [Render thread/DEBUG] (FabricLoader/Mixin) Mixing PackRepositoryAccessor from moonlight.mixins.json into net.minecraft.server.packs.repository.PackRepository
[18:50:19] [Render thread/DEBUG] (FabricLoader/Mixin) moonlight.mixins.json:PackRepositoryAccessor from mod moonlight: Class version 65 required is higher than the class version supported by the current version of Mixin (JAVA_17 supports class version 61)
[18:50:19] [Render thread/DEBUG] (FabricLoader/Mixin) fabric-resource-loader-v0.mixins.json:ResourcePackManagerMixin from mod fabric-resource-loader-v0->@Inject::construct([Lnet/minecraft/server/packs/repository/RepositorySource;Lorg/spongepowered/asm/mixin/injection/callback/CallbackInfo;)V doesn't use it's CallbackInfo
[18:50:19] [Render thread/DEBUG] (FabricLoader/Mixin) fabric-resource-loader-v0.mixins.json:ResourcePackManagerMixin from mod fabric-resource-loader-v0->@Inject::construct([Lnet/minecraft/server/packs/repository/RepositorySource;Lorg/spongepowered/asm/mixin/injection/callback/CallbackInfo;)V has 0 override(s) in child classes
[18:50:19] [Render thread/DEBUG] (FabricLoader/Mixin) fabric-resource-loader-v0.mixins.json:ResourcePackManagerMixin from mod fabric-resource-loader-v0->@Inject::construct([Lnet/minecraft/server/packs/repository/RepositorySource;Lorg/spongepowered/asm/mixin/injection/callback/CallbackInfo;)V won't be passed a CallbackInfo as a result
[18:50:19] [Render thread/DEBUG] (FabricLoader/Mixin) fabric-resource-loader-v0.mixins.json:ResourcePackManagerMixin from mod fabric-resource-loader-v0->@Inject::handleAutoEnableDisable(Ljava/util/Collection;Lorg/spongepowered/asm/mixin/injection/callback/CallbackInfoReturnable;)V doesn't use it's CallbackInfoReturnable
[18:50:19] [Render thread/DEBUG] (FabricLoader/Mixin) fabric-resource-loader-v0.mixins.json:ResourcePackManagerMixin from mod fabric-resource-loader-v0->@Inject::handleAutoEnableDisable(Ljava/util/Collection;Lorg/spongepowered/asm/mixin/injection/callback/CallbackInfoReturnable;)V has 0 override(s) in child classes
[18:50:19] [Render thread/DEBUG] (FabricLoader/Mixin) fabric-resource-loader-v0.mixins.json:ResourcePackManagerMixin from mod fabric-resource-loader-v0->@Inject::handleAutoEnableDisable(Ljava/util/Collection;Lorg/spongepowered/asm/mixin/injection/callback/CallbackInfoReturnable;)V won't be passed a CallbackInfoReturnable as a result
[18:50:19] [Render thread/DEBUG] (FabricLoader/Mixin) fabric-resource-loader-v0.mixins.json:ResourcePackManagerMixin from mod fabric-resource-loader-v0->@Inject::handleAutoEnable(Ljava/lang/String;Lorg/spongepowered/asm/mixin/injection/callback/CallbackInfoReturnable;)V doesn't use it's CallbackInfoReturnable
[18:50:19] [Render thread/DEBUG] (FabricLoader/Mixin) fabric-resource-loader-v0.mixins.json:ResourcePackManagerMixin from mod fabric-resource-loader-v0->@Inject::handleAutoEnable(Ljava/lang/String;Lorg/spongepowered/asm/mixin/injection/callback/CallbackInfoReturnable;)V has 0 override(s) in child classes
[18:50:19] [Render thread/DEBUG] (FabricLoader/Mixin) fabric-resource-loader-v0.mixins.json:ResourcePackManagerMixin from mod fabric-resource-loader-v0->@Inject::handleAutoEnable(Ljava/lang/String;Lorg/spongepowered/asm/mixin/injection/callback/CallbackInfoReturnable;)V won't be passed a CallbackInfoReturnable as a result
[18:50:19] [Render thread/DEBUG] (FabricLoader/Mixin) fabric-resource-loader-v0.mixins.json:ResourcePackManagerMixin from mod fabric-resource-loader-v0->@Inject::handleAutoDisable(Ljava/lang/String;Lorg/spongepowered/asm/mixin/injection/callback/CallbackInfoReturnable;)V doesn't use it's CallbackInfoReturnable
[18:50:19] [Render thread/DEBUG] (FabricLoader/Mixin) fabric-resource-loader-v0.mixins.json:ResourcePackManagerMixin from mod fabric-resource-loader-v0->@Inject::handleAutoDisable(Ljava/lang/String;Lorg/spongepowered/asm/mixin/injection/callback/CallbackInfoReturnable;)V has 0 override(s) in child classes
[18:50:19] [Render thread/DEBUG] (FabricLoader/Mixin) fabric-resource-loader-v0.mixins.json:ResourcePackManagerMixin from mod fabric-resource-loader-v0->@Inject::handleAutoDisable(Ljava/lang/String;Lorg/spongepowered/asm/mixin/injection/callback/CallbackInfoReturnable;)V won't be passed a CallbackInfoReturnable as a result
[18:50:19] [Render thread/INFO] (com.mojang.authlib.yggdrasil.YggdrasilAuthenticationService) Environment: Environment[sessionHost=https://sessionserver.mojang.com, servicesHost=https://api.minecraftservices.com, name=PROD]
[18:50:19] [Yggdrasil Key Fetcher/DEBUG] (com.mojang.authlib.minecraft.client.MinecraftClient) Connecting to https://api.minecraftservices.com/publickeys
[18:50:19] [Download-1/DEBUG] (com.mojang.authlib.minecraft.client.MinecraftClient) Connecting to https://sessionserver.mojang.com/session/minecraft/profile/69f2b187e079316a90f3428ee409a7fd?unsigned=false
[18:50:19] [Render thread/INFO] (net.minecraft.client.Minecraft) Setting user: Player934
[18:50:19] [Render thread/DEBUG] (FabricLoader/Mixin) Mixing KeyBindingAccessor from fabric-key-binding-api-v1.mixins.json into net.minecraft.client.KeyMapping
[18:50:19] [Render thread/DEBUG] (FabricLoader/Mixin) fabric-key-binding-api-v1.mixins.json:KeyBindingAccessor from mod fabric-key-binding-api-v1: Class version 65 required is higher than the class version supported by the current version of Mixin (JAVA_17 supports class version 61)
[18:50:19] [Render thread/DEBUG] (FabricLoader/Mixin) Renaming @Accessor method fabric_getCategoryMap()Ljava/util/Map; to fabric_getCategoryMap$fabric-key-binding-api-v1_$md$310282$0 in fabric-key-binding-api-v1.mixins.json:KeyBindingAccessor from mod fabric-key-binding-api-v1
[18:50:19] [Render thread/DEBUG] (FabricLoader/Mixin) Mixing KeyBindingAccessor from fabric-events-interaction-v0.client.mixins.json into net.minecraft.client.KeyMapping
[18:50:19] [Render thread/DEBUG] (FabricLoader/Mixin) fabric-events-interaction-v0.client.mixins.json:KeyBindingAccessor from mod fabric-events-interaction-v0: Class version 65 required is higher than the class version supported by the current version of Mixin (JAVA_17 supports class version 61)
[18:50:19] [Render thread/DEBUG] (FabricLoader/Entrypoint) Iterating over entrypoint 'main'
[18:50:19] [Render thread/DEBUG] (FabricLoader/Mixin) Mixing MixinMinecraftServer from terrablender_fabric.mixins.json into net.minecraft.server.MinecraftServer
[18:50:19] [Render thread/DEBUG] (FabricLoader/Mixin) terrablender_fabric.mixins.json:MixinMinecraftServer from mod terrablender: Class version 65 required is higher than the class version supported by the current version of Mixin (JAVA_17 supports class version 61)
[18:50:19] [Render thread/DEBUG] (FabricLoader/Mixin) Mixing MinecraftServerMixin from fabric-gametest-api-v1.mixins.json into net.minecraft.server.MinecraftServer
[18:50:19] [Render thread/DEBUG] (FabricLoader/Mixin) fabric-gametest-api-v1.mixins.json:MinecraftServerMixin from mod fabric-gametest-api-v1: Class version 65 required is higher than the class version supported by the current version of Mixin (JAVA_17 supports class version 61)
[18:50:19] [Render thread/DEBUG] (FabricLoader/Mixin) Mixing modification.MinecraftServerMixin from fabric-biome-api-v1.mixins.json into net.minecraft.server.MinecraftServer
[18:50:19] [Render thread/DEBUG] (FabricLoader/Mixin) fabric-biome-api-v1.mixins.json:modification.MinecraftServerMixin from mod fabric-biome-api-v1: Class version 65 required is higher than the class version supported by the current version of Mixin (JAVA_17 supports class version 61)
[18:50:19] [Render thread/DEBUG] (FabricLoader/Mixin) Mixing MinecraftServerMixin from fabric-lifecycle-events-v1.mixins.json into net.minecraft.server.MinecraftServer
[18:50:19] [Render thread/DEBUG] (FabricLoader/Mixin) fabric-lifecycle-events-v1.mixins.json:MinecraftServerMixin from mod fabric-lifecycle-events-v1: Class version 65 required is higher than the class version supported by the current version of Mixin (JAVA_17 supports class version 61)
[18:50:19] [Render thread/DEBUG] (FabricLoader/Mixin) Renaming synthetic method lambda$endResourceReload$0(Ljava/lang/Void;Ljava/lang/Throwable;)Ljava/lang/Void; to md310282$fabric-lifecycle-events-v1$lambda$endResourceReload$0$0 in fabric-lifecycle-events-v1.mixins.json:MinecraftServerMixin from mod fabric-lifecycle-events-v1
[18:50:19] [Render thread/DEBUG] (FabricLoader/Mixin) Mixing MinecraftServerMixin from fabric-message-api-v1.mixins.json into net.minecraft.server.MinecraftServer
[18:50:19] [Render thread/DEBUG] (FabricLoader/Mixin) fabric-message-api-v1.mixins.json:MinecraftServerMixin from mod fabric-message-api-v1: Class version 65 required is higher than the class version supported by the current version of Mixin (JAVA_17 supports class version 61)
[18:50:19] [Render thread/DEBUG] (FabricLoader/Mixin) Renaming synthetic method lambda$onGetChatDecorator$0(Lnet/minecraft/server/level/ServerPlayer;Lnet/minecraft/network/chat/Component;)Lnet/minecraft/network/chat/Component; to md310282$fabric-message-api-v1$lambda$onGetChatDecorator$0$1 in fabric-message-api-v1.mixins.json:MinecraftServerMixin from mod fabric-message-api-v1
[18:50:19] [Render thread/DEBUG] (FabricLoader/Mixin) Mixing MinecraftServerMixin from fabric-resource-loader-v0.mixins.json into net.minecraft.server.MinecraftServer
[18:50:19] [Render thread/DEBUG] (FabricLoader/Mixin) fabric-resource-loader-v0.mixins.json:MinecraftServerMixin from mod fabric-resource-loader-v0: Class version 65 required is higher than the class version supported by the current version of Mixin (JAVA_17 supports class version 61)
[18:50:19] [Render thread/DEBUG] (FabricLoader/Mixin) Renaming synthetic method lambda$init$0(Lnet/minecraft/server/packs/PackResources;)Ljava/util/stream/Stream; to md310282$fabric-resource-loader-v0$lambda$init$0$2 in fabric-resource-loader-v0.mixins.json:MinecraftServerMixin from mod fabric-resource-loader-v0
[18:50:19] [Render thread/DEBUG] (FabricLoader/Mixin) Mixing MinecraftServerMixin from moonlight.mixins.json into net.minecraft.server.MinecraftServer
[18:50:19] [Render thread/DEBUG] (FabricLoader/Mixin) moonlight.mixins.json:MinecraftServerMixin from mod moonlight: Class version 65 required is higher than the class version supported by the current version of Mixin (JAVA_17 supports class version 61)
[18:50:19] [Render thread/DEBUG] (FabricLoader/Mixin) terrablender_fabric.mixins.json:MixinMinecraftServer from mod terrablender->@Inject::onInit(Lorg/spongepowered/asm/mixin/injection/callback/CallbackInfo;)V doesn't use it's CallbackInfo
[18:50:19] [Render thread/DEBUG] (FabricLoader/Mixin) terrablender_fabric.mixins.json:MixinMinecraftServer from mod terrablender->@Inject::onInit(Lorg/spongepowered/asm/mixin/injection/callback/CallbackInfo;)V has 0 override(s) in child classes
[18:50:19] [Render thread/DEBUG] (FabricLoader/Mixin) terrablender_fabric.mixins.json:MixinMinecraftServer from mod terrablender->@Inject::onInit(Lorg/spongepowered/asm/mixin/injection/callback/CallbackInfo;)V won't be passed a CallbackInfo as a result
[18:50:19] [Render thread/DEBUG] (FabricLoader/Mixin) fabric-gametest-api-v1.mixins.json:MinecraftServerMixin from mod fabric-gametest-api-v1->@Inject::tickWorlds(Ljava/util/function/BooleanSupplier;Lorg/spongepowered/asm/mixin/injection/callback/CallbackInfo;)V doesn't use it's CallbackInfo
[18:50:19] [Render thread/DEBUG] (FabricLoader/Mixin) fabric-gametest-api-v1.mixins.json:MinecraftServerMixin from mod fabric-gametest-api-v1->@Inject::tickWorlds(Ljava/util/function/BooleanSupplier;Lorg/spongepowered/asm/mixin/injection/callback/CallbackInfo;)V has 0 override(s) in child classes
[18:50:19] [Render thread/DEBUG] (FabricLoader/Mixin) fabric-gametest-api-v1.mixins.json:MinecraftServerMixin from mod fabric-gametest-api-v1->@Inject::tickWorlds(Ljava/util/function/BooleanSupplier;Lorg/spongepowered/asm/mixin/injection/callback/CallbackInfo;)V won't be passed a CallbackInfo as a result
[18:50:19] [Render thread/DEBUG] (FabricLoader/Mixin) fabric-biome-api-v1.mixins.json:modification.MinecraftServerMixin from mod fabric-biome-api-v1->@Inject::finalizeWorldGen(Lorg/spongepowered/asm/mixin/injection/callback/CallbackInfo;)V doesn't use it's CallbackInfo
[18:50:19] [Render thread/DEBUG] (FabricLoader/Mixin) fabric-biome-api-v1.mixins.json:modification.MinecraftServerMixin from mod fabric-biome-api-v1->@Inject::finalizeWorldGen(Lorg/spongepowered/asm/mixin/injection/callback/CallbackInfo;)V has 0 override(s) in child classes
[18:50:19] [Render thread/DEBUG] (FabricLoader/Mixin) fabric-biome-api-v1.mixins.json:modification.MinecraftServerMixin from mod fabric-biome-api-v1->@Inject::finalizeWorldGen(Lorg/spongepowered/asm/mixin/injection/callback/CallbackInfo;)V won't be passed a CallbackInfo as a result
[18:50:19] [Render thread/DEBUG] (FabricLoader/Mixin) fabric-lifecycle-events-v1.mixins.json:MinecraftServerMixin from mod fabric-lifecycle-events-v1->@Inject::beforeSetupServer(Lorg/spongepowered/asm/mixin/injection/callback/CallbackInfo;)V doesn't use it's CallbackInfo
[18:50:19] [Render thread/DEBUG] (FabricLoader/Mixin) fabric-lifecycle-events-v1.mixins.json:MinecraftServerMixin from mod fabric-lifecycle-events-v1->@Inject::beforeSetupServer(Lorg/spongepowered/asm/mixin/injection/callback/CallbackInfo;)V has 0 override(s) in child classes
[18:50:19] [Render thread/DEBUG] (FabricLoader/Mixin) fabric-lifecycle-events-v1.mixins.json:MinecraftServerMixin from mod fabric-lifecycle-events-v1->@Inject::beforeSetupServer(Lorg/spongepowered/asm/mixin/injection/callback/CallbackInfo;)V won't be passed a CallbackInfo as a result
[18:50:19] [Render thread/DEBUG] (FabricLoader/Mixin) fabric-lifecycle-events-v1.mixins.json:MinecraftServerMixin from mod fabric-lifecycle-events-v1->@Inject::afterSetupServer(Lorg/spongepowered/asm/mixin/injection/callback/CallbackInfo;)V doesn't use it's CallbackInfo
[18:50:19] [Render thread/DEBUG] (FabricLoader/Mixin) fabric-lifecycle-events-v1.mixins.json:MinecraftServerMixin from mod fabric-lifecycle-events-v1->@Inject::afterSetupServer(Lorg/spongepowered/asm/mixin/injection/callback/CallbackInfo;)V has 0 override(s) in child classes
[18:50:19] [Render thread/DEBUG] (FabricLoader/Mixin) fabric-lifecycle-events-v1.mixins.json:MinecraftServerMixin from mod fabric-lifecycle-events-v1->@Inject::afterSetupServer(Lorg/spongepowered/asm/mixin/injection/callback/CallbackInfo;)V won't be passed a CallbackInfo as a result
[18:50:19] [Render thread/DEBUG] (FabricLoader/Mixin) fabric-lifecycle-events-v1.mixins.json:MinecraftServerMixin from mod fabric-lifecycle-events-v1->@Inject::beforeShutdownServer(Lorg/spongepowered/asm/mixin/injection/callback/CallbackInfo;)V doesn't use it's CallbackInfo
[18:50:19] [Render thread/DEBUG] (FabricLoader/Mixin) fabric-lifecycle-events-v1.mixins.json:MinecraftServerMixin from mod fabric-lifecycle-events-v1->@Inject::beforeShutdownServer(Lorg/spongepowered/asm/mixin/injection/callback/CallbackInfo;)V has 0 override(s) in child classes
[18:50:19] [Render thread/DEBUG] (FabricLoader/Mixin) fabric-lifecycle-events-v1.mixins.json:MinecraftServerMixin from mod fabric-lifecycle-events-v1->@Inject::beforeShutdownServer(Lorg/spongepowered/asm/mixin/injection/callback/CallbackInfo;)V won't be passed a CallbackInfo as a result
[18:50:19] [Render thread/DEBUG] (FabricLoader/Mixin) fabric-lifecycle-events-v1.mixins.json:MinecraftServerMixin from mod fabric-lifecycle-events-v1->@Inject::afterShutdownServer(Lorg/spongepowered/asm/mixin/injection/callback/CallbackInfo;)V doesn't use it's CallbackInfo
[18:50:19] [Render thread/DEBUG] (FabricLoader/Mixin) fabric-lifecycle-events-v1.mixins.json:MinecraftServerMixin from mod fabric-lifecycle-events-v1->@Inject::afterShutdownServer(Lorg/spongepowered/asm/mixin/injection/callback/CallbackInfo;)V has 0 override(s) in child classes
[18:50:19] [Render thread/DEBUG] (FabricLoader/Mixin) fabric-lifecycle-events-v1.mixins.json:MinecraftServerMixin from mod fabric-lifecycle-events-v1->@Inject::afterShutdownServer(Lorg/spongepowered/asm/mixin/injection/callback/CallbackInfo;)V won't be passed a CallbackInfo as a result
[18:50:19] [Render thread/DEBUG] (FabricLoader/Mixin) fabric-lifecycle-events-v1.mixins.json:MinecraftServerMixin from mod fabric-lifecycle-events-v1->@Inject::onStartTick(Ljava/util/function/BooleanSupplier;Lorg/spongepowered/asm/mixin/injection/callback/CallbackInfo;)V doesn't use it's CallbackInfo
[18:50:19] [Render thread/DEBUG] (FabricLoader/Mixin) fabric-lifecycle-events-v1.mixins.json:MinecraftServerMixin from mod fabric-lifecycle-events-v1->@Inject::onStartTick(Ljava/util/function/BooleanSupplier;Lorg/spongepowered/asm/mixin/injection/callback/CallbackInfo;)V has 0 override(s) in child classes
[18:50:19] [Render thread/DEBUG] (FabricLoader/Mixin) fabric-lifecycle-events-v1.mixins.json:MinecraftServerMixin from mod fabric-lifecycle-events-v1->@Inject::onStartTick(Ljava/util/function/BooleanSupplier;Lorg/spongepowered/asm/mixin/injection/callback/CallbackInfo;)V won't be passed a CallbackInfo as a result
[18:50:19] [Render thread/DEBUG] (FabricLoader/Mixin) fabric-lifecycle-events-v1.mixins.json:MinecraftServerMixin from mod fabric-lifecycle-events-v1->@Inject::onEndTick(Ljava/util/function/BooleanSupplier;Lorg/spongepowered/asm/mixin/injection/callback/CallbackInfo;)V doesn't use it's CallbackInfo
[18:50:19] [Render thread/DEBUG] (FabricLoader/Mixin) fabric-lifecycle-events-v1.mixins.json:MinecraftServerMixin from mod fabric-lifecycle-events-v1->@Inject::onEndTick(Ljava/util/function/BooleanSupplier;Lorg/spongepowered/asm/mixin/injection/callback/CallbackInfo;)V has 0 override(s) in child classes
[18:50:19] [Render thread/DEBUG] (FabricLoader/Mixin) fabric-lifecycle-events-v1.mixins.json:MinecraftServerMixin from mod fabric-lifecycle-events-v1->@Inject::onEndTick(Ljava/util/function/BooleanSupplier;Lorg/spongepowered/asm/mixin/injection/callback/CallbackInfo;)V won't be passed a CallbackInfo as a result
[18:50:19] [Render thread/DEBUG] (FabricLoader/Mixin) fabric-lifecycle-events-v1.mixins.json:MinecraftServerMixin from mod fabric-lifecycle-events-v1->@Inject::onUnloadWorldAtShutdown(Lorg/spongepowered/asm/mixin/injection/callback/CallbackInfo;Ljava/util/Iterator;Lnet/minecraft/server/level/ServerLevel;)V doesn't use it's CallbackInfo
[18:50:19] [Render thread/DEBUG] (FabricLoader/Mixin) fabric-lifecycle-events-v1.mixins.json:MinecraftServerMixin from mod fabric-lifecycle-events-v1->@Inject::onUnloadWorldAtShutdown(Lorg/spongepowered/asm/mixin/injection/callback/CallbackInfo;Ljava/util/Iterator;Lnet/minecraft/server/level/ServerLevel;)V has 0 override(s) in child classes
[18:50:19] [Render thread/DEBUG] (FabricLoader/Mixin) fabric-lifecycle-events-v1.mixins.json:MinecraftServerMixin from mod fabric-lifecycle-events-v1->@Inject::onUnloadWorldAtShutdown(Lorg/spongepowered/asm/mixin/injection/callback/CallbackInfo;Ljava/util/Iterator;Lnet/minecraft/server/level/ServerLevel;)V won't be passed a CallbackInfo as a result
[18:50:19] [Render thread/DEBUG] (FabricLoader/Mixin) fabric-lifecycle-events-v1.mixins.json:MinecraftServerMixin from mod fabric-lifecycle-events-v1->@Inject::startResourceReload(Ljava/util/Collection;Lorg/spongepowered/asm/mixin/injection/callback/CallbackInfoReturnable;)V doesn't use it's CallbackInfoReturnable
[18:50:19] [Render thread/DEBUG] (FabricLoader/Mixin) fabric-lifecycle-events-v1.mixins.json:MinecraftServerMixin from mod fabric-lifecycle-events-v1->@Inject::startResourceReload(Ljava/util/Collection;Lorg/spongepowered/asm/mixin/injection/callback/CallbackInfoReturnable;)V has 0 override(s) in child classes
[18:50:19] [Render thread/DEBUG] (FabricLoader/Mixin) fabric-lifecycle-events-v1.mixins.json:MinecraftServerMixin from mod fabric-lifecycle-events-v1->@Inject::startResourceReload(Ljava/util/Collection;Lorg/spongepowered/asm/mixin/injection/callback/CallbackInfoReturnable;)V won't be passed a CallbackInfoReturnable as a result
[18:50:19] [Render thread/DEBUG] (FabricLoader/Mixin) fabric-lifecycle-events-v1.mixins.json:MinecraftServerMixin from mod fabric-lifecycle-events-v1->@Inject::endResourceReload(Ljava/util/Collection;Lorg/spongepowered/asm/mixin/injection/callback/CallbackInfoReturnable;)V does use it's CallbackInfoReturnable
[18:50:19] [Render thread/DEBUG] (FabricLoader/Mixin) fabric-lifecycle-events-v1.mixins.json:MinecraftServerMixin from mod fabric-lifecycle-events-v1->@Inject::startSave(ZZZLorg/spongepowered/asm/mixin/injection/callback/CallbackInfoReturnable;)V doesn't use it's CallbackInfoReturnable
[18:50:19] [Render thread/DEBUG] (FabricLoader/Mixin) fabric-lifecycle-events-v1.mixins.json:MinecraftServerMixin from mod fabric-lifecycle-events-v1->@Inject::startSave(ZZZLorg/spongepowered/asm/mixin/injection/callback/CallbackInfoReturnable;)V has 0 override(s) in child classes
[18:50:19] [Render thread/DEBUG] (FabricLoader/Mixin) fabric-lifecycle-events-v1.mixins.json:MinecraftServerMixin from mod fabric-lifecycle-events-v1->@Inject::startSave(ZZZLorg/spongepowered/asm/mixin/injection/callback/CallbackInfoReturnable;)V won't be passed a CallbackInfoReturnable as a result
[18:50:19] [Render thread/DEBUG] (FabricLoader/Mixin) fabric-lifecycle-events-v1.mixins.json:MinecraftServerMixin from mod fabric-lifecycle-events-v1->@Inject::endSave(ZZZLorg/spongepowered/asm/mixin/injection/callback/CallbackInfoReturnable;)V doesn't use it's CallbackInfoReturnable
[18:50:19] [Render thread/DEBUG] (FabricLoader/Mixin) fabric-lifecycle-events-v1.mixins.json:MinecraftServerMixin from mod fabric-lifecycle-events-v1->@Inject::endSave(ZZZLorg/spongepowered/asm/mixin/injection/callback/CallbackInfoReturnable;)V has 0 override(s) in child classes
[18:50:19] [Render thread/DEBUG] (FabricLoader/Mixin) fabric-lifecycle-events-v1.mixins.json:MinecraftServerMixin from mod fabric-lifecycle-events-v1->@Inject::endSave(ZZZLorg/spongepowered/asm/mixin/injection/callback/CallbackInfoReturnable;)V won't be passed a CallbackInfoReturnable as a result
[18:50:19] [Render thread/DEBUG] (FabricLoader/Mixin) fabric-message-api-v1.mixins.json:MinecraftServerMixin from mod fabric-message-api-v1->@Inject::onGetChatDecorator(Lorg/spongepowered/asm/mixin/injection/callback/CallbackInfoReturnable;)V does use it's CallbackInfoReturnable
[18:50:19] [Render thread/DEBUG] (FabricLoader/Mixin) fabric-resource-loader-v0.mixins.json:MinecraftServerMixin from mod fabric-resource-loader-v0->@Inject::init(Ljava/lang/Thread;Lnet/minecraft/world/level/storage/LevelStorageSource$LevelStorageAccess;Lnet/minecraft/server/packs/repository/PackRepository;Lnet/minecraft/server/WorldStem;Ljava/net/Proxy;Lcom/mojang/datafixers/DataFixer;Lnet/minecraft/server/Services;Lnet/minecraft/server/level/progress/ChunkProgressListenerFactory;Lorg/spongepowered/asm/mixin/injection/callback/CallbackInfo;)V doesn't use it's CallbackInfo
[18:50:19] [Render thread/DEBUG] (FabricLoader/Mixin) fabric-resource-loader-v0.mixins.json:MinecraftServerMixin from mod fabric-resource-loader-v0->@Inject::init(Ljava/lang/Thread;Lnet/minecraft/world/level/storage/LevelStorageSource$LevelStorageAccess;Lnet/minecraft/server/packs/repository/PackRepository;Lnet/minecraft/server/WorldStem;Ljava/net/Proxy;Lcom/mojang/datafixers/DataFixer;Lnet/minecraft/server/Services;Lnet/minecraft/server/level/progress/ChunkProgressListenerFactory;Lorg/spongepowered/asm/mixin/injection/callback/CallbackInfo;)V has 0 override(s) in child classes
[18:50:19] [Render thread/DEBUG] (FabricLoader/Mixin) fabric-resource-loader-v0.mixins.json:MinecraftServerMixin from mod fabric-resource-loader-v0->@Inject::init(Ljava/lang/Thread;Lnet/minecraft/world/level/storage/LevelStorageSource$LevelStorageAccess;Lnet/minecraft/server/packs/repository/PackRepository;Lnet/minecraft/server/WorldStem;Ljava/net/Proxy;Lcom/mojang/datafixers/DataFixer;Lnet/minecraft/server/Services;Lnet/minecraft/server/level/progress/ChunkProgressListenerFactory;Lorg/spongepowered/asm/mixin/injection/callback/CallbackInfo;)V won't be passed a CallbackInfo as a result
[18:50:19] [Render thread/DEBUG] (FabricLoader/Mixin) moonlight.mixins.json:MinecraftServerMixin from mod moonlight->@Inject::moonlight$serverDynamicPackEarlyReload(Lcom/google/common/collect/ImmutableList;Lorg/spongepowered/asm/mixin/injection/callback/CallbackInfoReturnable;)V doesn't use it's CallbackInfoReturnable
[18:50:19] [Render thread/DEBUG] (FabricLoader/Mixin) moonlight.mixins.json:MinecraftServerMixin from mod moonlight->@Inject::moonlight$serverDynamicPackEarlyReload(Lcom/google/common/collect/ImmutableList;Lorg/spongepowered/asm/mixin/injection/callback/CallbackInfoReturnable;)V has 0 override(s) in child classes
[18:50:19] [Render thread/DEBUG] (FabricLoader/Mixin) moonlight.mixins.json:MinecraftServerMixin from mod moonlight->@Inject::moonlight$serverDynamicPackEarlyReload(Lcom/google/common/collect/ImmutableList;Lorg/spongepowered/asm/mixin/injection/callback/CallbackInfoReturnable;)V won't be passed a CallbackInfoReturnable as a result
[18:50:19] [Render thread/DEBUG] (Framework) Loaded com.mrcrayfish.framework.platform.FabricPlatformHelper@5fffcaeb for service interface com.mrcrayfish.framework.platform.services.IPlatformHelper
[18:50:19] [Render thread/DEBUG] (Framework) Loaded com.mrcrayfish.framework.platform.FabricNetworkHelper@4cc40b45 for service interface com.mrcrayfish.framework.platform.services.INetworkHelper
[18:50:19] [Render thread/DEBUG] (Framework) Loaded com.mrcrayfish.framework.platform.FabricRegistrationHelper@bd08a61 for service interface com.mrcrayfish.framework.platform.services.IRegistrationHelper
[18:50:19] [Render thread/DEBUG] (Framework) Loaded com.mrcrayfish.framework.platform.FabricEntityHelper@344c9e8c for service interface com.mrcrayfish.framework.platform.services.IEntityHelper
[18:50:19] [Render thread/DEBUG] (Framework) Loaded com.mrcrayfish.framework.platform.FabricConfigHelper@560d1135 for service interface com.mrcrayfish.framework.platform.services.IConfigHelper
[18:50:19] [Render thread/INFO] (org.reflections.Reflections) Reflections took 137 ms to scan 1 urls, producing 6 keys and 19 values
[18:50:19] [Download-1/DEBUG] (com.mojang.authlib.yggdrasil.YggdrasilMinecraftSessionService) Couldn't fetch profile properties for 69f2b187-e079-316a-90f3-428ee409a7fd as the profile does not exist
[18:50:19] [Render thread/ERROR] (net.minecraft.Util) No data fixer registered for seat_entity
[18:50:20] [Render thread/DEBUG] (Framework) Started watching config: C:\Users\HP\IdeaProjects\BetterDeco-Muliloader\fabric\runs\client\config\better_deco.client.toml
[18:50:20] [Render thread/DEBUG] (FabricLoader/Mixin) Mixing ClientConnectionMixin from fabric-networking-api-v1.mixins.json into net.minecraft.network.Connection
[18:50:20] [Render thread/DEBUG] (FabricLoader/Mixin) fabric-networking-api-v1.mixins.json:ClientConnectionMixin from mod fabric-networking-api-v1: Class version 65 required is higher than the class version supported by the current version of Mixin (JAVA_17 supports class version 61)
[18:50:20] [Render thread/DEBUG] (FabricLoader/Mixin) Renaming synthetic method lambda$fabric_getPendingChannelsNames$0(Lnet/minecraft/network/ConnectionProtocol;)Ljava/util/Collection; to md310282$fabric-networking-api-v1$lambda$fabric_getPendingChannelsNames$0$0 in fabric-networking-api-v1.mixins.json:ClientConnectionMixin from mod fabric-networking-api-v1
[18:50:20] [Render thread/DEBUG] (FabricLoader/Mixin) Mixing ClientConnectionMixin from fabric-data-attachment-api-v1.mixins.json into net.minecraft.network.Connection
[18:50:20] [Render thread/DEBUG] (FabricLoader/Mixin) fabric-data-attachment-api-v1.mixins.json:ClientConnectionMixin from mod fabric-data-attachment-api-v1: Class version 65 required is higher than the class version supported by the current version of Mixin (JAVA_17 supports class version 61)
[18:50:20] [Render thread/DEBUG] (FabricLoader/Mixin) Mixing ingredient.ClientConnectionMixin from fabric-recipe-api-v1.mixins.json into net.minecraft.network.Connection
[18:50:20] [Render thread/DEBUG] (FabricLoader/Mixin) fabric-recipe-api-v1.mixins.json:ingredient.ClientConnectionMixin from mod fabric-recipe-api-v1: Class version 65 required is higher than the class version supported by the current version of Mixin (JAVA_17 supports class version 61)
[18:50:20] [Render thread/DEBUG] (FabricLoader/Mixin) fabric-networking-api-v1.mixins.json:ClientConnectionMixin from mod fabric-networking-api-v1->@Inject::initAddedFields(Lnet/minecraft/network/protocol/PacketFlow;Lorg/spongepowered/asm/mixin/injection/callback/CallbackInfo;)V doesn't use it's CallbackInfo
[18:50:20] [Render thread/DEBUG] (FabricLoader/Mixin) fabric-networking-api-v1.mixins.json:ClientConnectionMixin from mod fabric-networking-api-v1->@Inject::initAddedFields(Lnet/minecraft/network/protocol/PacketFlow;Lorg/spongepowered/asm/mixin/injection/callback/CallbackInfo;)V has 0 override(s) in child classes
[18:50:20] [Render thread/DEBUG] (FabricLoader/Mixin) fabric-networking-api-v1.mixins.json:ClientConnectionMixin from mod fabric-networking-api-v1->@Inject::initAddedFields(Lnet/minecraft/network/protocol/PacketFlow;Lorg/spongepowered/asm/mixin/injection/callback/CallbackInfo;)V won't be passed a CallbackInfo as a result
[18:50:20] [Render thread/DEBUG] (FabricLoader/Mixin) fabric-networking-api-v1.mixins.json:ClientConnectionMixin from mod fabric-networking-api-v1->@Inject::checkPacket(Lnet/minecraft/network/protocol/Packet;Lnet/minecraft/network/PacketSendListener;ZLorg/spongepowered/asm/mixin/injection/callback/CallbackInfo;)V doesn't use it's CallbackInfo
[18:50:20] [Render thread/DEBUG] (FabricLoader/Mixin) fabric-networking-api-v1.mixins.json:ClientConnectionMixin from mod fabric-networking-api-v1->@Inject::checkPacket(Lnet/minecraft/network/protocol/Packet;Lnet/minecraft/network/PacketSendListener;ZLorg/spongepowered/asm/mixin/injection/callback/CallbackInfo;)V has 0 override(s) in child classes
[18:50:20] [Render thread/DEBUG] (FabricLoader/Mixin) fabric-networking-api-v1.mixins.json:ClientConnectionMixin from mod fabric-networking-api-v1->@Inject::checkPacket(Lnet/minecraft/network/protocol/Packet;Lnet/minecraft/network/PacketSendListener;ZLorg/spongepowered/asm/mixin/injection/callback/CallbackInfo;)V won't be passed a CallbackInfo as a result
[18:50:20] [Render thread/DEBUG] (FabricLoader/Mixin) fabric-networking-api-v1.mixins.json:ClientConnectionMixin from mod fabric-networking-api-v1->@Inject::checkPacket(Lnet/minecraft/network/protocol/Packet;Lnet/minecraft/network/PacketSendListener;ZLorg/spongepowered/asm/mixin/injection/callback/CallbackInfo;)V doesn't use it's CallbackInfo
[18:50:20] [Render thread/DEBUG] (FabricLoader/Mixin) fabric-networking-api-v1.mixins.json:ClientConnectionMixin from mod fabric-networking-api-v1->@Inject::checkPacket(Lnet/minecraft/network/protocol/Packet;Lnet/minecraft/network/PacketSendListener;ZLorg/spongepowered/asm/mixin/injection/callback/CallbackInfo;)V has 0 override(s) in child classes
[18:50:20] [Render thread/DEBUG] (FabricLoader/Mixin) fabric-networking-api-v1.mixins.json:ClientConnectionMixin from mod fabric-networking-api-v1->@Inject::checkPacket(Lnet/minecraft/network/protocol/Packet;Lnet/minecraft/network/PacketSendListener;ZLorg/spongepowered/asm/mixin/injection/callback/CallbackInfo;)V won't be passed a CallbackInfo as a result
[18:50:20] [Render thread/DEBUG] (FabricLoader/Mixin) fabric-networking-api-v1.mixins.json:ClientConnectionMixin from mod fabric-networking-api-v1->@Inject::unwatchAddon(Lnet/minecraft/network/ProtocolInfo;Lnet/minecraft/network/PacketListener;Lorg/spongepowered/asm/mixin/injection/callback/CallbackInfo;)V doesn't use it's CallbackInfo
[18:50:20] [Render thread/DEBUG] (FabricLoader/Mixin) fabric-networking-api-v1.mixins.json:ClientConnectionMixin from mod fabric-networking-api-v1->@Inject::unwatchAddon(Lnet/minecraft/network/ProtocolInfo;Lnet/minecraft/network/PacketListener;Lorg/spongepowered/asm/mixin/injection/callback/CallbackInfo;)V has 0 override(s) in child classes
[18:50:20] [Render thread/DEBUG] (FabricLoader/Mixin) fabric-networking-api-v1.mixins.json:ClientConnectionMixin from mod fabric-networking-api-v1->@Inject::unwatchAddon(Lnet/minecraft/network/ProtocolInfo;Lnet/minecraft/network/PacketListener;Lorg/spongepowered/asm/mixin/injection/callback/CallbackInfo;)V won't be passed a CallbackInfo as a result
[18:50:20] [Render thread/DEBUG] (FabricLoader/Mixin) fabric-networking-api-v1.mixins.json:ClientConnectionMixin from mod fabric-networking-api-v1->@Inject::disconnectAddon(Lio/netty/channel/ChannelHandlerContext;Lorg/spongepowered/asm/mixin/injection/callback/CallbackInfo;)V doesn't use it's CallbackInfo
[18:50:20] [Render thread/DEBUG] (FabricLoader/Mixin) fabric-networking-api-v1.mixins.json:ClientConnectionMixin from mod fabric-networking-api-v1->@Inject::disconnectAddon(Lio/netty/channel/ChannelHandlerContext;Lorg/spongepowered/asm/mixin/injection/callback/CallbackInfo;)V has 0 override(s) in child classes
[18:50:20] [Render thread/DEBUG] (FabricLoader/Mixin) fabric-networking-api-v1.mixins.json:ClientConnectionMixin from mod fabric-networking-api-v1->@Inject::disconnectAddon(Lio/netty/channel/ChannelHandlerContext;Lorg/spongepowered/asm/mixin/injection/callback/CallbackInfo;)V won't be passed a CallbackInfo as a result
[18:50:20] [Render thread/DEBUG] (FabricLoader/Mixin) fabric-networking-api-v1.mixins.json:ClientConnectionMixin from mod fabric-networking-api-v1->@Inject::disconnectAddon(Lorg/spongepowered/asm/mixin/injection/callback/CallbackInfo;)V doesn't use it's CallbackInfo
[18:50:20] [Render thread/DEBUG] (FabricLoader/Mixin) fabric-networking-api-v1.mixins.json:ClientConnectionMixin from mod fabric-networking-api-v1->@Inject::disconnectAddon(Lorg/spongepowered/asm/mixin/injection/callback/CallbackInfo;)V has 0 override(s) in child classes
[18:50:20] [Render thread/DEBUG] (FabricLoader/Mixin) fabric-networking-api-v1.mixins.json:ClientConnectionMixin from mod fabric-networking-api-v1->@Inject::disconnectAddon(Lorg/spongepowered/asm/mixin/injection/callback/CallbackInfo;)V won't be passed a CallbackInfo as a result
[18:50:20] [Render thread/INFO] (Moonlight) Loaded config everycomp-hazardous.json
[18:50:20] [Render thread/INFO] (Moonlight) Loaded config everycomp-client.json
[18:50:20] [Render thread/INFO] (Moonlight) Loaded config everycomp-common.json
[18:50:20] [Render thread/INFO] (terrablender) Registered region minecraft:overworld to index 0 for type OVERWORLD
[18:50:20] [Render thread/INFO] (terrablender) Registered region minecraft:nether to index 0 for type NETHER
[18:50:20] [Render thread/INFO] (terrablender) Registered region natures_spirit:terra_ferax to index 1 for type OVERWORLD
[18:50:20] [Render thread/INFO] (terrablender) Registered region natures_spirit:terra_solaris to index 2 for type OVERWORLD
[18:50:20] [Render thread/INFO] (terrablender) Registered region natures_spirit:terra_flava to index 3 for type OVERWORLD
[18:50:20] [Render thread/INFO] (terrablender) Registered region natures_spirit:terra_mater to index 4 for type OVERWORLD
[18:50:20] [Render thread/INFO] (terrablender) Registered region natures_spirit:terra_laeta to index 5 for type OVERWORLD
[18:50:20] [Render thread/DEBUG] (FabricLoader/Mixin) Mixing TradeOffersTypeAwareBuyForOneEmeraldFactoryMixin from fabric-object-builder-v1.mixins.json into net.minecraft.world.entity.npc.VillagerTrades$EmeraldsForVillagerTypeItem
[18:50:20] [Render thread/DEBUG] (FabricLoader/Mixin) fabric-object-builder-v1.mixins.json:TradeOffersTypeAwareBuyForOneEmeraldFactoryMixin from mod fabric-object-builder-api-v1: Class version 65 required is higher than the class version supported by the current version of Mixin (JAVA_17 supports class version 61)
[18:50:20] [Render thread/DEBUG] (FabricLoader/Mixin) fabric-object-builder-v1.mixins.json:TradeOffersTypeAwareBuyForOneEmeraldFactoryMixin from mod fabric-object-builder-api-v1->@Inject::failOnNullItem(Lnet/minecraft/world/entity/Entity;Lnet/minecraft/util/RandomSource;Lorg/spongepowered/asm/mixin/injection/callback/CallbackInfoReturnable;)V does use it's CallbackInfoReturnable
[18:50:20] [Render thread/INFO] (net.minecraft.server.LoggedPrintStream) [STDOUT]: Registered Resource Key for biome: sugi_forest
[18:50:20] [Render thread/INFO] (net.minecraft.server.LoggedPrintStream) [STDOUT]: Registered Resource Key for biome: windswept_sugi_forest
[18:50:20] [Render thread/INFO] (net.minecraft.server.LoggedPrintStream) [STDOUT]: Registered Resource Key for biome: blooming_sugi_forest
[18:50:20] [Render thread/INFO] (net.minecraft.server.LoggedPrintStream) [STDOUT]: Registered Resource Key for biome: lavender_fields
[18:50:20] [Render thread/INFO] (net.minecraft.server.LoggedPrintStream) [STDOUT]: Registered Resource Key for biome: marsh
[18:50:20] [Render thread/INFO] (net.minecraft.server.LoggedPrintStream) [STDOUT]: Registered Resource Key for biome: bamboo_wetlands
[18:50:20] [Render thread/INFO] (net.minecraft.server.LoggedPrintStream) [STDOUT]: Registered Resource Key for biome: wisteria_forest
[18:50:20] [Render thread/INFO] (net.minecraft.server.LoggedPrintStream) [STDOUT]: Registered Resource Key for biome: redwood_forest
[18:50:20] [Render thread/INFO] (net.minecraft.server.LoggedPrintStream) [STDOUT]: Registered Resource Key for biome: snowy_redwood_forest
[18:50:20] [Render thread/INFO] (net.minecraft.server.LoggedPrintStream) [STDOUT]: Registered Resource Key for biome: aspen_forest
[18:50:20] [Render thread/INFO] (net.minecraft.server.LoggedPrintStream) [STDOUT]: Registered Resource Key for biome: maple_woodlands
[18:50:20] [Render thread/INFO] (net.minecraft.server.LoggedPrintStream) [STDOUT]: Registered Resource Key for biome: golden_wilds
[18:50:20] [Render thread/INFO] (net.minecraft.server.LoggedPrintStream) [STDOUT]: Registered Resource Key for biome: marigold_meadows
[18:50:20] [Render thread/INFO] (net.minecraft.server.LoggedPrintStream) [STDOUT]: Registered Resource Key for biome: fir_forest
[18:50:20] [Render thread/INFO] (net.minecraft.server.LoggedPrintStream) [STDOUT]: Registered Resource Key for biome: snowy_fir_forest
[18:50:20] [Render thread/INFO] (net.minecraft.server.LoggedPrintStream) [STDOUT]: Registered Resource Key for biome: cypress_fields
[18:50:20] [Render thread/INFO] (net.minecraft.server.LoggedPrintStream) [STDOUT]: Registered Resource Key for biome: carnation_fields
[18:50:20] [Render thread/INFO] (net.minecraft.server.LoggedPrintStream) [STDOUT]: Registered Resource Key for biome: stratified_desert
[18:50:20] [Render thread/INFO] (net.minecraft.server.LoggedPrintStream) [STDOUT]: Registered Resource Key for biome: blooming_dunes
[18:50:20] [Render thread/INFO] (net.minecraft.server.LoggedPrintStream) [STDOUT]: Registered Resource Key for biome: lively_dunes
[18:50:20] [Render thread/INFO] (net.minecraft.server.LoggedPrintStream) [STDOUT]: Registered Resource Key for biome: drylands
[18:50:20] [Render thread/INFO] (net.minecraft.server.LoggedPrintStream) [STDOUT]: Registered Resource Key for biome: wooded_drylands
[18:50:20] [Render thread/INFO] (net.minecraft.server.LoggedPrintStream) [STDOUT]: Registered Resource Key for biome: xeric_plains
[18:50:20] [Render thread/INFO] (net.minecraft.server.LoggedPrintStream) [STDOUT]: Registered Resource Key for biome: cedar_thicket
[18:50:20] [Render thread/INFO] (net.minecraft.server.LoggedPrintStream) [STDOUT]: Registered Resource Key for biome: white_cliffs
[18:50:20] [Render thread/INFO] (net.minecraft.server.LoggedPrintStream) [STDOUT]: Registered Resource Key for biome: prairie
[18:50:20] [Render thread/INFO] (net.minecraft.server.LoggedPrintStream) [STDOUT]: Registered Resource Key for biome: oak_savanna
[18:50:20] [Render thread/INFO] (net.minecraft.server.LoggedPrintStream) [STDOUT]: Registered Resource Key for biome: heather_fields
[18:50:20] [Render thread/INFO] (net.minecraft.server.LoggedPrintStream) [STDOUT]: Registered Resource Key for biome: tundra
[18:50:20] [Render thread/INFO] (net.minecraft.server.LoggedPrintStream) [STDOUT]: Registered Resource Key for biome: alpine_clearings
[18:50:20] [Render thread/INFO] (net.minecraft.server.LoggedPrintStream) [STDOUT]: Registered Resource Key for biome: alpine_highlands
[18:50:20] [Render thread/INFO] (net.minecraft.server.LoggedPrintStream) [STDOUT]: Registered Resource Key for biome: coniferous_covert
[18:50:20] [Render thread/INFO] (net.minecraft.server.LoggedPrintStream) [STDOUT]: Registered Resource Key for biome: boreal_taiga
[18:50:20] [Render thread/INFO] (net.minecraft.server.LoggedPrintStream) [STDOUT]: Registered Resource Key for biome: tropical_shores
[18:50:20] [Render thread/INFO] (net.minecraft.server.LoggedPrintStream) [STDOUT]: Registered Resource Key for biome: tropical_woods
[18:50:20] [Render thread/INFO] (net.minecraft.server.LoggedPrintStream) [STDOUT]: Registered Resource Key for biome: sparse_tropical_woods
[18:50:20] [Render thread/INFO] (net.minecraft.server.LoggedPrintStream) [STDOUT]: Registered Resource Key for biome: tropical_basin
[18:50:20] [Render thread/INFO] (net.minecraft.server.LoggedPrintStream) [STDOUT]: Registered Resource Key for biome: arid_savanna
[18:50:20] [Render thread/INFO] (net.minecraft.server.LoggedPrintStream) [STDOUT]: Registered Resource Key for biome: scorched_dunes
[18:50:20] [Render thread/INFO] (net.minecraft.server.LoggedPrintStream) [STDOUT]: Registered Resource Key for biome: flowering_shrubland
[18:50:20] [Render thread/INFO] (net.minecraft.server.LoggedPrintStream) [STDOUT]: Registered Resource Key for biome: shrubland
[18:50:20] [Render thread/INFO] (net.minecraft.server.LoggedPrintStream) [STDOUT]: Registered Resource Key for biome: arid_highlands
[18:50:20] [Render thread/INFO] (net.minecraft.server.LoggedPrintStream) [STDOUT]: Registered Resource Key for biome: shrubby_highlands
[18:50:20] [Render thread/INFO] (net.minecraft.server.LoggedPrintStream) [STDOUT]: Registered Resource Key for biome: woody_highlands
[18:50:20] [Render thread/INFO] (net.minecraft.server.LoggedPrintStream) [STDOUT]: Registered Resource Key for biome: red_peaks
[18:50:20] [Render thread/INFO] (net.minecraft.server.LoggedPrintStream) [STDOUT]: Registered Resource Key for biome: dusty_slopes
[18:50:20] [Render thread/INFO] (net.minecraft.server.LoggedPrintStream) [STDOUT]: Registered Resource Key for biome: snowcapped_red_peaks
[18:50:20] [Render thread/INFO] (net.minecraft.server.LoggedPrintStream) [STDOUT]: Registered Resource Key for biome: sleeted_slopes
[18:50:20] [Render thread/INFO] (net.minecraft.server.LoggedPrintStream) [STDOUT]: Registered Resource Key for biome: blooming_highlands
[18:50:20] [Render thread/INFO] (net.minecraft.server.LoggedPrintStream) [STDOUT]: Registered Resource Key for biome: chaparral
[18:50:20] [Render thread/INFO] (net.minecraft.server.LoggedPrintStream) [STDOUT]: Registered Resource Key for biome: floral_ridges
[18:50:20] [Render thread/DEBUG] (FabricLoader/Mixin) Mixing ServerConfigurationNetworkHandlerMixin from fabric-networking-api-v1.mixins.json into net.minecraft.server.network.ServerConfigurationPacketListenerImpl
[18:50:20] [Render thread/DEBUG] (FabricLoader/Mixin) fabric-networking-api-v1.mixins.json:ServerConfigurationNetworkHandlerMixin from mod fabric-networking-api-v1: Class version 65 required is higher than the class version supported by the current version of Mixin (JAVA_17 supports class version 61)
[18:50:20] [Render thread/DEBUG] (FabricLoader/Mixin) Mixing ServerConfigurationNetworkHandlerMixin from fabric-resource-loader-v0.mixins.json into net.minecraft.server.network.ServerConfigurationPacketListenerImpl
[18:50:20] [Render thread/DEBUG] (FabricLoader/Mixin) fabric-resource-loader-v0.mixins.json:ServerConfigurationNetworkHandlerMixin from mod fabric-resource-loader-v0: Class version 65 required is higher than the class version supported by the current version of Mixin (JAVA_17 supports class version 61)
[18:50:20] [Render thread/DEBUG] (FabricLoader/Mixin) fabric-networking-api-v1.mixins.json:ServerConfigurationNetworkHandlerMixin from mod fabric-networking-api-v1->@Inject::initAddon(Lorg/spongepowered/asm/mixin/injection/callback/CallbackInfo;)V doesn't use it's CallbackInfo
[18:50:20] [Render thread/DEBUG] (FabricLoader/Mixin) fabric-networking-api-v1.mixins.json:ServerConfigurationNetworkHandlerMixin from mod fabric-networking-api-v1->@Inject::initAddon(Lorg/spongepowered/asm/mixin/injection/callback/CallbackInfo;)V has 0 override(s) in child classes
[18:50:20] [Render thread/DEBUG] (FabricLoader/Mixin) fabric-networking-api-v1.mixins.json:ServerConfigurationNetworkHandlerMixin from mod fabric-networking-api-v1->@Inject::initAddon(Lorg/spongepowered/asm/mixin/injection/callback/CallbackInfo;)V won't be passed a CallbackInfo as a result
[18:50:20] [Render thread/DEBUG] (FabricLoader/Mixin) fabric-networking-api-v1.mixins.json:ServerConfigurationNetworkHandlerMixin from mod fabric-networking-api-v1->@Inject::onClientReady(Lorg/spongepowered/asm/mixin/injection/callback/CallbackInfo;)V does use it's CallbackInfo
[18:50:20] [Render thread/DEBUG] (FabricLoader/Mixin) Mixing ServerCommonNetworkHandlerMixin from fabric-networking-api-v1.mixins.json into net.minecraft.server.network.ServerCommonPacketListenerImpl
[18:50:20] [Render thread/DEBUG] (FabricLoader/Mixin) fabric-networking-api-v1.mixins.json:ServerCommonNetworkHandlerMixin from mod fabric-networking-api-v1: Class version 65 required is higher than the class version supported by the current version of Mixin (JAVA_17 supports class version 61)
[18:50:20] [Render thread/DEBUG] (FabricLoader/Mixin) Mixing accessor.ServerCommonNetworkHandlerAccessor from fabric-networking-api-v1.mixins.json into net.minecraft.server.network.ServerCommonPacketListenerImpl
[18:50:20] [Render thread/DEBUG] (FabricLoader/Mixin) fabric-networking-api-v1.mixins.json:accessor.ServerCommonNetworkHandlerAccessor from mod fabric-networking-api-v1: Class version 65 required is higher than the class version supported by the current version of Mixin (JAVA_17 supports class version 61)
[18:50:20] [Render thread/DEBUG] (FabricLoader/Mixin) fabric-networking-api-v1.mixins.json:ServerCommonNetworkHandlerMixin from mod fabric-networking-api-v1->@Inject::handleCustomPayloadReceivedAsync(Lnet/minecraft/network/protocol/common/ServerboundCustomPayloadPacket;Lorg/spongepowered/asm/mixin/injection/callback/CallbackInfo;)V does use it's CallbackInfo
[18:50:20] [Render thread/DEBUG] (FabricLoader/Mixin) fabric-networking-api-v1.mixins.json:ServerCommonNetworkHandlerMixin from mod fabric-networking-api-v1->@Inject::onPlayPong(Lnet/minecraft/network/protocol/common/ServerboundPongPacket;Lorg/spongepowered/asm/mixin/injection/callback/CallbackInfo;)V doesn't use it's CallbackInfo
[18:50:20] [Render thread/DEBUG] (FabricLoader/Mixin) fabric-networking-api-v1.mixins.json:ServerCommonNetworkHandlerMixin from mod fabric-networking-api-v1->@Inject::onPlayPong(Lnet/minecraft/network/protocol/common/ServerboundPongPacket;Lorg/spongepowered/asm/mixin/injection/callback/CallbackInfo;)V has 0 override(s) in child classes
[18:50:20] [Render thread/DEBUG] (FabricLoader/Mixin) fabric-networking-api-v1.mixins.json:ServerCommonNetworkHandlerMixin from mod fabric-networking-api-v1->@Inject::onPlayPong(Lnet/minecraft/network/protocol/common/ServerboundPongPacket;Lorg/spongepowered/asm/mixin/injection/callback/CallbackInfo;)V won't be passed a CallbackInfo as a result
[18:50:20] [Render thread/DEBUG] (FabricLoader/Mixin) Mixing ClientConfigurationNetworkHandlerMixin from fabric-networking-api-v1.client.mixins.json into net.minecraft.client.multiplayer.ClientConfigurationPacketListenerImpl
[18:50:20] [Render thread/DEBUG] (FabricLoader/Mixin) fabric-networking-api-v1.client.mixins.json:ClientConfigurationNetworkHandlerMixin from mod fabric-networking-api-v1: Class version 65 required is higher than the class version supported by the current version of Mixin (JAVA_17 supports class version 61)
[18:50:20] [Render thread/DEBUG] (FabricLoader/Mixin) Mixing accessor.ClientConfigurationNetworkHandlerAccessor from fabric-networking-api-v1.client.mixins.json into net.minecraft.client.multiplayer.ClientConfigurationPacketListenerImpl
[18:50:20] [Render thread/DEBUG] (FabricLoader/Mixin) fabric-networking-api-v1.client.mixins.json:accessor.ClientConfigurationNetworkHandlerAccessor from mod fabric-networking-api-v1: Class version 65 required is higher than the class version supported by the current version of Mixin (JAVA_17 supports class version 61)
[18:50:20] [Render thread/DEBUG] (FabricLoader/Mixin) fabric-networking-api-v1.client.mixins.json:ClientConfigurationNetworkHandlerMixin from mod fabric-networking-api-v1->@Inject::initAddon(Lorg/spongepowered/asm/mixin/injection/callback/CallbackInfo;)V doesn't use it's CallbackInfo
[18:50:20] [Render thread/DEBUG] (FabricLoader/Mixin) fabric-networking-api-v1.client.mixins.json:ClientConfigurationNetworkHandlerMixin from mod fabric-networking-api-v1->@Inject::initAddon(Lorg/spongepowered/asm/mixin/injection/callback/CallbackInfo;)V has 0 override(s) in child classes
[18:50:20] [Render thread/DEBUG] (FabricLoader/Mixin) fabric-networking-api-v1.client.mixins.json:ClientConfigurationNetworkHandlerMixin from mod fabric-networking-api-v1->@Inject::initAddon(Lorg/spongepowered/asm/mixin/injection/callback/CallbackInfo;)V won't be passed a CallbackInfo as a result
[18:50:20] [Render thread/DEBUG] (FabricLoader/Mixin) fabric-networking-api-v1.client.mixins.json:ClientConfigurationNetworkHandlerMixin from mod fabric-networking-api-v1->@Inject::handleComplete(Lnet/minecraft/network/protocol/configuration/ClientboundFinishConfigurationPacket;Lorg/spongepowered/asm/mixin/injection/callback/CallbackInfo;)V doesn't use it's CallbackInfo
[18:50:20] [Render thread/DEBUG] (FabricLoader/Mixin) fabric-networking-api-v1.client.mixins.json:ClientConfigurationNetworkHandlerMixin from mod fabric-networking-api-v1->@Inject::handleComplete(Lnet/minecraft/network/protocol/configuration/ClientboundFinishConfigurationPacket;Lorg/spongepowered/asm/mixin/injection/callback/CallbackInfo;)V has 0 override(s) in child classes
[18:50:20] [Render thread/DEBUG] (FabricLoader/Mixin) fabric-networking-api-v1.client.mixins.json:ClientConfigurationNetworkHandlerMixin from mod fabric-networking-api-v1->@Inject::handleComplete(Lnet/minecraft/network/protocol/configuration/ClientboundFinishConfigurationPacket;Lorg/spongepowered/asm/mixin/injection/callback/CallbackInfo;)V won't be passed a CallbackInfo as a result
[18:50:20] [Render thread/DEBUG] (FabricLoader/Mixin) Mixing accessor.ClientCommonNetworkHandlerAccessor from fabric-networking-api-v1.client.mixins.json into net.minecraft.client.multiplayer.ClientCommonPacketListenerImpl
[18:50:20] [Render thread/DEBUG] (FabricLoader/Mixin) fabric-networking-api-v1.client.mixins.json:accessor.ClientCommonNetworkHandlerAccessor from mod fabric-networking-api-v1: Class version 65 required is higher than the class version supported by the current version of Mixin (JAVA_17 supports class version 61)
[18:50:20] [Render thread/DEBUG] (FabricLoader/Mixin) Mixing ClientCommonNetworkHandlerMixin from fabric-networking-api-v1.client.mixins.json into net.minecraft.client.multiplayer.ClientCommonPacketListenerImpl
[18:50:20] [Render thread/DEBUG] (FabricLoader/Mixin) fabric-networking-api-v1.client.mixins.json:ClientCommonNetworkHandlerMixin from mod fabric-networking-api-v1: Class version 65 required is higher than the class version supported by the current version of Mixin (JAVA_17 supports class version 61)
[18:50:20] [Render thread/DEBUG] (FabricLoader/Mixin) fabric-networking-api-v1.client.mixins.json:ClientCommonNetworkHandlerMixin from mod fabric-networking-api-v1->@Inject::onCustomPayload(Lnet/minecraft/network/protocol/common/ClientboundCustomPayloadPacket;Lorg/spongepowered/asm/mixin/injection/callback/CallbackInfo;)V does use it's CallbackInfo
[18:50:20] [Render thread/DEBUG] (FabricLoader/Mixin) Mixing ClientPlayNetworkHandlerMixin from fabric-message-api-v1.client.mixins.json into net.minecraft.client.multiplayer.ClientPacketListener
[18:50:20] [Render thread/DEBUG] (FabricLoader/Mixin) fabric-message-api-v1.client.mixins.json:ClientPlayNetworkHandlerMixin from mod fabric-message-api-v1: Class version 65 required is higher than the class version supported by the current version of Mixin (JAVA_17 supports class version 61)
[18:50:20] [Render thread/DEBUG] (FabricLoader/Mixin) Mixing ClientPlayNetworkHandlerMixin from fabric-networking-api-v1.client.mixins.json into net.minecraft.client.multiplayer.ClientPacketListener
[18:50:20] [Render thread/DEBUG] (FabricLoader/Mixin) fabric-networking-api-v1.client.mixins.json:ClientPlayNetworkHandlerMixin from mod fabric-networking-api-v1: Class version 65 required is higher than the class version supported by the current version of Mixin (JAVA_17 supports class version 61)
[18:50:20] [Render thread/DEBUG] (FabricLoader/Mixin) Mixing ClientPlayNetworkHandlerMixin from fabric-lifecycle-events-v1.client.mixins.json into net.minecraft.client.multiplayer.ClientPacketListener
[18:50:20] [Render thread/DEBUG] (FabricLoader/Mixin) fabric-lifecycle-events-v1.client.mixins.json:ClientPlayNetworkHandlerMixin from mod fabric-lifecycle-events-v1: Class version 65 required is higher than the class version supported by the current version of Mixin (JAVA_17 supports class version 61)
[18:50:20] [Render thread/DEBUG] (FabricLoader/Mixin) Mixing ClientPacketListenerMixin from jei.mixins.json into net.minecraft.client.multiplayer.ClientPacketListener
[18:50:20] [Render thread/DEBUG] (FabricLoader/Mixin) Mixing ClientPlayNetworkHandlerMixin from fabric-command-api-v2.client.mixins.json into net.minecraft.client.multiplayer.ClientPacketListener
[18:50:20] [Render thread/DEBUG] (FabricLoader/Mixin) fabric-command-api-v2.client.mixins.json:ClientPlayNetworkHandlerMixin from mod fabric-command-api-v2: Class version 65 required is higher than the class version supported by the current version of Mixin (JAVA_17 supports class version 61)
[18:50:20] [Render thread/DEBUG] (FabricLoader/Mixin) Mixing ClientPlayNetworkHandlerMixin from fabric-data-attachment-api-v1.client.mixins.json into net.minecraft.client.multiplayer.ClientPacketListener
[18:50:20] [Render thread/DEBUG] (FabricLoader/Mixin) fabric-data-attachment-api-v1.client.mixins.json:ClientPlayNetworkHandlerMixin from mod fabric-data-attachment-api-v1: Class version 65 required is higher than the class version supported by the current version of Mixin (JAVA_17 supports class version 61)
[18:50:20] [Render thread/DEBUG] (FabricLoader/Mixin) Mixing ClientPacketListenerMixin from moonlight.mixins.json into net.minecraft.client.multiplayer.ClientPacketListener
[18:50:20] [Render thread/DEBUG] (FabricLoader/Mixin) moonlight.mixins.json:ClientPacketListenerMixin from mod moonlight: Class version 65 required is higher than the class version supported by the current version of Mixin (JAVA_17 supports class version 61)
[18:50:20] [Render thread/DEBUG] (FabricLoader/Mixin) Mixing ClientPacketListenerMixin from moonlight-common.mixins.json into net.minecraft.client.multiplayer.ClientPacketListener
[18:50:20] [Render thread/DEBUG] (FabricLoader/Mixin) moonlight-common.mixins.json:ClientPacketListenerMixin from mod moonlight: Class version 65 required is higher than the class version supported by the current version of Mixin (JAVA_17 supports class version 61)
[18:50:20] [Render thread/DEBUG] (FabricLoader/Mixin) fabric-message-api-v1.client.mixins.json:ClientPlayNetworkHandlerMixin from mod fabric-message-api-v1->@Inject::fabric_allowSendChatMessage(Ljava/lang/String;Lorg/spongepowered/asm/mixin/injection/callback/CallbackInfo;)V does use it's CallbackInfo
[18:50:20] [Render thread/DEBUG] (FabricLoader/Mixin) fabric-message-api-v1.client.mixins.json:ClientPlayNetworkHandlerMixin from mod fabric-message-api-v1->@Inject::fabric_allowSendCommandMessage(Ljava/lang/String;Lorg/spongepowered/asm/mixin/injection/callback/CallbackInfo;)V does use it's CallbackInfo
[18:50:20] [Render thread/DEBUG] (FabricLoader/Mixin) fabric-networking-api-v1.client.mixins.json:ClientPlayNetworkHandlerMixin from mod fabric-networking-api-v1->@Inject::initAddon(Lorg/spongepowered/asm/mixin/injection/callback/CallbackInfo;)V doesn't use it's CallbackInfo
[18:50:20] [Render thread/DEBUG] (FabricLoader/Mixin) fabric-networking-api-v1.client.mixins.json:ClientPlayNetworkHandlerMixin from mod fabric-networking-api-v1->@Inject::initAddon(Lorg/spongepowered/asm/mixin/injection/callback/CallbackInfo;)V has 0 override(s) in child classes
[18:50:20] [Render thread/DEBUG] (FabricLoader/Mixin) fabric-networking-api-v1.client.mixins.json:ClientPlayNetworkHandlerMixin from mod fabric-networking-api-v1->@Inject::initAddon(Lorg/spongepowered/asm/mixin/injection/callback/CallbackInfo;)V won't be passed a CallbackInfo as a result
[18:50:20] [Render thread/DEBUG] (FabricLoader/Mixin) fabric-networking-api-v1.client.mixins.json:ClientPlayNetworkHandlerMixin from mod fabric-networking-api-v1->@Inject::handleServerPlayReady(Lnet/minecraft/network/protocol/game/ClientboundLoginPacket;Lorg/spongepowered/asm/mixin/injection/callback/CallbackInfo;)V doesn't use it's CallbackInfo
[18:50:20] [Render thread/DEBUG] (FabricLoader/Mixin) fabric-networking-api-v1.client.mixins.json:ClientPlayNetworkHandlerMixin from mod fabric-networking-api-v1->@Inject::handleServerPlayReady(Lnet/minecraft/network/protocol/game/ClientboundLoginPacket;Lorg/spongepowered/asm/mixin/injection/callback/CallbackInfo;)V has 0 override(s) in child classes
[18:50:20] [Render thread/DEBUG] (FabricLoader/Mixin) fabric-networking-api-v1.client.mixins.json:ClientPlayNetworkHandlerMixin from mod fabric-networking-api-v1->@Inject::handleServerPlayReady(Lnet/minecraft/network/protocol/game/ClientboundLoginPacket;Lorg/spongepowered/asm/mixin/injection/callback/CallbackInfo;)V won't be passed a CallbackInfo as a result
[18:50:20] [Render thread/DEBUG] (FabricLoader/Mixin) fabric-lifecycle-events-v1.client.mixins.json:ClientPlayNetworkHandlerMixin from mod fabric-lifecycle-events-v1->@Inject::onPlayerRespawn(Lnet/minecraft/network/protocol/game/ClientboundRespawnPacket;Lorg/spongepowered/asm/mixin/injection/callback/CallbackInfo;)V doesn't use it's CallbackInfo
[18:50:20] [Render thread/DEBUG] (FabricLoader/Mixin) fabric-lifecycle-events-v1.client.mixins.json:ClientPlayNetworkHandlerMixin from mod fabric-lifecycle-events-v1->@Inject::onPlayerRespawn(Lnet/minecraft/network/protocol/game/ClientboundRespawnPacket;Lorg/spongepowered/asm/mixin/injection/callback/CallbackInfo;)V has 0 override(s) in child classes
[18:50:20] [Render thread/DEBUG] (FabricLoader/Mixin) fabric-lifecycle-events-v1.client.mixins.json:ClientPlayNetworkHandlerMixin from mod fabric-lifecycle-events-v1->@Inject::onPlayerRespawn(Lnet/minecraft/network/protocol/game/ClientboundRespawnPacket;Lorg/spongepowered/asm/mixin/injection/callback/CallbackInfo;)V won't be passed a CallbackInfo as a result
[18:50:20] [Render thread/DEBUG] (FabricLoader/Mixin) fabric-lifecycle-events-v1.client.mixins.json:ClientPlayNetworkHandlerMixin from mod fabric-lifecycle-events-v1->@Inject::onGameJoin(Lnet/minecraft/network/protocol/game/ClientboundLoginPacket;Lorg/spongepowered/asm/mixin/injection/callback/CallbackInfo;)V doesn't use it's CallbackInfo
[18:50:20] [Render thread/DEBUG] (FabricLoader/Mixin) fabric-lifecycle-events-v1.client.mixins.json:ClientPlayNetworkHandlerMixin from mod fabric-lifecycle-events-v1->@Inject::onGameJoin(Lnet/minecraft/network/protocol/game/ClientboundLoginPacket;Lorg/spongepowered/asm/mixin/injection/callback/CallbackInfo;)V has 0 override(s) in child classes
[18:50:20] [Render thread/DEBUG] (FabricLoader/Mixin) fabric-lifecycle-events-v1.client.mixins.json:ClientPlayNetworkHandlerMixin from mod fabric-lifecycle-events-v1->@Inject::onGameJoin(Lnet/minecraft/network/protocol/game/ClientboundLoginPacket;Lorg/spongepowered/asm/mixin/injection/callback/CallbackInfo;)V won't be passed a CallbackInfo as a result
[18:50:20] [Render thread/DEBUG] (FabricLoader/Mixin) fabric-lifecycle-events-v1.client.mixins.json:ClientPlayNetworkHandlerMixin from mod fabric-lifecycle-events-v1->@Inject::onClearWorld(Lorg/spongepowered/asm/mixin/injection/callback/CallbackInfo;)V doesn't use it's CallbackInfo
[18:50:20] [Render thread/DEBUG] (FabricLoader/Mixin) fabric-lifecycle-events-v1.client.mixins.json:ClientPlayNetworkHandlerMixin from mod fabric-lifecycle-events-v1->@Inject::onClearWorld(Lorg/spongepowered/asm/mixin/injection/callback/CallbackInfo;)V has 0 override(s) in child classes
[18:50:20] [Render thread/DEBUG] (FabricLoader/Mixin) fabric-lifecycle-events-v1.client.mixins.json:ClientPlayNetworkHandlerMixin from mod fabric-lifecycle-events-v1->@Inject::onClearWorld(Lorg/spongepowered/asm/mixin/injection/callback/CallbackInfo;)V won't be passed a CallbackInfo as a result
[18:50:20] [Render thread/DEBUG] (FabricLoader/Mixin) jei.mixins.json:ClientPacketListenerMixin from mod jei->@Inject::handleUpdateRecipes(Lnet/minecraft/network/protocol/game/ClientboundUpdateRecipesPacket;Lorg/spongepowered/asm/mixin/injection/callback/CallbackInfo;)V doesn't use it's CallbackInfo
[18:50:20] [Render thread/DEBUG] (FabricLoader/Mixin) jei.mixins.json:ClientPacketListenerMixin from mod jei->@Inject::handleUpdateRecipes(Lnet/minecraft/network/protocol/game/ClientboundUpdateRecipesPacket;Lorg/spongepowered/asm/mixin/injection/callback/CallbackInfo;)V has 0 override(s) in child classes
[18:50:20] [Render thread/DEBUG] (FabricLoader/Mixin) jei.mixins.json:ClientPacketListenerMixin from mod jei->@Inject::handleUpdateRecipes(Lnet/minecraft/network/protocol/game/ClientboundUpdateRecipesPacket;Lorg/spongepowered/asm/mixin/injection/callback/CallbackInfo;)V won't be passed a CallbackInfo as a result
[18:50:20] [Render thread/DEBUG] (FabricLoader/Mixin) jei.mixins.json:ClientPacketListenerMixin from mod jei->@Inject::handleLogin(Lnet/minecraft/network/protocol/game/ClientboundLoginPacket;Lorg/spongepowered/asm/mixin/injection/callback/CallbackInfo;)V doesn't use it's CallbackInfo
[18:50:20] [Render thread/DEBUG] (FabricLoader/Mixin) jei.mixins.json:ClientPacketListenerMixin from mod jei->@Inject::handleLogin(Lnet/minecraft/network/protocol/game/ClientboundLoginPacket;Lorg/spongepowered/asm/mixin/injection/callback/CallbackInfo;)V has 0 override(s) in child classes
[18:50:20] [Render thread/DEBUG] (FabricLoader/Mixin) jei.mixins.json:ClientPacketListenerMixin from mod jei->@Inject::handleLogin(Lnet/minecraft/network/protocol/game/ClientboundLoginPacket;Lorg/spongepowered/asm/mixin/injection/callback/CallbackInfo;)V won't be passed a CallbackInfo as a result
[18:50:20] [Render thread/DEBUG] (FabricLoader/Mixin) fabric-command-api-v2.client.mixins.json:ClientPlayNetworkHandlerMixin from mod fabric-command-api-v2->@Inject::onGameJoin(Lnet/minecraft/network/protocol/game/ClientboundLoginPacket;Lorg/spongepowered/asm/mixin/injection/callback/CallbackInfo;)V doesn't use it's CallbackInfo
[18:50:20] [Render thread/DEBUG] (FabricLoader/Mixin) fabric-command-api-v2.client.mixins.json:ClientPlayNetworkHandlerMixin from mod fabric-command-api-v2->@Inject::onGameJoin(Lnet/minecraft/network/protocol/game/ClientboundLoginPacket;Lorg/spongepowered/asm/mixin/injection/callback/CallbackInfo;)V has 0 override(s) in child classes
[18:50:20] [Render thread/DEBUG] (FabricLoader/Mixin) fabric-command-api-v2.client.mixins.json:ClientPlayNetworkHandlerMixin from mod fabric-command-api-v2->@Inject::onGameJoin(Lnet/minecraft/network/protocol/game/ClientboundLoginPacket;Lorg/spongepowered/asm/mixin/injection/callback/CallbackInfo;)V won't be passed a CallbackInfo as a result
[18:50:20] [Render thread/DEBUG] (FabricLoader/Mixin) fabric-command-api-v2.client.mixins.json:ClientPlayNetworkHandlerMixin from mod fabric-command-api-v2->@Inject::onOnCommandTree(Lnet/minecraft/network/protocol/game/ClientboundCommandsPacket;Lorg/spongepowered/asm/mixin/injection/callback/CallbackInfo;)V doesn't use it's CallbackInfo
[18:50:20] [Render thread/DEBUG] (FabricLoader/Mixin) fabric-command-api-v2.client.mixins.json:ClientPlayNetworkHandlerMixin from mod fabric-command-api-v2->@Inject::onOnCommandTree(Lnet/minecraft/network/protocol/game/ClientboundCommandsPacket;Lorg/spongepowered/asm/mixin/injection/callback/CallbackInfo;)V has 0 override(s) in child classes
[18:50:20] [Render thread/DEBUG] (FabricLoader/Mixin) fabric-command-api-v2.client.mixins.json:ClientPlayNetworkHandlerMixin from mod fabric-command-api-v2->@Inject::onOnCommandTree(Lnet/minecraft/network/protocol/game/ClientboundCommandsPacket;Lorg/spongepowered/asm/mixin/injection/callback/CallbackInfo;)V won't be passed a CallbackInfo as a result
[18:50:20] [Render thread/DEBUG] (FabricLoader/Mixin) fabric-command-api-v2.client.mixins.json:ClientPlayNetworkHandlerMixin from mod fabric-command-api-v2->@Inject::onSendCommand(Ljava/lang/String;Lorg/spongepowered/asm/mixin/injection/callback/CallbackInfoReturnable;)V does use it's CallbackInfoReturnable
[18:50:20] [Render thread/DEBUG] (FabricLoader/Mixin) fabric-command-api-v2.client.mixins.json:ClientPlayNetworkHandlerMixin from mod fabric-command-api-v2->@Inject::onSendCommand(Ljava/lang/String;Lorg/spongepowered/asm/mixin/injection/callback/CallbackInfo;)V does use it's CallbackInfo
[18:50:20] [Render thread/DEBUG] (FabricLoader/Mixin) moonlight.mixins.json:ClientPacketListenerMixin from mod moonlight->@Inject::moonlight$storeOldModelData(Lnet/minecraft/network/protocol/game/ClientboundBlockEntityDataPacket;Lnet/minecraft/world/level/block/entity/BlockEntity;Lorg/spongepowered/asm/mixin/injection/callback/CallbackInfo;)V doesn't use it's CallbackInfo
[18:50:20] [Render thread/DEBUG] (FabricLoader/Mixin) moonlight.mixins.json:ClientPacketListenerMixin from mod moonlight->@Inject::moonlight$storeOldModelData(Lnet/minecraft/network/protocol/game/ClientboundBlockEntityDataPacket;Lnet/minecraft/world/level/block/entity/BlockEntity;Lorg/spongepowered/asm/mixin/injection/callback/CallbackInfo;)V has 0 override(s) in child classes
[18:50:20] [Render thread/DEBUG] (FabricLoader/Mixin) moonlight.mixins.json:ClientPacketListenerMixin from mod moonlight->@Inject::moonlight$storeOldModelData(Lnet/minecraft/network/protocol/game/ClientboundBlockEntityDataPacket;Lnet/minecraft/world/level/block/entity/BlockEntity;Lorg/spongepowered/asm/mixin/injection/callback/CallbackInfo;)V won't be passed a CallbackInfo as a result
[18:50:20] [Render thread/DEBUG] (FabricLoader/Mixin) moonlight.mixins.json:ClientPacketListenerMixin from mod moonlight->@Inject::moonlight$callModelDataCallback(Lnet/minecraft/network/protocol/game/ClientboundBlockEntityDataPacket;Lnet/minecraft/world/level/block/entity/BlockEntity;Lorg/spongepowered/asm/mixin/injection/callback/CallbackInfo;)V doesn't use it's CallbackInfo
[18:50:20] [Render thread/DEBUG] (FabricLoader/Mixin) moonlight.mixins.json:ClientPacketListenerMixin from mod moonlight->@Inject::moonlight$callModelDataCallback(Lnet/minecraft/network/protocol/game/ClientboundBlockEntityDataPacket;Lnet/minecraft/world/level/block/entity/BlockEntity;Lorg/spongepowered/asm/mixin/injection/callback/CallbackInfo;)V has 0 override(s) in child classes
[18:50:20] [Render thread/DEBUG] (FabricLoader/Mixin) moonlight.mixins.json:ClientPacketListenerMixin from mod moonlight->@Inject::moonlight$callModelDataCallback(Lnet/minecraft/network/protocol/game/ClientboundBlockEntityDataPacket;Lnet/minecraft/world/level/block/entity/BlockEntity;Lorg/spongepowered/asm/mixin/injection/callback/CallbackInfo;)V won't be passed a CallbackInfo as a result
[18:50:20] [Render thread/DEBUG] (FabricLoader/Mixin) Mixing ResourcePackProfileMixin from fabric-resource-loader-v0.mixins.json into net.minecraft.server.packs.repository.Pack
[18:50:20] [Render thread/DEBUG] (FabricLoader/Mixin) fabric-resource-loader-v0.mixins.json:ResourcePackProfileMixin from mod fabric-resource-loader-v0: Class version 65 required is higher than the class version supported by the current version of Mixin (JAVA_17 supports class version 61)
[18:50:20] [Render thread/DEBUG] (FabricLoader/Mixin) Renaming synthetic method lambda$static$0(Ljava/util/Set;)Z to md310282$fabric-resource-loader-v0$lambda$static$0$0 in fabric-resource-loader-v0.mixins.json:ResourcePackProfileMixin from mod fabric-resource-loader-v0
[18:50:20] [Render thread/DEBUG] (FabricLoader/Mixin) Mixing ResourcePackProfileMixin from fabric-resource-conditions-api-v1.mixins.json into net.minecraft.server.packs.repository.Pack
[18:50:20] [Render thread/DEBUG] (FabricLoader/Mixin) fabric-resource-conditions-api-v1.mixins.json:ResourcePackProfileMixin from mod fabric-resource-conditions-api-v1: Class version 65 required is higher than the class version supported by the current version of Mixin (JAVA_17 supports class version 61)
[18:50:20] [Render thread/DEBUG] (FabricLoader/Mixin) fabric-resource-loader-v0.mixins.json:ResourcePackProfileMixin from mod fabric-resource-loader-v0->@Inject::onCreateResourcePack(Lorg/spongepowered/asm/mixin/injection/callback/CallbackInfoReturnable;)V does use it's CallbackInfoReturnable
[18:50:20] [Render thread/INFO] (Every Compat) Loaded module[ BetterDeco @ better_deco ]
[18:50:20] [Render thread/DEBUG] (FabricLoader/Mixin) Mixing SelfItemStackRenderer from moonlight.mixins.json into net.mehvahdjukaar.moonlight.api.client.ItemStackRenderer
[18:50:20] [Render thread/DEBUG] (FabricLoader/Mixin) moonlight.mixins.json:SelfItemStackRenderer from mod moonlight: Class version 65 required is higher than the class version supported by the current version of Mixin (JAVA_17 supports class version 61)
[18:50:20] [Render thread/DEBUG] (FabricLoader/Mixin) Mixing BuiltinModelItemRendererMixin from fabric-rendering-v1.mixins.json into net.minecraft.client.renderer.BlockEntityWithoutLevelRenderer
[18:50:20] [Render thread/DEBUG] (FabricLoader/Mixin) fabric-rendering-v1.mixins.json:BuiltinModelItemRendererMixin from mod fabric-rendering-v1: Class version 65 required is higher than the class version supported by the current version of Mixin (JAVA_17 supports class version 61)
[18:50:20] [Render thread/DEBUG] (FabricLoader/Mixin) fabric-rendering-v1.mixins.json:BuiltinModelItemRendererMixin from mod fabric-rendering-v1->@Inject::fabric_onRender(Lnet/minecraft/world/item/ItemStack;Lnet/minecraft/world/item/ItemDisplayContext;Lcom/mojang/blaze3d/vertex/PoseStack;Lnet/minecraft/client/renderer/MultiBufferSource;IILorg/spongepowered/asm/mixin/injection/callback/CallbackInfo;)V does use it's CallbackInfo
[18:50:20] [Render thread/INFO] (Moonlight) Loaded config moonlight-client.json
[18:50:20] [Render thread/DEBUG] (Configured) Loaded com.mrcrayfish.configured.platform.FabricPlatformHelper@70412e1c for service interface com.mrcrayfish.configured.platform.services.IPlatformHelper
[18:50:20] [Render thread/DEBUG] (Configured) Loaded com.mrcrayfish.configured.platform.FabricConfigHelper@6568de16 for service interface com.mrcrayfish.configured.platform.services.IConfigHelper
[18:50:20] [Render thread/DEBUG] (FabricLoader/Mixin) Mixing CustomPayloadC2SPacketMixin from fabric-networking-api-v1.mixins.json into net.minecraft.network.protocol.common.ServerboundCustomPayloadPacket
[18:50:20] [Render thread/DEBUG] (FabricLoader/Mixin) fabric-networking-api-v1.mixins.json:CustomPayloadC2SPacketMixin from mod fabric-networking-api-v1: Class version 65 required is higher than the class version supported by the current version of Mixin (JAVA_17 supports class version 61)
[18:50:20] [Render thread/DEBUG] (FabricLoader/Mixin) Renaming synthetic method lambda$wrapCodec$0(Lnet/minecraft/network/FriendlyByteBuf;Lnet/minecraft/resources/ResourceLocation;)Lnet/minecraft/network/protocol/common/custom/CustomPacketPayload$TypeAndCodec; to md310282$fabric-networking-api-v1$lambda$wrapCodec$0$0 in fabric-networking-api-v1.mixins.json:CustomPayloadC2SPacketMixin from mod fabric-networking-api-v1
[18:50:20] [Render thread/DEBUG] (FabricLoader/Mixin) Mixing CustomPayloadS2CPacketAccessor from fabric-data-attachment-api-v1.mixins.json into net.minecraft.network.protocol.common.ServerboundCustomPayloadPacket
[18:50:20] [Render thread/DEBUG] (FabricLoader/Mixin) fabric-data-attachment-api-v1.mixins.json:CustomPayloadS2CPacketAccessor from mod fabric-data-attachment-api-v1: Class version 65 required is higher than the class version supported by the current version of Mixin (JAVA_17 supports class version 61)
[18:50:20] [Render thread/DEBUG] (FabricLoader/Mixin) Mixing CustomPayloadPacketCodecMixin from fabric-networking-api-v1.mixins.json into net.minecraft.network.protocol.common.custom.CustomPacketPayload$1
[18:50:20] [Render thread/DEBUG] (FabricLoader/Mixin) fabric-networking-api-v1.mixins.json:CustomPayloadPacketCodecMixin from mod fabric-networking-api-v1: Class version 65 required is higher than the class version supported by the current version of Mixin (JAVA_17 supports class version 61)
[18:50:20] [Render thread/DEBUG] (FabricLoader/Mixin) Mixing ServerPlayNetworkHandlerMixin from fabric-networking-api-v1.mixins.json into net.minecraft.server.network.ServerGamePacketListenerImpl
[18:50:20] [Render thread/DEBUG] (FabricLoader/Mixin) fabric-networking-api-v1.mixins.json:ServerPlayNetworkHandlerMixin from mod fabric-networking-api-v1: Class version 65 required is higher than the class version supported by the current version of Mixin (JAVA_17 supports class version 61)
[18:50:20] [Render thread/DEBUG] (FabricLoader/Mixin) fabric-networking-api-v1.mixins.json:ServerPlayNetworkHandlerMixin from mod fabric-networking-api-v1->@Inject::initAddon(Lorg/spongepowered/asm/mixin/injection/callback/CallbackInfo;)V doesn't use it's CallbackInfo
[18:50:20] [Render thread/DEBUG] (FabricLoader/Mixin) fabric-networking-api-v1.mixins.json:ServerPlayNetworkHandlerMixin from mod fabric-networking-api-v1->@Inject::initAddon(Lorg/spongepowered/asm/mixin/injection/callback/CallbackInfo;)V has 0 override(s) in child classes
[18:50:20] [Render thread/DEBUG] (FabricLoader/Mixin) fabric-networking-api-v1.mixins.json:ServerPlayNetworkHandlerMixin from mod fabric-networking-api-v1->@Inject::initAddon(Lorg/spongepowered/asm/mixin/injection/callback/CallbackInfo;)V won't be passed a CallbackInfo as a result
[18:50:20] [Render thread/DEBUG] (FabricLoader/Mixin) fabric-networking-api-v1.mixins.json:ServerPlayNetworkHandlerMixin from mod fabric-networking-api-v1->@Inject::handleCustomPayloadReceivedAsync(Lnet/minecraft/network/protocol/common/ServerboundCustomPayloadPacket;Lorg/spongepowered/asm/mixin/injection/callback/CallbackInfo;)V does use it's CallbackInfo
[18:50:20] [Render thread/INFO] (Moonlight) Loaded config moonlight-common.json
[18:50:20] [Render thread/DEBUG] (FabricLoader/Mixin) Mixing JsonDataLoaderMixin from fabric-loot-api-v3.mixins.json into net.minecraft.server.packs.resources.SimpleJsonResourceReloadListener
[18:50:20] [Render thread/DEBUG] (FabricLoader/Mixin) fabric-loot-api-v3.mixins.json:JsonDataLoaderMixin from mod fabric-loot-api-v3: Class version 65 required is higher than the class version supported by the current version of Mixin (JAVA_17 supports class version 61)
[18:50:20] [Render thread/DEBUG] (FabricLoader/Mixin) Mixing JsonDataLoaderMixin from fabric-resource-conditions-api-v1.mixins.json into net.minecraft.server.packs.resources.SimpleJsonResourceReloadListener
[18:50:20] [Render thread/DEBUG] (FabricLoader/Mixin) fabric-resource-conditions-api-v1.mixins.json:JsonDataLoaderMixin from mod fabric-resource-conditions-api-v1: Class version 65 required is higher than the class version supported by the current version of Mixin (JAVA_17 supports class version 61)
[18:50:20] [Render thread/DEBUG] (FabricLoader/Mixin) fabric-loot-api-v3.mixins.json:JsonDataLoaderMixin from mod fabric-loot-api-v3->@Inject::fillSourceMap(Lnet/minecraft/server/packs/resources/ResourceManager;Ljava/lang/String;Lcom/google/gson/Gson;Ljava/util/Map;Lorg/spongepowered/asm/mixin/injection/callback/CallbackInfo;)V doesn't use it's CallbackInfo
[18:50:20] [Render thread/DEBUG] (FabricLoader/Mixin) Mixing RegistryLoaderMixin from fabric-registry-sync-v0.mixins.json into net.minecraft.resources.RegistryDataLoader
[18:50:20] [Render thread/DEBUG] (FabricLoader/Mixin) fabric-registry-sync-v0.mixins.json:RegistryLoaderMixin from mod fabric-registry-sync-v0: Class version 65 required is higher than the class version supported by the current version of Mixin (JAVA_17 supports class version 61)
[18:50:20] [Render thread/DEBUG] (FabricLoader/Mixin) Renaming synthetic method lambda$static$0()Ljava/lang/Boolean; to md310282$fabric-registry-sync-v0$lambda$static$0$0 in fabric-registry-sync-v0.mixins.json:RegistryLoaderMixin from mod fabric-registry-sync-v0
[18:50:20] [Render thread/DEBUG] (FabricLoader/Mixin) Mixing RegistryLoaderMixin from fabric-resource-conditions-api-v1.mixins.json into net.minecraft.resources.RegistryDataLoader
[18:50:20] [Render thread/DEBUG] (FabricLoader/Mixin) fabric-resource-conditions-api-v1.mixins.json:RegistryLoaderMixin from mod fabric-resource-conditions-api-v1: Class version 65 required is higher than the class version supported by the current version of Mixin (JAVA_17 supports class version 61)
[18:50:20] [Render thread/DEBUG] (FabricLoader/Mixin) Mixing RegistryLoaderMixin from fabric-item-api-v1.mixins.json into net.minecraft.resources.RegistryDataLoader
[18:50:20] [Render thread/DEBUG] (FabricLoader/Mixin) fabric-item-api-v1.mixins.json:RegistryLoaderMixin from mod fabric-item-api-v1: Class version 65 required is higher than the class version supported by the current version of Mixin (JAVA_17 supports class version 61)
[18:50:21] [Render thread/DEBUG] (FabricLoader/Mixin) fabric-registry-sync-v0.mixins.json:RegistryLoaderMixin from mod fabric-registry-sync-v0->@Inject::beforeLoad(Ljava/lang/Object;Lnet/minecraft/core/RegistryAccess;Ljava/util/List;Lorg/spongepowered/asm/mixin/injection/callback/CallbackInfoReturnable;)V doesn't use it's CallbackInfoReturnable
[18:50:21] [Render thread/DEBUG] (FabricLoader/Mixin) fabric-resource-conditions-api-v1.mixins.json:RegistryLoaderMixin from mod fabric-resource-conditions-api-v1->@Inject::checkResourceCondition(Lnet/minecraft/core/WritableRegistry;Lcom/mojang/serialization/Decoder;Lnet/minecraft/resources/RegistryOps;Lnet/minecraft/resources/ResourceKey;Lnet/minecraft/server/packs/resources/Resource;Lnet/minecraft/core/RegistrationInfo;Lorg/spongepowered/asm/mixin/injection/callback/CallbackInfo;)V does use it's CallbackInfo
[18:50:21] [Render thread/DEBUG] (FabricLoader/Mixin) Mixing SerializableRegistriesMixin from fabric-registry-sync-v0.mixins.json into net.minecraft.core.RegistrySynchronization
[18:50:21] [Render thread/DEBUG] (FabricLoader/Mixin) fabric-registry-sync-v0.mixins.json:SerializableRegistriesMixin from mod fabric-registry-sync-v0: Class version 65 required is higher than the class version supported by the current version of Mixin (JAVA_17 supports class version 61)
[18:50:21] [Render thread/DEBUG] (FabricLoader/Mixin) fabric-registry-sync-v0.mixins.json:SerializableRegistriesMixin from mod fabric-registry-sync-v0->@Inject::filterNonSyncedEntries(Lnet/minecraft/core/RegistryAccess$RegistryEntry;Lorg/spongepowered/asm/mixin/injection/callback/CallbackInfoReturnable;)V does use it's CallbackInfoReturnable
[18:50:21] [Render thread/DEBUG] (FabricLoader/Mixin) fabric-registry-sync-v0.mixins.json:SerializableRegistriesMixin from mod fabric-registry-sync-v0->@Inject::filterNonSyncedEntriesAgain(Ljava/util/Set;Lnet/minecraft/resources/RegistryDataLoader$RegistryData;Lcom/mojang/serialization/DynamicOps;Ljava/util/function/BiConsumer;Lnet/minecraft/core/Registry;Lorg/spongepowered/asm/mixin/injection/callback/CallbackInfo;)V does use it's CallbackInfo
[18:50:21] [Render thread/DEBUG] (Nature's Spirit) Registering ModBlocks for natures_spirit
[18:50:21] [Render thread/DEBUG] (Nature's Spirit) Registering ModBlocks for natures_spirit
[18:50:21] [Render thread/DEBUG] (net.fabricmc.fabric.api.registry.StrippableBlockRegistry) Replaced old stripping mapping from Block{natures_spirit:alluaudia_bundle} to Block{natures_spirit:stripped_alluaudia_bundle} with Block{natures_spirit:stripped_alluaudia_bundle}
[18:50:21] [Render thread/DEBUG] (FabricLoader/Mixin) Mixing LootTableBuilderMixin from fabric-loot-api-v3.mixins.json into net.minecraft.world.level.storage.loot.LootTable$Builder
[18:50:21] [Render thread/DEBUG] (FabricLoader/Mixin) fabric-loot-api-v3.mixins.json:LootTableBuilderMixin from mod fabric-loot-api-v3: Class version 65 required is higher than the class version supported by the current version of Mixin (JAVA_17 supports class version 61)
[18:50:21] [Render thread/DEBUG] (FabricLoader/Mixin) Mixing LootTableBuilderMixin from fabric-loot-api-v2.mixins.json into net.minecraft.world.level.storage.loot.LootTable$Builder
[18:50:21] [Render thread/DEBUG] (FabricLoader/Mixin) fabric-loot-api-v2.mixins.json:LootTableBuilderMixin from mod fabric-loot-api-v2: Class version 65 required is higher than the class version supported by the current version of Mixin (JAVA_17 supports class version 61)
[18:50:21] [Render thread/DEBUG] (FabricLoader/Entrypoint) Iterating over entrypoint 'client'
[18:50:21] [Render thread/DEBUG] (FabricLoader/Mixin) Mixing access.CreativeModeInventoryScreenAccessor from better_deco.mixins.json into net.minecraft.client.gui.screens.inventory.CreativeModeInventoryScreen
[18:50:21] [Render thread/DEBUG] (FabricLoader/Mixin) better_deco.mixins.json:access.CreativeModeInventoryScreenAccessor from mod better_deco: Class version 65 required is higher than the class version supported by the current version of Mixin (JAVA_18 supports class version 62)
[18:50:21] [Render thread/DEBUG] (FabricLoader/Mixin) Renaming @Accessor method getSelectedTab()Lnet/minecraft/world/item/CreativeModeTab; to getSelectedTab$better_deco_$md$310282$0 in better_deco.mixins.json:access.CreativeModeInventoryScreenAccessor from mod better_deco
[18:50:21] [Render thread/DEBUG] (FabricLoader/Mixin) Mixing CreativeInventoryScreenMixin from fabric-item-group-api-v1.client.mixins.json into net.minecraft.client.gui.screens.inventory.CreativeModeInventoryScreen
[18:50:21] [Render thread/DEBUG] (FabricLoader/Mixin) fabric-item-group-api-v1.client.mixins.json:CreativeInventoryScreenMixin from mod fabric-item-group-api-v1: Class version 65 required is higher than the class version supported by the current version of Mixin (JAVA_17 supports class version 61)
[18:50:21] [Render thread/DEBUG] (FabricLoader/Mixin) Renaming synthetic method lambda$getItemGroupsOnPage$3(Lnet/minecraft/world/item/CreativeModeTab;Lnet/minecraft/world/item/CreativeModeTab;)I to md310282$fabric-item-group-api-v1$lambda$getItemGroupsOnPage$3$1 in fabric-item-group-api-v1.client.mixins.json:CreativeInventoryScreenMixin from mod fabric-item-group-api-v1
[18:50:21] [Render thread/DEBUG] (FabricLoader/Mixin) Renaming synthetic method lambda$getItemGroupsOnPage$2(ILnet/minecraft/world/item/CreativeModeTab;)Z to md310282$fabric-item-group-api-v1$lambda$getItemGroupsOnPage$2$2 in fabric-item-group-api-v1.client.mixins.json:CreativeInventoryScreenMixin from mod fabric-item-group-api-v1
[18:50:21] [Render thread/DEBUG] (FabricLoader/Mixin) Renaming synthetic method lambda$hasGroupForPage$1(ILnet/minecraft/world/item/CreativeModeTab;)Z to md310282$fabric-item-group-api-v1$lambda$hasGroupForPage$1$3 in fabric-item-group-api-v1.client.mixins.json:CreativeInventoryScreenMixin from mod fabric-item-group-api-v1
[18:50:21] [Render thread/DEBUG] (FabricLoader/Mixin) Renaming synthetic method lambda$updateSelection$0(Lnet/minecraft/world/item/CreativeModeTab;Lnet/minecraft/world/item/CreativeModeTab;)I to md310282$fabric-item-group-api-v1$lambda$updateSelection$0$4 in fabric-item-group-api-v1.client.mixins.json:CreativeInventoryScreenMixin from mod fabric-item-group-api-v1
[18:50:21] [Render thread/DEBUG] (FabricLoader/Mixin) fabric-item-group-api-v1.client.mixins.json:CreativeInventoryScreenMixin from mod fabric-item-group-api-v1->@Inject::init(Lorg/spongepowered/asm/mixin/injection/callback/CallbackInfo;)V doesn't use it's CallbackInfo
[18:50:21] [Render thread/DEBUG] (FabricLoader/Mixin) fabric-item-group-api-v1.client.mixins.json:CreativeInventoryScreenMixin from mod fabric-item-group-api-v1->@Inject::init(Lorg/spongepowered/asm/mixin/injection/callback/CallbackInfo;)V has 0 override(s) in child classes
[18:50:21] [Render thread/DEBUG] (FabricLoader/Mixin) fabric-item-group-api-v1.client.mixins.json:CreativeInventoryScreenMixin from mod fabric-item-group-api-v1->@Inject::init(Lorg/spongepowered/asm/mixin/injection/callback/CallbackInfo;)V won't be passed a CallbackInfo as a result
[18:50:21] [Render thread/DEBUG] (FabricLoader/Mixin) fabric-item-group-api-v1.client.mixins.json:CreativeInventoryScreenMixin from mod fabric-item-group-api-v1->@Inject::setSelectedTab(Lnet/minecraft/world/item/CreativeModeTab;Lorg/spongepowered/asm/mixin/injection/callback/CallbackInfo;)V does use it's CallbackInfo
[18:50:21] [Render thread/DEBUG] (FabricLoader/Mixin) fabric-item-group-api-v1.client.mixins.json:CreativeInventoryScreenMixin from mod fabric-item-group-api-v1->@Inject::renderTabTooltipIfHovered(Lnet/minecraft/client/gui/GuiGraphics;Lnet/minecraft/world/item/CreativeModeTab;IILorg/spongepowered/asm/mixin/injection/callback/CallbackInfoReturnable;)V does use it's CallbackInfoReturnable
[18:50:21] [Render thread/DEBUG] (FabricLoader/Mixin) fabric-item-group-api-v1.client.mixins.json:CreativeInventoryScreenMixin from mod fabric-item-group-api-v1->@Inject::isClickInTab(Lnet/minecraft/world/item/CreativeModeTab;DDLorg/spongepowered/asm/mixin/injection/callback/CallbackInfoReturnable;)V does use it's CallbackInfoReturnable
[18:50:21] [Render thread/DEBUG] (FabricLoader/Mixin) fabric-item-group-api-v1.client.mixins.json:CreativeInventoryScreenMixin from mod fabric-item-group-api-v1->@Inject::renderTabIcon(Lnet/minecraft/client/gui/GuiGraphics;Lnet/minecraft/world/item/CreativeModeTab;Lorg/spongepowered/asm/mixin/injection/callback/CallbackInfo;)V does use it's CallbackInfo
[18:50:21] [Render thread/DEBUG] (FabricLoader/Mixin) Mixing GuiGraphicsInvoker from better_deco.mixins.json into net.minecraft.client.gui.GuiGraphics
[18:50:21] [Render thread/DEBUG] (FabricLoader/Mixin) better_deco.mixins.json:GuiGraphicsInvoker from mod better_deco: Class version 65 required is higher than the class version supported by the current version of Mixin (JAVA_18 supports class version 62)
[18:50:21] [Render thread/DEBUG] (FabricLoader/Mixin) Mixing ItemRendererMixin from moonlight.mixins.json into net.minecraft.client.gui.GuiGraphics
[18:50:21] [Render thread/DEBUG] (FabricLoader/Mixin) moonlight.mixins.json:ItemRendererMixin from mod moonlight: Class version 65 required is higher than the class version supported by the current version of Mixin (JAVA_17 supports class version 61)
[18:50:21] [Render thread/DEBUG] (FabricLoader/Mixin) moonlight.mixins.json:ItemRendererMixin from mod moonlight->@Inject::renderInGui(Lnet/minecraft/client/gui/Font;Lnet/minecraft/world/item/ItemStack;IILjava/lang/String;Lorg/spongepowered/asm/mixin/injection/callback/CallbackInfo;)V doesn't use it's CallbackInfo
[18:50:21] [Render thread/DEBUG] (FabricLoader/Mixin) moonlight.mixins.json:ItemRendererMixin from mod moonlight->@Inject::renderInGui(Lnet/minecraft/client/gui/Font;Lnet/minecraft/world/item/ItemStack;IILjava/lang/String;Lorg/spongepowered/asm/mixin/injection/callback/CallbackInfo;)V has 0 override(s) in child classes
[18:50:21] [Render thread/DEBUG] (FabricLoader/Mixin) moonlight.mixins.json:ItemRendererMixin from mod moonlight->@Inject::renderInGui(Lnet/minecraft/client/gui/Font;Lnet/minecraft/world/item/ItemStack;IILjava/lang/String;Lorg/spongepowered/asm/mixin/injection/callback/CallbackInfo;)V won't be passed a CallbackInfo as a result
[18:50:21] [Render thread/DEBUG] (FabricLoader/Mixin) moonlight.mixins.json:ItemRendererMixin from mod moonlight->@Inject::renderInGui(Lnet/minecraft/client/gui/Font;Lnet/minecraft/world/item/ItemStack;IILjava/lang/String;Lorg/spongepowered/asm/mixin/injection/callback/CallbackInfo;)V doesn't use it's CallbackInfo
[18:50:21] [Render thread/DEBUG] (FabricLoader/Mixin) moonlight.mixins.json:ItemRendererMixin from mod moonlight->@Inject::renderInGui(Lnet/minecraft/client/gui/Font;Lnet/minecraft/world/item/ItemStack;IILjava/lang/String;Lorg/spongepowered/asm/mixin/injection/callback/CallbackInfo;)V has 0 override(s) in child classes
[18:50:21] [Render thread/DEBUG] (FabricLoader/Mixin) moonlight.mixins.json:ItemRendererMixin from mod moonlight->@Inject::renderInGui(Lnet/minecraft/client/gui/Font;Lnet/minecraft/world/item/ItemStack;IILjava/lang/String;Lorg/spongepowered/asm/mixin/injection/callback/CallbackInfo;)V won't be passed a CallbackInfo as a result
[18:50:21] [Render thread/DEBUG] (FabricLoader/Mixin) Mixing BlockEntityRendererFactoriesMixin from fabric-rendering-v1.mixins.json into net.minecraft.client.renderer.blockentity.BlockEntityRenderers
[18:50:21] [Render thread/DEBUG] (FabricLoader/Mixin) fabric-rendering-v1.mixins.json:BlockEntityRendererFactoriesMixin from mod fabric-rendering-v1: Class version 65 required is higher than the class version supported by the current version of Mixin (JAVA_17 supports class version 61)
[18:50:21] [Render thread/DEBUG] (FabricLoader/Mixin) Renaming synthetic method lambda$init$0(Lnet/minecraft/world/level/block/entity/BlockEntityType;Lnet/minecraft/client/renderer/blockentity/BlockEntityRendererProvider;)V to md310282$fabric-rendering-v1$lambda$init$0$0 in fabric-rendering-v1.mixins.json:BlockEntityRendererFactoriesMixin from mod fabric-rendering-v1
[18:50:21] [Render thread/DEBUG] (FabricLoader/Mixin) fabric-rendering-v1.mixins.json:BlockEntityRendererFactoriesMixin from mod fabric-rendering-v1->@Inject::init(Lorg/spongepowered/asm/mixin/injection/callback/CallbackInfo;)V doesn't use it's CallbackInfo
[18:50:21] [Render thread/DEBUG] (FabricLoader/Mixin) Mixing MenuScreensAccessor from moonlight.mixins.json into net.minecraft.client.gui.screens.MenuScreens
[18:50:21] [Render thread/DEBUG] (FabricLoader/Mixin) moonlight.mixins.json:MenuScreensAccessor from mod moonlight: Class version 65 required is higher than the class version supported by the current version of Mixin (JAVA_17 supports class version 61)
[18:50:21] [Render thread/DEBUG] (FabricLoader/Mixin) Renaming @Invoker method invokeGetConstructor(Lnet/minecraft/world/inventory/MenuType;)Lnet/minecraft/client/gui/screens/MenuScreens$ScreenConstructor; to invokeGetConstructor$moonlight_$md$310282$0 in moonlight.mixins.json:MenuScreensAccessor from mod moonlight
[18:50:21] [Render thread/DEBUG] (FabricLoader/Mixin) Mixing SoundInstanceMixin from fabric-sound-api-v1.mixins.json into net.minecraft.client.resources.sounds.SoundInstance
[18:50:21] [Render thread/DEBUG] (FabricLoader/Mixin) fabric-sound-api-v1.mixins.json:SoundInstanceMixin from mod fabric-sound-api-v1: Class version 65 required is higher than the class version supported by the current version of Mixin (JAVA_17 supports class version 61)
[18:50:21] [Render thread/DEBUG] (FabricLoader/Mixin) Mixing client.GameRendererMixin from framework.mixins.json into net.minecraft.client.renderer.GameRenderer
[18:50:21] [Render thread/DEBUG] (FabricLoader/Mixin) Mixing GameRendererMixin from moonlight-common.mixins.json into net.minecraft.client.renderer.GameRenderer
[18:50:21] [Render thread/DEBUG] (FabricLoader/Mixin) moonlight-common.mixins.json:GameRendererMixin from mod moonlight: Class version 65 required is higher than the class version supported by the current version of Mixin (JAVA_17 supports class version 61)
[18:50:21] [Render thread/DEBUG] (FabricLoader/Mixin) Mixing GameRendererMixin from fabric-screen-api-v1.mixins.json into net.minecraft.client.renderer.GameRenderer
[18:50:21] [Render thread/DEBUG] (FabricLoader/Mixin) fabric-screen-api-v1.mixins.json:GameRendererMixin from mod fabric-screen-api-v1: Class version 65 required is higher than the class version supported by the current version of Mixin (JAVA_17 supports class version 61)
[18:50:21] [Render thread/DEBUG] (FabricLoader/Mixin) Mixing shader.GameRendererMixin from fabric-rendering-v1.mixins.json into net.minecraft.client.renderer.GameRenderer
[18:50:21] [Render thread/DEBUG] (FabricLoader/Mixin) fabric-rendering-v1.mixins.json:shader.GameRendererMixin from mod fabric-rendering-v1: Class version 65 required is higher than the class version supported by the current version of Mixin (JAVA_17 supports class version 61)
[18:50:21] [Render thread/DEBUG] (FabricLoader/Mixin) Renaming synthetic method lambda$registerShaders$0(Lnet/minecraft/server/packs/resources/ResourceProvider;Ljava/util/List;Lnet/minecraft/resources/ResourceLocation;Lcom/mojang/blaze3d/vertex/VertexFormat;Ljava/util/function/Consumer;)V to md310282$fabric-rendering-v1$lambda$registerShaders$0$0 in fabric-rendering-v1.mixins.json:shader.GameRendererMixin from mod fabric-rendering-v1
[18:50:21] [Render thread/DEBUG] (FabricLoader/Mixin) framework.mixins.json:client.GameRendererMixin from mod framework->@Inject::frameworkOnPreRender(Lnet/minecraft/client/DeltaTracker;ZLorg/spongepowered/asm/mixin/injection/callback/CallbackInfo;)V doesn't use it's CallbackInfo
[18:50:21] [Render thread/DEBUG] (FabricLoader/Mixin) framework.mixins.json:client.GameRendererMixin from mod framework->@Inject::frameworkOnPreRender(Lnet/minecraft/client/DeltaTracker;ZLorg/spongepowered/asm/mixin/injection/callback/CallbackInfo;)V has 0 override(s) in child classes
[18:50:21] [Render thread/DEBUG] (FabricLoader/Mixin) framework.mixins.json:client.GameRendererMixin from mod framework->@Inject::frameworkOnPreRender(Lnet/minecraft/client/DeltaTracker;ZLorg/spongepowered/asm/mixin/injection/callback/CallbackInfo;)V won't be passed a CallbackInfo as a result
[18:50:21] [Render thread/DEBUG] (FabricLoader/Mixin) framework.mixins.json:client.GameRendererMixin from mod framework->@Inject::frameworkOnPostRender(Lnet/minecraft/client/DeltaTracker;ZLorg/spongepowered/asm/mixin/injection/callback/CallbackInfo;)V doesn't use it's CallbackInfo
[18:50:21] [Render thread/DEBUG] (FabricLoader/Mixin) framework.mixins.json:client.GameRendererMixin from mod framework->@Inject::frameworkOnPostRender(Lnet/minecraft/client/DeltaTracker;ZLorg/spongepowered/asm/mixin/injection/callback/CallbackInfo;)V has 0 override(s) in child classes
[18:50:21] [Render thread/DEBUG] (FabricLoader/Mixin) framework.mixins.json:client.GameRendererMixin from mod framework->@Inject::frameworkOnPostRender(Lnet/minecraft/client/DeltaTracker;ZLorg/spongepowered/asm/mixin/injection/callback/CallbackInfo;)V won't be passed a CallbackInfo as a result
[18:50:21] [Render thread/DEBUG] (FabricLoader/Mixin) fabric-rendering-v1.mixins.json:shader.GameRendererMixin from mod fabric-rendering-v1->@Inject::registerShaders(Lnet/minecraft/server/packs/resources/ResourceProvider;Lorg/spongepowered/asm/mixin/injection/callback/CallbackInfo;)V doesn't use it's CallbackInfo
[18:50:21] [Render thread/DEBUG] (FabricLoader/Mixin) fabric-rendering-v1.mixins.json:shader.GameRendererMixin from mod fabric-rendering-v1->@Inject::registerShaders(Lnet/minecraft/server/packs/resources/ResourceProvider;Lorg/spongepowered/asm/mixin/injection/callback/CallbackInfo;)V has 0 override(s) in child classes
[18:50:21] [Render thread/DEBUG] (FabricLoader/Mixin) fabric-rendering-v1.mixins.json:shader.GameRendererMixin from mod fabric-rendering-v1->@Inject::registerShaders(Lnet/minecraft/server/packs/resources/ResourceProvider;Lorg/spongepowered/asm/mixin/injection/callback/CallbackInfo;)V won't be passed a CallbackInfo as a result
[18:50:21] [Render thread/DEBUG] (FabricLoader/Mixin) Mixing shader.ShaderProgramMixin from fabric-rendering-v1.mixins.json into net.minecraft.client.renderer.ShaderInstance
[18:50:21] [Render thread/DEBUG] (FabricLoader/Mixin) fabric-rendering-v1.mixins.json:shader.ShaderProgramMixin from mod fabric-rendering-v1: Class version 65 required is higher than the class version supported by the current version of Mixin (JAVA_17 supports class version 61)
[18:50:21] [Render thread/DEBUG] (FabricLoader/Mixin) Mixing client.SpriteAtlasTextureMixin from fabric-renderer-api-v1.mixins.json into net.minecraft.client.renderer.texture.TextureAtlas
[18:50:21] [Render thread/DEBUG] (FabricLoader/Mixin) Mixing TextureAtlasMixin from moonlight.mixins.json into net.minecraft.client.renderer.texture.TextureAtlas
[18:50:21] [Render thread/DEBUG] (FabricLoader/Mixin) moonlight.mixins.json:TextureAtlasMixin from mod moonlight: Class version 65 required is higher than the class version supported by the current version of Mixin (JAVA_17 supports class version 61)
[18:50:21] [Render thread/DEBUG] (FabricLoader/Mixin) fabric-renderer-api-v1.mixins.json:client.SpriteAtlasTextureMixin from mod fabric-renderer-api-v1->@Inject::uploadHook(Lnet/minecraft/client/renderer/texture/SpriteLoader$Preparations;Lorg/spongepowered/asm/mixin/injection/callback/CallbackInfo;)V doesn't use it's CallbackInfo
[18:50:21] [Render thread/DEBUG] (FabricLoader/Mixin) fabric-renderer-api-v1.mixins.json:client.SpriteAtlasTextureMixin from mod fabric-renderer-api-v1->@Inject::uploadHook(Lnet/minecraft/client/renderer/texture/SpriteLoader$Preparations;Lorg/spongepowered/asm/mixin/injection/callback/CallbackInfo;)V has 0 override(s) in child classes
[18:50:21] [Render thread/DEBUG] (FabricLoader/Mixin) fabric-renderer-api-v1.mixins.json:client.SpriteAtlasTextureMixin from mod fabric-renderer-api-v1->@Inject::uploadHook(Lnet/minecraft/client/renderer/texture/SpriteLoader$Preparations;Lorg/spongepowered/asm/mixin/injection/callback/CallbackInfo;)V won't be passed a CallbackInfo as a result
[18:50:21] [Render thread/DEBUG] (FabricLoader/Mixin) moonlight.mixins.json:TextureAtlasMixin from mod moonlight->@Inject::afterReload(Lnet/minecraft/client/renderer/texture/SpriteLoader$Preparations;Lorg/spongepowered/asm/mixin/injection/callback/CallbackInfo;)V doesn't use it's CallbackInfo
[18:50:21] [Render thread/DEBUG] (FabricLoader/Mixin) moonlight.mixins.json:TextureAtlasMixin from mod moonlight->@Inject::afterReload(Lnet/minecraft/client/renderer/texture/SpriteLoader$Preparations;Lorg/spongepowered/asm/mixin/injection/callback/CallbackInfo;)V has 0 override(s) in child classes
[18:50:21] [Render thread/DEBUG] (FabricLoader/Mixin) moonlight.mixins.json:TextureAtlasMixin from mod moonlight->@Inject::afterReload(Lnet/minecraft/client/renderer/texture/SpriteLoader$Preparations;Lorg/spongepowered/asm/mixin/injection/callback/CallbackInfo;)V won't be passed a CallbackInfo as a result
[18:50:21] [Render thread/DEBUG] (FabricLoader/Mixin) Mixing ItemRendererAccessor from fabric-renderer-indigo.mixins.json into net.minecraft.client.renderer.entity.ItemRenderer
[18:50:21] [Render thread/DEBUG] (FabricLoader/Mixin) Renaming @Invoker method fabric_callUsesDynamicDisplay(Lnet/minecraft/world/item/ItemStack;)Z to fabric_callUsesDynamicDisplay$fabric-renderer-indigo_$md$310282$0 in fabric-renderer-indigo.mixins.json:ItemRendererAccessor from mod fabric-renderer-indigo
[18:50:21] [Render thread/DEBUG] (FabricLoader/Mixin) Mixing ItemRendererMixin from fabric-renderer-indigo.mixins.json into net.minecraft.client.renderer.entity.ItemRenderer
[18:50:21] [Render thread/DEBUG] (FabricLoader/Mixin) Renaming synthetic method lambda$new$0()Lnet/fabricmc/fabric/impl/client/indigo/renderer/render/ItemRenderContext; to md310282$fabric-renderer-indigo$lambda$new$0$1 in fabric-renderer-indigo.mixins.json:ItemRendererMixin from mod fabric-renderer-indigo
[18:50:21] [Render thread/DEBUG] (FabricLoader/Mixin) Mixing KeyedResourceReloadListenerClientMixin from fabric-resource-loader-v0.client.mixins.json into net.minecraft.client.renderer.entity.ItemRenderer
[18:50:21] [Render thread/DEBUG] (FabricLoader/Mixin) fabric-resource-loader-v0.client.mixins.json:KeyedResourceReloadListenerClientMixin from mod fabric-resource-loader-v0: Class version 65 required is higher than the class version supported by the current version of Mixin (JAVA_17 supports class version 61)
[18:50:21] [Render thread/DEBUG] (FabricLoader/Mixin) Mixing ItemRendererAccessor from moonlight.mixins.json into net.minecraft.client.renderer.entity.ItemRenderer
[18:50:21] [Render thread/DEBUG] (FabricLoader/Mixin) moonlight.mixins.json:ItemRendererAccessor from mod moonlight: Class version 65 required is higher than the class version supported by the current version of Mixin (JAVA_17 supports class version 61)
[18:50:21] [Render thread/DEBUG] (FabricLoader/Mixin) fabric-renderer-indigo.mixins.json:ItemRendererMixin from mod fabric-renderer-indigo->@Inject::hook_renderItem(Lnet/minecraft/world/item/ItemStack;Lnet/minecraft/world/item/ItemDisplayContext;ZLcom/mojang/blaze3d/vertex/PoseStack;Lnet/minecraft/client/renderer/MultiBufferSource;IILnet/minecraft/client/resources/model/BakedModel;Lorg/spongepowered/asm/mixin/injection/callback/CallbackInfo;)V does use it's CallbackInfo
[18:50:21] [Render thread/DEBUG] (FabricLoader/Mixin) Mixing KeyedResourceReloadListenerClientMixin from fabric-resource-loader-v0.client.mixins.json into net.minecraft.client.renderer.LevelRenderer
[18:50:21] [Render thread/DEBUG] (FabricLoader/Mixin) fabric-resource-loader-v0.client.mixins.json:KeyedResourceReloadListenerClientMixin from mod fabric-resource-loader-v0: Class version 65 required is higher than the class version supported by the current version of Mixin (JAVA_17 supports class version 61)
[18:50:21] [Render thread/DEBUG] (FabricLoader/Mixin) Mixing WorldRendererMixin from fabric-rendering-v1.mixins.json into net.minecraft.client.renderer.LevelRenderer
[18:50:21] [Render thread/DEBUG] (FabricLoader/Mixin) fabric-rendering-v1.mixins.json:WorldRendererMixin from mod fabric-rendering-v1: Class version 65 required is higher than the class version supported by the current version of Mixin (JAVA_17 supports class version 61)
[18:50:21] [Render thread/DEBUG] (FabricLoader/Mixin) fabric-rendering-v1.mixins.json:WorldRendererMixin from mod fabric-rendering-v1->@Inject::beforeRender(Lnet/minecraft/client/DeltaTracker;ZLnet/minecraft/client/Camera;Lnet/minecraft/client/renderer/GameRenderer;Lnet/minecraft/client/renderer/LightTexture;Lorg/joml/Matrix4f;Lorg/joml/Matrix4f;Lorg/spongepowered/asm/mixin/injection/callback/CallbackInfo;)V doesn't use it's CallbackInfo
[18:50:21] [Render thread/DEBUG] (FabricLoader/Mixin) fabric-rendering-v1.mixins.json:WorldRendererMixin from mod fabric-rendering-v1->@Inject::beforeRender(Lnet/minecraft/client/DeltaTracker;ZLnet/minecraft/client/Camera;Lnet/minecraft/client/renderer/GameRenderer;Lnet/minecraft/client/renderer/LightTexture;Lorg/joml/Matrix4f;Lorg/joml/Matrix4f;Lorg/spongepowered/asm/mixin/injection/callback/CallbackInfo;)V has 0 override(s) in child classes
[18:50:21] [Render thread/DEBUG] (FabricLoader/Mixin) fabric-rendering-v1.mixins.json:WorldRendererMixin from mod fabric-rendering-v1->@Inject::beforeRender(Lnet/minecraft/client/DeltaTracker;ZLnet/minecraft/client/Camera;Lnet/minecraft/client/renderer/GameRenderer;Lnet/minecraft/client/renderer/LightTexture;Lorg/joml/Matrix4f;Lorg/joml/Matrix4f;Lorg/spongepowered/asm/mixin/injection/callback/CallbackInfo;)V won't be passed a CallbackInfo as a result
[18:50:21] [Render thread/DEBUG] (FabricLoader/Mixin) fabric-rendering-v1.mixins.json:WorldRendererMixin from mod fabric-rendering-v1->@Inject::afterTerrainSetup(Lnet/minecraft/client/Camera;Lnet/minecraft/client/renderer/culling/Frustum;ZZLorg/spongepowered/asm/mixin/injection/callback/CallbackInfo;)V doesn't use it's CallbackInfo
[18:50:21] [Render thread/DEBUG] (FabricLoader/Mixin) fabric-rendering-v1.mixins.json:WorldRendererMixin from mod fabric-rendering-v1->@Inject::afterTerrainSetup(Lnet/minecraft/client/Camera;Lnet/minecraft/client/renderer/culling/Frustum;ZZLorg/spongepowered/asm/mixin/injection/callback/CallbackInfo;)V has 0 override(s) in child classes
[18:50:21] [Render thread/DEBUG] (FabricLoader/Mixin) fabric-rendering-v1.mixins.json:WorldRendererMixin from mod fabric-rendering-v1->@Inject::afterTerrainSetup(Lnet/minecraft/client/Camera;Lnet/minecraft/client/renderer/culling/Frustum;ZZLorg/spongepowered/asm/mixin/injection/callback/CallbackInfo;)V won't be passed a CallbackInfo as a result
[18:50:21] [Render thread/DEBUG] (FabricLoader/Mixin) fabric-rendering-v1.mixins.json:WorldRendererMixin from mod fabric-rendering-v1->@Inject::afterTerrainSolid(Lorg/spongepowered/asm/mixin/injection/callback/CallbackInfo;)V doesn't use it's CallbackInfo
[18:50:21] [Render thread/DEBUG] (FabricLoader/Mixin) fabric-rendering-v1.mixins.json:WorldRendererMixin from mod fabric-rendering-v1->@Inject::afterTerrainSolid(Lorg/spongepowered/asm/mixin/injection/callback/CallbackInfo;)V has 0 override(s) in child classes
[18:50:21] [Render thread/DEBUG] (FabricLoader/Mixin) fabric-rendering-v1.mixins.json:WorldRendererMixin from mod fabric-rendering-v1->@Inject::afterTerrainSolid(Lorg/spongepowered/asm/mixin/injection/callback/CallbackInfo;)V won't be passed a CallbackInfo as a result
[18:50:21] [Render thread/DEBUG] (FabricLoader/Mixin) fabric-rendering-v1.mixins.json:WorldRendererMixin from mod fabric-rendering-v1->@Inject::afterEntities(Lorg/spongepowered/asm/mixin/injection/callback/CallbackInfo;)V doesn't use it's CallbackInfo
[18:50:21] [Render thread/DEBUG] (FabricLoader/Mixin) fabric-rendering-v1.mixins.json:WorldRendererMixin from mod fabric-rendering-v1->@Inject::afterEntities(Lorg/spongepowered/asm/mixin/injection/callback/CallbackInfo;)V has 0 override(s) in child classes
[18:50:21] [Render thread/DEBUG] (FabricLoader/Mixin) fabric-rendering-v1.mixins.json:WorldRendererMixin from mod fabric-rendering-v1->@Inject::afterEntities(Lorg/spongepowered/asm/mixin/injection/callback/CallbackInfo;)V won't be passed a CallbackInfo as a result
[18:50:21] [Render thread/DEBUG] (FabricLoader/Mixin) fabric-rendering-v1.mixins.json:WorldRendererMixin from mod fabric-rendering-v1->@Inject::beforeRenderOutline(Lorg/spongepowered/asm/mixin/injection/callback/CallbackInfo;)V doesn't use it's CallbackInfo
[18:50:21] [Render thread/DEBUG] (FabricLoader/Mixin) fabric-rendering-v1.mixins.json:WorldRendererMixin from mod fabric-rendering-v1->@Inject::beforeRenderOutline(Lorg/spongepowered/asm/mixin/injection/callback/CallbackInfo;)V has 0 override(s) in child classes
[18:50:21] [Render thread/DEBUG] (FabricLoader/Mixin) fabric-rendering-v1.mixins.json:WorldRendererMixin from mod fabric-rendering-v1->@Inject::beforeRenderOutline(Lorg/spongepowered/asm/mixin/injection/callback/CallbackInfo;)V won't be passed a CallbackInfo as a result
[18:50:21] [Render thread/DEBUG] (FabricLoader/Mixin) fabric-rendering-v1.mixins.json:WorldRendererMixin from mod fabric-rendering-v1->@Inject::onDrawBlockOutline(Lcom/mojang/blaze3d/vertex/PoseStack;Lcom/mojang/blaze3d/vertex/VertexConsumer;Lnet/minecraft/world/entity/Entity;DDDLnet/minecraft/core/BlockPos;Lnet/minecraft/world/level/block/state/BlockState;Lorg/spongepowered/asm/mixin/injection/callback/CallbackInfo;)V does use it's CallbackInfo
[18:50:21] [Render thread/DEBUG] (FabricLoader/Mixin) fabric-rendering-v1.mixins.json:WorldRendererMixin from mod fabric-rendering-v1->@Inject::beforeDebugRender(Lorg/spongepowered/asm/mixin/injection/callback/CallbackInfo;)V doesn't use it's CallbackInfo
[18:50:21] [Render thread/DEBUG] (FabricLoader/Mixin) fabric-rendering-v1.mixins.json:WorldRendererMixin from mod fabric-rendering-v1->@Inject::beforeDebugRender(Lorg/spongepowered/asm/mixin/injection/callback/CallbackInfo;)V has 0 override(s) in child classes
[18:50:21] [Render thread/DEBUG] (FabricLoader/Mixin) fabric-rendering-v1.mixins.json:WorldRendererMixin from mod fabric-rendering-v1->@Inject::beforeDebugRender(Lorg/spongepowered/asm/mixin/injection/callback/CallbackInfo;)V won't be passed a CallbackInfo as a result
[18:50:21] [Render thread/DEBUG] (FabricLoader/Mixin) fabric-rendering-v1.mixins.json:WorldRendererMixin from mod fabric-rendering-v1->@Inject::beforeClouds(Lorg/spongepowered/asm/mixin/injection/callback/CallbackInfo;)V doesn't use it's CallbackInfo
[18:50:21] [Render thread/DEBUG] (FabricLoader/Mixin) fabric-rendering-v1.mixins.json:WorldRendererMixin from mod fabric-rendering-v1->@Inject::beforeClouds(Lorg/spongepowered/asm/mixin/injection/callback/CallbackInfo;)V has 0 override(s) in child classes
[18:50:21] [Render thread/DEBUG] (FabricLoader/Mixin) fabric-rendering-v1.mixins.json:WorldRendererMixin from mod fabric-rendering-v1->@Inject::beforeClouds(Lorg/spongepowered/asm/mixin/injection/callback/CallbackInfo;)V won't be passed a CallbackInfo as a result
[18:50:21] [Render thread/DEBUG] (FabricLoader/Mixin) fabric-rendering-v1.mixins.json:WorldRendererMixin from mod fabric-rendering-v1->@Inject::onChunkDebugRender(Lorg/spongepowered/asm/mixin/injection/callback/CallbackInfo;)V doesn't use it's CallbackInfo
[18:50:21] [Render thread/DEBUG] (FabricLoader/Mixin) fabric-rendering-v1.mixins.json:WorldRendererMixin from mod fabric-rendering-v1->@Inject::onChunkDebugRender(Lorg/spongepowered/asm/mixin/injection/callback/CallbackInfo;)V has 0 override(s) in child classes
[18:50:21] [Render thread/DEBUG] (FabricLoader/Mixin) fabric-rendering-v1.mixins.json:WorldRendererMixin from mod fabric-rendering-v1->@Inject::onChunkDebugRender(Lorg/spongepowered/asm/mixin/injection/callback/CallbackInfo;)V won't be passed a CallbackInfo as a result
[18:50:21] [Render thread/DEBUG] (FabricLoader/Mixin) fabric-rendering-v1.mixins.json:WorldRendererMixin from mod fabric-rendering-v1->@Inject::afterRender(Lorg/spongepowered/asm/mixin/injection/callback/CallbackInfo;)V doesn't use it's CallbackInfo
[18:50:21] [Render thread/DEBUG] (FabricLoader/Mixin) fabric-rendering-v1.mixins.json:WorldRendererMixin from mod fabric-rendering-v1->@Inject::afterRender(Lorg/spongepowered/asm/mixin/injection/callback/CallbackInfo;)V has 0 override(s) in child classes
[18:50:21] [Render thread/DEBUG] (FabricLoader/Mixin) fabric-rendering-v1.mixins.json:WorldRendererMixin from mod fabric-rendering-v1->@Inject::afterRender(Lorg/spongepowered/asm/mixin/injection/callback/CallbackInfo;)V won't be passed a CallbackInfo as a result
[18:50:21] [Render thread/DEBUG] (FabricLoader/Mixin) fabric-rendering-v1.mixins.json:WorldRendererMixin from mod fabric-rendering-v1->@Inject::onReload(Lorg/spongepowered/asm/mixin/injection/callback/CallbackInfo;)V doesn't use it's CallbackInfo
[18:50:21] [Render thread/DEBUG] (FabricLoader/Mixin) fabric-rendering-v1.mixins.json:WorldRendererMixin from mod fabric-rendering-v1->@Inject::onReload(Lorg/spongepowered/asm/mixin/injection/callback/CallbackInfo;)V has 0 override(s) in child classes
[18:50:21] [Render thread/DEBUG] (FabricLoader/Mixin) fabric-rendering-v1.mixins.json:WorldRendererMixin from mod fabric-rendering-v1->@Inject::onReload(Lorg/spongepowered/asm/mixin/injection/callback/CallbackInfo;)V won't be passed a CallbackInfo as a result
[18:50:21] [Render thread/DEBUG] (FabricLoader/Mixin) fabric-rendering-v1.mixins.json:WorldRendererMixin from mod fabric-rendering-v1->@Inject::renderWeather(Lnet/minecraft/client/renderer/LightTexture;FDDDLorg/spongepowered/asm/mixin/injection/callback/CallbackInfo;)V does use it's CallbackInfo
[18:50:21] [Render thread/DEBUG] (FabricLoader/Mixin) fabric-rendering-v1.mixins.json:WorldRendererMixin from mod fabric-rendering-v1->@Inject::renderCloud(Lcom/mojang/blaze3d/vertex/PoseStack;Lorg/joml/Matrix4f;Lorg/joml/Matrix4f;FDDDLorg/spongepowered/asm/mixin/injection/callback/CallbackInfo;)V does use it's CallbackInfo
[18:50:21] [Render thread/DEBUG] (FabricLoader/Mixin) fabric-rendering-v1.mixins.json:WorldRendererMixin from mod fabric-rendering-v1->@Inject::renderSky(Lorg/joml/Matrix4f;Lorg/joml/Matrix4f;FLnet/minecraft/client/Camera;ZLjava/lang/Runnable;Lorg/spongepowered/asm/mixin/injection/callback/CallbackInfo;)V does use it's CallbackInfo
[18:50:21] [Render thread/INFO] (Configured) Successfully loaded config provider: com.mrcrayfish.configured.impl.framework.FrameworkConfigProvider
[18:50:21] [Render thread/INFO] (Configured) Successfully loaded config provider: com.mrcrayfish.configured.impl.jei.JeiConfigProvider
[18:50:21] [Render thread/DEBUG] (FabricLoader/Mixin) Mixing accessor.ClientLoginNetworkHandlerAccessor from fabric-networking-api-v1.client.mixins.json into net.minecraft.client.multiplayer.ClientHandshakePacketListenerImpl
[18:50:21] [Render thread/DEBUG] (FabricLoader/Mixin) fabric-networking-api-v1.client.mixins.json:accessor.ClientLoginNetworkHandlerAccessor from mod fabric-networking-api-v1: Class version 65 required is higher than the class version supported by the current version of Mixin (JAVA_17 supports class version 61)
[18:50:21] [Render thread/DEBUG] (FabricLoader/Mixin) Mixing ClientLoginNetworkHandlerMixin from fabric-networking-api-v1.client.mixins.json into net.minecraft.client.multiplayer.ClientHandshakePacketListenerImpl
[18:50:21] [Render thread/DEBUG] (FabricLoader/Mixin) fabric-networking-api-v1.client.mixins.json:ClientLoginNetworkHandlerMixin from mod fabric-networking-api-v1: Class version 65 required is higher than the class version supported by the current version of Mixin (JAVA_17 supports class version 61)
[18:50:21] [Render thread/DEBUG] (FabricLoader/Mixin) fabric-networking-api-v1.client.mixins.json:ClientLoginNetworkHandlerMixin from mod fabric-networking-api-v1->@Inject::initAddon(Lorg/spongepowered/asm/mixin/injection/callback/CallbackInfo;)V doesn't use it's CallbackInfo
[18:50:21] [Render thread/DEBUG] (FabricLoader/Mixin) fabric-networking-api-v1.client.mixins.json:ClientLoginNetworkHandlerMixin from mod fabric-networking-api-v1->@Inject::initAddon(Lorg/spongepowered/asm/mixin/injection/callback/CallbackInfo;)V has 0 override(s) in child classes
[18:50:21] [Render thread/DEBUG] (FabricLoader/Mixin) fabric-networking-api-v1.client.mixins.json:ClientLoginNetworkHandlerMixin from mod fabric-networking-api-v1->@Inject::initAddon(Lorg/spongepowered/asm/mixin/injection/callback/CallbackInfo;)V won't be passed a CallbackInfo as a result
[18:50:21] [Render thread/DEBUG] (FabricLoader/Mixin) fabric-networking-api-v1.client.mixins.json:ClientLoginNetworkHandlerMixin from mod fabric-networking-api-v1->@Inject::handleQueryRequest(Lnet/minecraft/network/protocol/login/ClientboundCustomQueryPacket;Lorg/spongepowered/asm/mixin/injection/callback/CallbackInfo;)V does use it's CallbackInfo
[18:50:21] [Render thread/INFO] (net.fabricmc.fabric.impl.client.indigo.Indigo) [Indigo] Registering Indigo renderer!
[18:50:21] [Render thread/DEBUG] (mezz.jei.common.platform.Services) Loaded mezz.jei.fabric.platform.PlatformHelper@52785d6d for service interface mezz.jei.common.platform.IPlatformHelper
[18:50:21] [Render thread/DEBUG] (mezz.jei.common.config.file.ConfigSerializer) Loading config file: C:\Users\HP\IdeaProjects\BetterDeco-Muliloader\fabric\runs\client\config\jei\jei-debug.ini
[18:50:21] [Render thread/DEBUG] (mezz.jei.common.config.file.ConfigSchema) Localization has not loaded yet, waiting to save the config file until JEI starts.
[18:50:21] [Render thread/DEBUG] (mezz.jei.common.config.file.ConfigSerializer) Loading config file: C:\Users\HP\IdeaProjects\BetterDeco-Muliloader\fabric\runs\client\config\jei\jei-mod-id-format.ini
[18:50:21] [Render thread/DEBUG] (mezz.jei.common.config.file.ConfigSchema) Localization has not loaded yet, waiting to save the config file until JEI starts.
[18:50:21] [Render thread/DEBUG] (mezz.jei.common.config.file.ConfigSerializer) Loading config file: C:\Users\HP\IdeaProjects\BetterDeco-Muliloader\fabric\runs\client\config\jei\jei-colors.ini
[18:50:21] [Render thread/DEBUG] (mezz.jei.common.config.file.ConfigSchema) Localization has not loaded yet, waiting to save the config file until JEI starts.
[18:50:21] [Render thread/DEBUG] (mezz.jei.common.config.file.ConfigSerializer) Loading config file: C:\Users\HP\IdeaProjects\BetterDeco-Muliloader\fabric\runs\client\config\jei\jei-client.ini
[18:50:21] [Render thread/DEBUG] (mezz.jei.common.config.file.ConfigSchema) Localization has not loaded yet, waiting to save the config file until JEI starts.
[18:50:21] [Render thread/INFO] (mezz.jei.library.load.PluginCaller) Sending ConfigManager...
[18:50:21] [Render thread/DEBUG] (mezz.jei.library.load.PluginCallerTimerRunnable) Sending ConfigManager: jei:minecraft...
[18:50:21] [Render thread/DEBUG] (mezz.jei.library.load.PluginCallerTimerRunnable) Sending ConfigManager: better_deco:jei_plugin...
[18:50:21] [Render thread/DEBUG] (mezz.jei.library.load.PluginCallerTimerRunnable) Sending ConfigManager: configured:jei_plugin...
[18:50:21] [Render thread/DEBUG] (mezz.jei.library.load.PluginCallerTimerRunnable) Sending ConfigManager: jei:debug...
[18:50:21] [Render thread/DEBUG] (mezz.jei.library.load.PluginCallerTimerRunnable) Sending ConfigManager: jei:fabric_gui...
[18:50:21] [Render thread/DEBUG] (mezz.jei.library.load.PluginCallerTimerRunnable) Sending ConfigManager: jei:gui...
[18:50:21] [Render thread/DEBUG] (mezz.jei.library.load.PluginCallerTimerRunnable) Sending ConfigManager: jei:internal...
[18:50:21] [Render thread/INFO] (mezz.jei.library.load.PluginCaller) Sending ConfigManager took 3.179 milliseconds
[18:50:21] [Render thread/DEBUG] (FabricLoader/Mixin) Mixing ReloadableClientResourcesMixin from moonlight-common.mixins.json into net.minecraft.server.packs.resources.ReloadableResourceManager
[18:50:21] [Render thread/DEBUG] (FabricLoader/Mixin) moonlight-common.mixins.json:ReloadableClientResourcesMixin from mod moonlight: Class version 65 required is higher than the class version supported by the current version of Mixin (JAVA_17 supports class version 61)
[18:50:21] [Render thread/DEBUG] (FabricLoader/Mixin) Renaming synthetic method lambda$moonlight$clientDynamicPackEarlyReload$0(Lcom/llamalad7/mixinextras/injector/wrapoperation/Operation;Lnet/minecraft/server/packs/resources/ResourceManager;Ljava/util/List;Ljava/util/concurrent/Executor;Ljava/util/concurrent/Executor;Ljava/util/concurrent/CompletableFuture;Z)Lnet/minecraft/server/packs/resources/ReloadInstance; to md310282$moonlight$lambda$moonlight$clientDynamicPackEarlyReload$0$0 in moonlight-common.mixins.json:ReloadableClientResourcesMixin from mod moonlight
[18:50:21] [Render thread/DEBUG] (FabricLoader/Mixin) Mixing KeyedResourceReloadListenerClientMixin from fabric-resource-loader-v0.client.mixins.json into net.minecraft.client.renderer.texture.TextureManager
[18:50:21] [Render thread/DEBUG] (FabricLoader/Mixin) fabric-resource-loader-v0.client.mixins.json:KeyedResourceReloadListenerClientMixin from mod fabric-resource-loader-v0: Class version 65 required is higher than the class version supported by the current version of Mixin (JAVA_17 supports class version 61)
[18:50:21] [Render thread/INFO] (Moonlight) Initialized block sets in 16ms
[18:50:21] [Render thread/INFO] (Every Compat) module[ BetterDeco @ better_deco ]: registered 34 WoodType blocks
[18:50:21] [Render thread/INFO] (Moonlight) Loaded config everycomp-entries.json
[18:50:21] [Render thread/INFO] (Every Compat) Every Compat has loaded 1 modules: [better_deco]
[18:50:21] [Render thread/INFO] (Every Compat) Registered 34 compat blocks making up 1,53% of total blocks registered
[18:50:21] [Render thread/ERROR] (Every Compat) Module module[ BetterDeco @ better_deco ] had an entry set net.mehvahdjukaar.every_compat.api.SimpleEntrySet@35cf34ed without a tab. Are you sure about this?
[18:50:21] [Render thread/ERROR] (Every Compat) Module module[ BetterDeco @ better_deco ] had an entry set net.mehvahdjukaar.every_compat.api.SimpleEntrySet@327452ed without a tab. Are you sure about this?
[18:50:21] [Render thread/INFO] (Moonlight) Initialized color sets in 25ms
[18:50:21] [Render thread/DEBUG] (FabricLoader/Mixin) Mixing ParticleManagerMixin from fabric-particles-v1.client.mixins.json into net.minecraft.client.particle.ParticleEngine
[18:50:21] [Render thread/DEBUG] (FabricLoader/Mixin) fabric-particles-v1.client.mixins.json:ParticleManagerMixin from mod fabric-particles-v1: Class version 65 required is higher than the class version supported by the current version of Mixin (JAVA_17 supports class version 61)
[18:50:21] [Render thread/DEBUG] (FabricLoader/Mixin) Mixing ParticleManagerAccessor from fabric-particles-v1.client.mixins.json into net.minecraft.client.particle.ParticleEngine
[18:50:21] [Render thread/DEBUG] (FabricLoader/Mixin) fabric-particles-v1.client.mixins.json:ParticleManagerAccessor from mod fabric-particles-v1: Class version 65 required is higher than the class version supported by the current version of Mixin (JAVA_17 supports class version 61)
[18:50:21] [Render thread/DEBUG] (FabricLoader/Mixin) Mixing ParticleEngineAccessor from moonlight.mixins.json into net.minecraft.client.particle.ParticleEngine
[18:50:21] [Render thread/DEBUG] (FabricLoader/Mixin) moonlight.mixins.json:ParticleEngineAccessor from mod moonlight: Class version 65 required is higher than the class version supported by the current version of Mixin (JAVA_17 supports class version 61)
[18:50:21] [Render thread/DEBUG] (FabricLoader/Mixin) Mixing ParticleManagerMixin from fabric-registry-sync-v0.client.mixins.json into net.minecraft.client.particle.ParticleEngine
[18:50:21] [Render thread/DEBUG] (FabricLoader/Mixin) fabric-registry-sync-v0.client.mixins.json:ParticleManagerMixin from mod fabric-registry-sync-v0: Class version 65 required is higher than the class version supported by the current version of Mixin (JAVA_17 supports class version 61)
[18:50:21] [Render thread/DEBUG] (FabricLoader/Mixin) fabric-particles-v1.client.mixins.json:ParticleManagerMixin from mod fabric-particles-v1->@Inject::onRegisterDefaultFactories(Lorg/spongepowered/asm/mixin/injection/callback/CallbackInfo;)V doesn't use it's CallbackInfo
[18:50:21] [Render thread/DEBUG] (FabricLoader/Mixin) fabric-particles-v1.client.mixins.json:ParticleManagerMixin from mod fabric-particles-v1->@Inject::onRegisterDefaultFactories(Lorg/spongepowered/asm/mixin/injection/callback/CallbackInfo;)V has 0 override(s) in child classes
[18:50:21] [Render thread/DEBUG] (FabricLoader/Mixin) fabric-particles-v1.client.mixins.json:ParticleManagerMixin from mod fabric-particles-v1->@Inject::onRegisterDefaultFactories(Lorg/spongepowered/asm/mixin/injection/callback/CallbackInfo;)V won't be passed a CallbackInfo as a result
[18:50:21] [Render thread/DEBUG] (FabricLoader/Mixin) fabric-registry-sync-v0.client.mixins.json:ParticleManagerMixin from mod fabric-registry-sync-v0->@Inject::onInit(Lnet/minecraft/client/multiplayer/ClientLevel;Lnet/minecraft/client/renderer/texture/TextureManager;Lorg/spongepowered/asm/mixin/injection/callback/CallbackInfo;)V doesn't use it's CallbackInfo
[18:50:21] [Render thread/DEBUG] (FabricLoader/Mixin) fabric-registry-sync-v0.client.mixins.json:ParticleManagerMixin from mod fabric-registry-sync-v0->@Inject::onInit(Lnet/minecraft/client/multiplayer/ClientLevel;Lnet/minecraft/client/renderer/texture/TextureManager;Lorg/spongepowered/asm/mixin/injection/callback/CallbackInfo;)V has 0 override(s) in child classes
[18:50:21] [Render thread/DEBUG] (FabricLoader/Mixin) fabric-registry-sync-v0.client.mixins.json:ParticleManagerMixin from mod fabric-registry-sync-v0->@Inject::onInit(Lnet/minecraft/client/multiplayer/ClientLevel;Lnet/minecraft/client/renderer/texture/TextureManager;Lorg/spongepowered/asm/mixin/injection/callback/CallbackInfo;)V won't be passed a CallbackInfo as a result
[18:50:21] [Render thread/DEBUG] (FabricLoader/Mixin) Mixing BlockDustParticleMixin from fabric-particles-v1.client.mixins.json into net.minecraft.client.particle.TerrainParticle
[18:50:21] [Render thread/DEBUG] (FabricLoader/Mixin) fabric-particles-v1.client.mixins.json:BlockDustParticleMixin from mod fabric-particles-v1: Class version 65 required is higher than the class version supported by the current version of Mixin (JAVA_17 supports class version 61)
[18:50:21] [Render thread/DEBUG] (FabricLoader/Mixin) Mixing EntityModelLayersMixin from fabric-object-builder-v1.client.mixins.json into net.minecraft.client.model.geom.ModelLayers
[18:50:21] [Render thread/DEBUG] (FabricLoader/Mixin) fabric-object-builder-v1.client.mixins.json:EntityModelLayersMixin from mod fabric-object-builder-api-v1: Class version 65 required is higher than the class version supported by the current version of Mixin (JAVA_17 supports class version 61)
[18:50:21] [Render thread/DEBUG] (FabricLoader/Mixin) Mixing EntityModelLayersAccessor from fabric-rendering-v1.mixins.json into net.minecraft.client.model.geom.ModelLayers
[18:50:21] [Render thread/DEBUG] (FabricLoader/Mixin) fabric-rendering-v1.mixins.json:EntityModelLayersAccessor from mod fabric-rendering-v1: Class version 65 required is higher than the class version supported by the current version of Mixin (JAVA_17 supports class version 61)
[18:50:21] [Render thread/DEBUG] (FabricLoader/Mixin) fabric-object-builder-v1.client.mixins.json:EntityModelLayersMixin from mod fabric-object-builder-api-v1->@Inject::createSign(Lnet/minecraft/world/level/block/state/properties/WoodType;Lorg/spongepowered/asm/mixin/injection/callback/CallbackInfoReturnable;)V does use it's CallbackInfoReturnable
[18:50:21] [Render thread/DEBUG] (FabricLoader/Mixin) fabric-object-builder-v1.client.mixins.json:EntityModelLayersMixin from mod fabric-object-builder-api-v1->@Inject::createHangingSign(Lnet/minecraft/world/level/block/state/properties/WoodType;Lorg/spongepowered/asm/mixin/injection/callback/CallbackInfoReturnable;)V does use it's CallbackInfoReturnable
[18:50:21] [Render thread/ERROR] (net.minecraft.Util) Registry 'moonlight:world_saved_data_type' was empty after loading
[18:50:21] [Render thread/ERROR] (net.minecraft.Util) Registry 'moonlight:custom_map_data_types' was empty after loading
[18:50:21] [Render thread/DEBUG] (FabricLoader/Mixin) Mixing GameOptionsMixin from fabric-key-binding-api-v1.mixins.json into net.minecraft.client.Options
[18:50:21] [Render thread/DEBUG] (FabricLoader/Mixin) fabric-key-binding-api-v1.mixins.json:GameOptionsMixin from mod fabric-key-binding-api-v1: Class version 65 required is higher than the class version supported by the current version of Mixin (JAVA_17 supports class version 61)
[18:50:21] [Render thread/DEBUG] (FabricLoader/Mixin) Mixing client.OptionsMixin from framework.mixins.json into net.minecraft.client.Options
[18:50:21] [Render thread/DEBUG] (FabricLoader/Mixin) Mixing GameOptionsMixin from fabric-resource-loader-v0.client.mixins.json into net.minecraft.client.Options
[18:50:21] [Render thread/DEBUG] (FabricLoader/Mixin) fabric-resource-loader-v0.client.mixins.json:GameOptionsMixin from mod fabric-resource-loader-v0: Class version 65 required is higher than the class version supported by the current version of Mixin (JAVA_17 supports class version 61)
[18:50:21] [Render thread/DEBUG] (FabricLoader/Mixin) fabric-key-binding-api-v1.mixins.json:GameOptionsMixin from mod fabric-key-binding-api-v1->@Inject::loadHook(Lorg/spongepowered/asm/mixin/injection/callback/CallbackInfo;)V doesn't use it's CallbackInfo
[18:50:21] [Render thread/DEBUG] (FabricLoader/Mixin) fabric-key-binding-api-v1.mixins.json:GameOptionsMixin from mod fabric-key-binding-api-v1->@Inject::loadHook(Lorg/spongepowered/asm/mixin/injection/callback/CallbackInfo;)V has 0 override(s) in child classes
[18:50:21] [Render thread/DEBUG] (FabricLoader/Mixin) fabric-key-binding-api-v1.mixins.json:GameOptionsMixin from mod fabric-key-binding-api-v1->@Inject::loadHook(Lorg/spongepowered/asm/mixin/injection/callback/CallbackInfo;)V won't be passed a CallbackInfo as a result
[18:50:21] [Render thread/DEBUG] (FabricLoader/Mixin) framework.mixins.json:client.OptionsMixin from mod framework->@Inject::frameworkInit(Lnet/minecraft/client/Minecraft;Ljava/io/File;Lorg/spongepowered/asm/mixin/injection/callback/CallbackInfo;)V doesn't use it's CallbackInfo
[18:50:21] [Render thread/DEBUG] (FabricLoader/Mixin) framework.mixins.json:client.OptionsMixin from mod framework->@Inject::frameworkInit(Lnet/minecraft/client/Minecraft;Ljava/io/File;Lorg/spongepowered/asm/mixin/injection/callback/CallbackInfo;)V has 0 override(s) in child classes
[18:50:21] [Render thread/DEBUG] (FabricLoader/Mixin) framework.mixins.json:client.OptionsMixin from mod framework->@Inject::frameworkInit(Lnet/minecraft/client/Minecraft;Ljava/io/File;Lorg/spongepowered/asm/mixin/injection/callback/CallbackInfo;)V won't be passed a CallbackInfo as a result
[18:50:21] [Render thread/DEBUG] (FabricLoader/Mixin) fabric-resource-loader-v0.client.mixins.json:GameOptionsMixin from mod fabric-resource-loader-v0->@Inject::onLoad(Lorg/spongepowered/asm/mixin/injection/callback/CallbackInfo;)V doesn't use it's CallbackInfo
[18:50:21] [Render thread/DEBUG] (FabricLoader/Mixin) fabric-resource-loader-v0.client.mixins.json:GameOptionsMixin from mod fabric-resource-loader-v0->@Inject::onLoad(Lorg/spongepowered/asm/mixin/injection/callback/CallbackInfo;)V has 0 override(s) in child classes
[18:50:21] [Render thread/DEBUG] (FabricLoader/Mixin) fabric-resource-loader-v0.client.mixins.json:GameOptionsMixin from mod fabric-resource-loader-v0->@Inject::onLoad(Lorg/spongepowered/asm/mixin/injection/callback/CallbackInfo;)V won't be passed a CallbackInfo as a result
[18:50:21] [Render thread/DEBUG] (FabricLoader/Mixin) fabric-resource-loader-v0.client.mixins.json:GameOptionsMixin from mod fabric-resource-loader-v0->@Inject::onLoad(Lorg/spongepowered/asm/mixin/injection/callback/CallbackInfo;)V doesn't use it's CallbackInfo
[18:50:21] [Render thread/DEBUG] (FabricLoader/Mixin) fabric-resource-loader-v0.client.mixins.json:GameOptionsMixin from mod fabric-resource-loader-v0->@Inject::onLoad(Lorg/spongepowered/asm/mixin/injection/callback/CallbackInfo;)V has 0 override(s) in child classes
[18:50:21] [Render thread/DEBUG] (FabricLoader/Mixin) fabric-resource-loader-v0.client.mixins.json:GameOptionsMixin from mod fabric-resource-loader-v0->@Inject::onLoad(Lorg/spongepowered/asm/mixin/injection/callback/CallbackInfo;)V won't be passed a CallbackInfo as a result
[18:50:22] [Render thread/INFO] (net.minecraft.client.Minecraft) Backend library: LWJGL version 3.3.3-snapshot
[18:50:22] [Render thread/DEBUG] (FabricLoader/Mixin) Mixing client.MouseHandlerMixin from framework.mixins.json into net.minecraft.client.MouseHandler
[18:50:22] [Render thread/DEBUG] (FabricLoader/Mixin) Mixing MouseMixin from fabric-screen-api-v1.mixins.json into net.minecraft.client.MouseHandler
[18:50:22] [Render thread/DEBUG] (FabricLoader/Mixin) fabric-screen-api-v1.mixins.json:MouseMixin from mod fabric-screen-api-v1: Class version 65 required is higher than the class version supported by the current version of Mixin (JAVA_17 supports class version 61)
[18:50:22] [Render thread/DEBUG] (FabricLoader/Mixin) fabric-screen-api-v1.mixins.json:MouseMixin from mod fabric-screen-api-v1->@Inject::beforeMouseClickedEvent([ZLnet/minecraft/client/gui/screens/Screen;DDILorg/spongepowered/asm/mixin/injection/callback/CallbackInfo;)V does use it's CallbackInfo
[18:50:22] [Render thread/DEBUG] (FabricLoader/Mixin) fabric-screen-api-v1.mixins.json:MouseMixin from mod fabric-screen-api-v1->@Inject::afterMouseClickedEvent([ZLnet/minecraft/client/gui/screens/Screen;DDILorg/spongepowered/asm/mixin/injection/callback/CallbackInfo;)V doesn't use it's CallbackInfo
[18:50:22] [Render thread/DEBUG] (FabricLoader/Mixin) fabric-screen-api-v1.mixins.json:MouseMixin from mod fabric-screen-api-v1->@Inject::beforeMouseReleasedEvent([ZLnet/minecraft/client/gui/screens/Screen;DDILorg/spongepowered/asm/mixin/injection/callback/CallbackInfo;)V does use it's CallbackInfo
[18:50:22] [Render thread/DEBUG] (FabricLoader/Mixin) fabric-screen-api-v1.mixins.json:MouseMixin from mod fabric-screen-api-v1->@Inject::afterMouseReleasedEvent([ZLnet/minecraft/client/gui/screens/Screen;DDILorg/spongepowered/asm/mixin/injection/callback/CallbackInfo;)V doesn't use it's CallbackInfo
[18:50:22] [Render thread/DEBUG] (FabricLoader/Mixin) fabric-screen-api-v1.mixins.json:MouseMixin from mod fabric-screen-api-v1->@Inject::beforeMouseScrollEvent(JDDLorg/spongepowered/asm/mixin/injection/callback/CallbackInfo;ZDDDDD)V does use it's CallbackInfo
[18:50:22] [Render thread/DEBUG] (FabricLoader/Mixin) fabric-screen-api-v1.mixins.json:MouseMixin from mod fabric-screen-api-v1->@Inject::afterMouseScrollEvent(JDDLorg/spongepowered/asm/mixin/injection/callback/CallbackInfo;ZDDDDD)V doesn't use it's CallbackInfo
[18:50:22] [Render thread/DEBUG] (FabricLoader/Mixin) fabric-screen-api-v1.mixins.json:MouseMixin from mod fabric-screen-api-v1->@Inject::afterMouseScrollEvent(JDDLorg/spongepowered/asm/mixin/injection/callback/CallbackInfo;ZDDDDD)V has 0 override(s) in child classes
[18:50:22] [Render thread/DEBUG] (FabricLoader/Mixin) fabric-screen-api-v1.mixins.json:MouseMixin from mod fabric-screen-api-v1->@Inject::afterMouseScrollEvent(JDDLorg/spongepowered/asm/mixin/injection/callback/CallbackInfo;ZDDDDD)V won't be passed a CallbackInfo as a result
[18:50:22] [Render thread/DEBUG] (FabricLoader/Mixin) Mixing client.KeyboardHandlerMixin from framework.mixins.json into net.minecraft.client.KeyboardHandler
[18:50:22] [Render thread/DEBUG] (FabricLoader/Mixin) Mixing KeyboardHandlerMixin from jei.mixins.json into net.minecraft.client.KeyboardHandler
[18:50:22] [Render thread/DEBUG] (FabricLoader/Mixin) Mixing KeyboardMixin from fabric-screen-api-v1.mixins.json into net.minecraft.client.KeyboardHandler
[18:50:22] [Render thread/DEBUG] (FabricLoader/Mixin) fabric-screen-api-v1.mixins.json:KeyboardMixin from mod fabric-screen-api-v1: Class version 65 required is higher than the class version supported by the current version of Mixin (JAVA_17 supports class version 61)
[18:50:22] [Render thread/DEBUG] (FabricLoader/Mixin) framework.mixins.json:client.KeyboardHandlerMixin from mod framework->@Inject::frameworkOnKeyEvent(JIIIILorg/spongepowered/asm/mixin/injection/callback/CallbackInfo;)V doesn't use it's CallbackInfo
[18:50:22] [Render thread/DEBUG] (FabricLoader/Mixin) framework.mixins.json:client.KeyboardHandlerMixin from mod framework->@Inject::frameworkOnKeyEvent(JIIIILorg/spongepowered/asm/mixin/injection/callback/CallbackInfo;)V has 0 override(s) in child classes
[18:50:22] [Render thread/DEBUG] (FabricLoader/Mixin) framework.mixins.json:client.KeyboardHandlerMixin from mod framework->@Inject::frameworkOnKeyEvent(JIIIILorg/spongepowered/asm/mixin/injection/callback/CallbackInfo;)V won't be passed a CallbackInfo as a result
[18:50:22] [Render thread/DEBUG] (FabricLoader/Mixin) jei.mixins.json:KeyboardHandlerMixin from mod jei->@Inject::beforeCharTypedEvent(Lnet/minecraft/client/gui/components/events/GuiEventListener;IILorg/spongepowered/asm/mixin/injection/callback/CallbackInfo;)V does use it's CallbackInfo
[18:50:22] [Render thread/DEBUG] (FabricLoader/Mixin) jei.mixins.json:KeyboardHandlerMixin from mod jei->@Inject::beforeCharTypedEvent2(Lnet/minecraft/client/gui/components/events/GuiEventListener;CILorg/spongepowered/asm/mixin/injection/callback/CallbackInfo;)V does use it's CallbackInfo
[18:50:22] [Render thread/DEBUG] (FabricLoader/Mixin) jei.mixins.json:KeyboardHandlerMixin from mod jei->@Inject::afterCharTypedEvent(Lnet/minecraft/client/gui/components/events/GuiEventListener;IILorg/spongepowered/asm/mixin/injection/callback/CallbackInfo;)V does use it's CallbackInfo
[18:50:22] [Render thread/DEBUG] (FabricLoader/Mixin) jei.mixins.json:KeyboardHandlerMixin from mod jei->@Inject::afterCharTypedEvent2(Lnet/minecraft/client/gui/components/events/GuiEventListener;CILorg/spongepowered/asm/mixin/injection/callback/CallbackInfo;)V does use it's CallbackInfo
[18:50:22] [Render thread/DEBUG] (FabricLoader/Mixin) fabric-screen-api-v1.mixins.json:KeyboardMixin from mod fabric-screen-api-v1->@Inject::beforeKeyPressedEvent(ILnet/minecraft/client/gui/screens/Screen;[ZIIILorg/spongepowered/asm/mixin/injection/callback/CallbackInfo;)V does use it's CallbackInfo
[18:50:22] [Render thread/DEBUG] (FabricLoader/Mixin) fabric-screen-api-v1.mixins.json:KeyboardMixin from mod fabric-screen-api-v1->@Inject::afterKeyPressedEvent(ILnet/minecraft/client/gui/screens/Screen;[ZIIILorg/spongepowered/asm/mixin/injection/callback/CallbackInfo;)V doesn't use it's CallbackInfo
[18:50:22] [Render thread/DEBUG] (FabricLoader/Mixin) fabric-screen-api-v1.mixins.json:KeyboardMixin from mod fabric-screen-api-v1->@Inject::beforeKeyReleasedEvent(ILnet/minecraft/client/gui/screens/Screen;[ZIIILorg/spongepowered/asm/mixin/injection/callback/CallbackInfo;)V does use it's CallbackInfo
[18:50:22] [Render thread/DEBUG] (FabricLoader/Mixin) fabric-screen-api-v1.mixins.json:KeyboardMixin from mod fabric-screen-api-v1->@Inject::afterKeyReleasedEvent(ILnet/minecraft/client/gui/screens/Screen;[ZIIILorg/spongepowered/asm/mixin/injection/callback/CallbackInfo;)V doesn't use it's CallbackInfo
[18:50:22] [Render thread/DEBUG] (FabricLoader/Mixin) Mixing LifecycledResourceManagerImplMixin from fabric-resource-loader-v0.mixins.json into net.minecraft.server.packs.resources.MultiPackResourceManager
[18:50:22] [Render thread/DEBUG] (FabricLoader/Mixin) fabric-resource-loader-v0.mixins.json:LifecycledResourceManagerImplMixin from mod fabric-resource-loader-v0: Class version 65 required is higher than the class version supported by the current version of Mixin (JAVA_17 supports class version 61)
[18:50:22] [Render thread/DEBUG] (FabricLoader/Mixin) fabric-resource-loader-v0.mixins.json:LifecycledResourceManagerImplMixin from mod fabric-resource-loader-v0->@Inject::init(Lnet/minecraft/server/packs/PackType;Ljava/util/List;Lorg/spongepowered/asm/mixin/injection/callback/CallbackInfo;)V doesn't use it's CallbackInfo
[18:50:22] [Render thread/DEBUG] (FabricLoader/Mixin) fabric-resource-loader-v0.mixins.json:LifecycledResourceManagerImplMixin from mod fabric-resource-loader-v0->@Inject::init(Lnet/minecraft/server/packs/PackType;Ljava/util/List;Lorg/spongepowered/asm/mixin/injection/callback/CallbackInfo;)V has 0 override(s) in child classes
[18:50:22] [Render thread/DEBUG] (FabricLoader/Mixin) fabric-resource-loader-v0.mixins.json:LifecycledResourceManagerImplMixin from mod fabric-resource-loader-v0->@Inject::init(Lnet/minecraft/server/packs/PackType;Ljava/util/List;Lorg/spongepowered/asm/mixin/injection/callback/CallbackInfo;)V won't be passed a CallbackInfo as a result
[18:50:23] [Render thread/INFO] (Moonlight) Merging 2 images using mode MIN_AREA_NO_UPSCALE
[18:50:23] [Render thread/DEBUG] (net.fabricmc.fabric.impl.resource.loader.ModResourcePackUtil) [Fabric] Starting internal pack sorting with: [vanilla, better_deco, catalogue, configured, everycomp, fabric, fabric-api, fabric-api-base, fabric-api-lookup-api-v1, fabric-biome-api-v1, fabric-block-api-v1, fabric-block-view-api-v2, fabric-blockrenderlayer-v1, fabric-client-tags-api-v1, fabric-command-api-v1, fabric-command-api-v2, fabric-commands-v0, fabric-content-registries-v0, fabric-convention-tags-v1, fabric-convention-tags-v2, fabric-crash-report-info-v1, fabric-data-attachment-api-v1, fabric-data-generation-api-v1, fabric-dimensions-v1, fabric-entity-events-v1, fabric-events-interaction-v0, fabric-game-rule-api-v1, fabric-gametest-api-v1, fabric-item-api-v1, fabric-item-group-api-v1, fabric-item-group-api-v1_programmer_art, fabric-key-binding-api-v1, fabric-keybindings-v0, fabric-lifecycle-events-v1, fabric-loot-api-v2, fabric-loot-api-v3, fabric-message-api-v1, fabric-model-loading-api-v1, fabric-networking-api-v1, fabric-object-builder-api-v1, fabric-particles-v1, fabric-recipe-api-v1, fabric-registry-sync-v0, fabric-renderer-api-v1, fabric-renderer-indigo, fabric-renderer-registries-v1, fabric-rendering-data-attachment-v1, fabric-rendering-fluids-v1, fabric-rendering-v0, fabric-rendering-v1, fabric-resource-conditions-api-v1, fabric-resource-loader-v0, fabric-screen-api-v1, fabric-screen-handler-api-v1, fabric-sound-api-v1, fabric-transfer-api-v1, fabric-transitive-access-wideners-v1, fabricloader, framework, jei, menulogue, moonlight, moonlight:merged_pack, natures_spirit, terrablender]
[18:50:23] [Render thread/DEBUG] (net.fabricmc.fabric.impl.resource.loader.ModResourcePackUtil) [Fabric] Removed all internal packs, result: [vanilla, fabric, moonlight:merged_pack]
[18:50:23] [Render thread/DEBUG] (net.fabricmc.fabric.impl.resource.loader.ModResourcePackUtil) [Fabric] cur @ fabric, auto-enabled better_deco, currently enabled: [vanilla, fabric, better_deco]
[18:50:23] [Render thread/DEBUG] (net.fabricmc.fabric.impl.resource.loader.ModResourcePackUtil) [Fabric] cur @ fabric, auto-enabled catalogue, currently enabled: [vanilla, fabric, better_deco, catalogue]
[18:50:23] [Render thread/DEBUG] (net.fabricmc.fabric.impl.resource.loader.ModResourcePackUtil) [Fabric] cur @ fabric, auto-enabled configured, currently enabled: [vanilla, fabric, better_deco, catalogue, configured]
[18:50:23] [Render thread/DEBUG] (net.fabricmc.fabric.impl.resource.loader.ModResourcePackUtil) [Fabric] cur @ fabric, auto-enabled everycomp, currently enabled: [vanilla, fabric, better_deco, catalogue, configured, everycomp]
[18:50:23] [Render thread/DEBUG] (net.fabricmc.fabric.impl.resource.loader.ModResourcePackUtil) [Fabric] cur @ fabric, auto-enabled fabric-api, currently enabled: [vanilla, fabric, better_deco, catalogue, configured, everycomp, fabric-api]
[18:50:23] [Render thread/DEBUG] (net.fabricmc.fabric.impl.resource.loader.ModResourcePackUtil) [Fabric] cur @ fabric, auto-enabled fabric-api-base, currently enabled: [vanilla, fabric, better_deco, catalogue, configured, everycomp, fabric-api, fabric-api-base]
[18:50:23] [Render thread/DEBUG] (net.fabricmc.fabric.impl.resource.loader.ModResourcePackUtil) [Fabric] cur @ fabric, auto-enabled fabric-api-lookup-api-v1, currently enabled: [vanilla, fabric, better_deco, catalogue, configured, everycomp, fabric-api, fabric-api-base, fabric-api-lookup-api-v1]
[18:50:23] [Render thread/DEBUG] (net.fabricmc.fabric.impl.resource.loader.ModResourcePackUtil) [Fabric] cur @ fabric, auto-enabled fabric-biome-api-v1, currently enabled: [vanilla, fabric, better_deco, catalogue, configured, everycomp, fabric-api, fabric-api-base, fabric-api-lookup-api-v1, fabric-biome-api-v1]
[18:50:23] [Render thread/DEBUG] (net.fabricmc.fabric.impl.resource.loader.ModResourcePackUtil) [Fabric] cur @ fabric, auto-enabled fabric-block-api-v1, currently enabled: [vanilla, fabric, better_deco, catalogue, configured, everycomp, fabric-api, fabric-api-base, fabric-api-lookup-api-v1, fabric-biome-api-v1, fabric-block-api-v1]
[18:50:23] [Render thread/DEBUG] (net.fabricmc.fabric.impl.resource.loader.ModResourcePackUtil) [Fabric] cur @ fabric, auto-enabled fabric-block-view-api-v2, currently enabled: [vanilla, fabric, better_deco, catalogue, configured, everycomp, fabric-api, fabric-api-base, fabric-api-lookup-api-v1, fabric-biome-api-v1, fabric-block-api-v1, fabric-block-view-api-v2]
[18:50:23] [Render thread/DEBUG] (net.fabricmc.fabric.impl.resource.loader.ModResourcePackUtil) [Fabric] cur @ fabric, auto-enabled fabric-blockrenderlayer-v1, currently enabled: [vanilla, fabric, better_deco, catalogue, configured, everycomp, fabric-api, fabric-api-base, fabric-api-lookup-api-v1, fabric-biome-api-v1, fabric-block-api-v1, fabric-block-view-api-v2, fabric-blockrenderlayer-v1]
[18:50:23] [Render thread/DEBUG] (net.fabricmc.fabric.impl.resource.loader.ModResourcePackUtil) [Fabric] cur @ fabric, auto-enabled fabric-client-tags-api-v1, currently enabled: [vanilla, fabric, better_deco, catalogue, configured, everycomp, fabric-api, fabric-api-base, fabric-api-lookup-api-v1, fabric-biome-api-v1, fabric-block-api-v1, fabric-block-view-api-v2, fabric-blockrenderlayer-v1, fabric-client-tags-api-v1]
[18:50:23] [Render thread/DEBUG] (net.fabricmc.fabric.impl.resource.loader.ModResourcePackUtil) [Fabric] cur @ fabric, auto-enabled fabric-command-api-v1, currently enabled: [vanilla, fabric, better_deco, catalogue, configured, everycomp, fabric-api, fabric-api-base, fabric-api-lookup-api-v1, fabric-biome-api-v1, fabric-block-api-v1, fabric-block-view-api-v2, fabric-blockrenderlayer-v1, fabric-client-tags-api-v1, fabric-command-api-v1]
[18:50:23] [Render thread/DEBUG] (net.fabricmc.fabric.impl.resource.loader.ModResourcePackUtil) [Fabric] cur @ fabric, auto-enabled fabric-command-api-v2, currently enabled: [vanilla, fabric, better_deco, catalogue, configured, everycomp, fabric-api, fabric-api-base, fabric-api-lookup-api-v1, fabric-biome-api-v1, fabric-block-api-v1, fabric-block-view-api-v2, fabric-blockrenderlayer-v1, fabric-client-tags-api-v1, fabric-command-api-v1, fabric-command-api-v2]
[18:50:23] [Render thread/DEBUG] (net.fabricmc.fabric.impl.resource.loader.ModResourcePackUtil) [Fabric] cur @ fabric, auto-enabled fabric-commands-v0, currently enabled: [vanilla, fabric, better_deco, catalogue, configured, everycomp, fabric-api, fabric-api-base, fabric-api-lookup-api-v1, fabric-biome-api-v1, fabric-block-api-v1, fabric-block-view-api-v2, fabric-blockrenderlayer-v1, fabric-client-tags-api-v1, fabric-command-api-v1, fabric-command-api-v2, fabric-commands-v0]
[18:50:23] [Render thread/DEBUG] (net.fabricmc.fabric.impl.resource.loader.ModResourcePackUtil) [Fabric] cur @ fabric, auto-enabled fabric-content-registries-v0, currently enabled: [vanilla, fabric, better_deco, catalogue, configured, everycomp, fabric-api, fabric-api-base, fabric-api-lookup-api-v1, fabric-biome-api-v1, fabric-block-api-v1, fabric-block-view-api-v2, fabric-blockrenderlayer-v1, fabric-client-tags-api-v1, fabric-command-api-v1, fabric-command-api-v2, fabric-commands-v0, fabric-content-registries-v0]
[18:50:23] [Render thread/DEBUG] (net.fabricmc.fabric.impl.resource.loader.ModResourcePackUtil) [Fabric] cur @ fabric, auto-enabled fabric-convention-tags-v1, currently enabled: [vanilla, fabric, better_deco, catalogue, configured, everycomp, fabric-api, fabric-api-base, fabric-api-lookup-api-v1, fabric-biome-api-v1, fabric-block-api-v1, fabric-block-view-api-v2, fabric-blockrenderlayer-v1, fabric-client-tags-api-v1, fabric-command-api-v1, fabric-command-api-v2, fabric-commands-v0, fabric-content-registries-v0, fabric-convention-tags-v1]
[18:50:23] [Render thread/DEBUG] (net.fabricmc.fabric.impl.resource.loader.ModResourcePackUtil) [Fabric] cur @ fabric, auto-enabled fabric-convention-tags-v2, currently enabled: [vanilla, fabric, better_deco, catalogue, configured, everycomp, fabric-api, fabric-api-base, fabric-api-lookup-api-v1, fabric-biome-api-v1, fabric-block-api-v1, fabric-block-view-api-v2, fabric-blockrenderlayer-v1, fabric-client-tags-api-v1, fabric-command-api-v1, fabric-command-api-v2, fabric-commands-v0, fabric-content-registries-v0, fabric-convention-tags-v1, fabric-convention-tags-v2]
[18:50:23] [Render thread/DEBUG] (net.fabricmc.fabric.impl.resource.loader.ModResourcePackUtil) [Fabric] cur @ fabric, auto-enabled fabric-crash-report-info-v1, currently enabled: [vanilla, fabric, better_deco, catalogue, configured, everycomp, fabric-api, fabric-api-base, fabric-api-lookup-api-v1, fabric-biome-api-v1, fabric-block-api-v1, fabric-block-view-api-v2, fabric-blockrenderlayer-v1, fabric-client-tags-api-v1, fabric-command-api-v1, fabric-command-api-v2, fabric-commands-v0, fabric-content-registries-v0, fabric-convention-tags-v1, fabric-convention-tags-v2, fabric-crash-report-info-v1]
[18:50:23] [Render thread/DEBUG] (net.fabricmc.fabric.impl.resource.loader.ModResourcePackUtil) [Fabric] cur @ fabric, auto-enabled fabric-data-attachment-api-v1, currently enabled: [vanilla, fabric, better_deco, catalogue, configured, everycomp, fabric-api, fabric-api-base, fabric-api-lookup-api-v1, fabric-biome-api-v1, fabric-block-api-v1, fabric-block-view-api-v2, fabric-blockrenderlayer-v1, fabric-client-tags-api-v1, fabric-command-api-v1, fabric-command-api-v2, fabric-commands-v0, fabric-content-registries-v0, fabric-convention-tags-v1, fabric-convention-tags-v2, fabric-crash-report-info-v1, fabric-data-attachment-api-v1]
[18:50:23] [Render thread/DEBUG] (net.fabricmc.fabric.impl.resource.loader.ModResourcePackUtil) [Fabric] cur @ fabric, auto-enabled fabric-data-generation-api-v1, currently enabled: [vanilla, fabric, better_deco, catalogue, configured, everycomp, fabric-api, fabric-api-base, fabric-api-lookup-api-v1, fabric-biome-api-v1, fabric-block-api-v1, fabric-block-view-api-v2, fabric-blockrenderlayer-v1, fabric-client-tags-api-v1, fabric-command-api-v1, fabric-command-api-v2, fabric-commands-v0, fabric-content-registries-v0, fabric-convention-tags-v1, fabric-convention-tags-v2, fabric-crash-report-info-v1, fabric-data-attachment-api-v1, fabric-data-generation-api-v1]
[18:50:23] [Render thread/DEBUG] (net.fabricmc.fabric.impl.resource.loader.ModResourcePackUtil) [Fabric] cur @ fabric, auto-enabled fabric-dimensions-v1, currently enabled: [vanilla, fabric, better_deco, catalogue, configured, everycomp, fabric-api, fabric-api-base, fabric-api-lookup-api-v1, fabric-biome-api-v1, fabric-block-api-v1, fabric-block-view-api-v2, fabric-blockrenderlayer-v1, fabric-client-tags-api-v1, fabric-command-api-v1, fabric-command-api-v2, fabric-commands-v0, fabric-content-registries-v0, fabric-convention-tags-v1, fabric-convention-tags-v2, fabric-crash-report-info-v1, fabric-data-attachment-api-v1, fabric-data-generation-api-v1, fabric-dimensions-v1]
[18:50:23] [Render thread/DEBUG] (net.fabricmc.fabric.impl.resource.loader.ModResourcePackUtil) [Fabric] cur @ fabric, auto-enabled fabric-entity-events-v1, currently enabled: [vanilla, fabric, better_deco, catalogue, configured, everycomp, fabric-api, fabric-api-base, fabric-api-lookup-api-v1, fabric-biome-api-v1, fabric-block-api-v1, fabric-block-view-api-v2, fabric-blockrenderlayer-v1, fabric-client-tags-api-v1, fabric-command-api-v1, fabric-command-api-v2, fabric-commands-v0, fabric-content-registries-v0, fabric-convention-tags-v1, fabric-convention-tags-v2, fabric-crash-report-info-v1, fabric-data-attachment-api-v1, fabric-data-generation-api-v1, fabric-dimensions-v1, fabric-entity-events-v1]
[18:50:23] [Render thread/DEBUG] (net.fabricmc.fabric.impl.resource.loader.ModResourcePackUtil) [Fabric] cur @ fabric, auto-enabled fabric-events-interaction-v0, currently enabled: [vanilla, fabric, better_deco, catalogue, configured, everycomp, fabric-api, fabric-api-base, fabric-api-lookup-api-v1, fabric-biome-api-v1, fabric-block-api-v1, fabric-block-view-api-v2, fabric-blockrenderlayer-v1, fabric-client-tags-api-v1, fabric-command-api-v1, fabric-command-api-v2, fabric-commands-v0, fabric-content-registries-v0, fabric-convention-tags-v1, fabric-convention-tags-v2, fabric-crash-report-info-v1, fabric-data-attachment-api-v1, fabric-data-generation-api-v1, fabric-dimensions-v1, fabric-entity-events-v1, fabric-events-interaction-v0]
[18:50:23] [Render thread/DEBUG] (net.fabricmc.fabric.impl.resource.loader.ModResourcePackUtil) [Fabric] cur @ fabric, auto-enabled fabric-game-rule-api-v1, currently enabled: [vanilla, fabric, better_deco, catalogue, configured, everycomp, fabric-api, fabric-api-base, fabric-api-lookup-api-v1, fabric-biome-api-v1, fabric-block-api-v1, fabric-block-view-api-v2, fabric-blockrenderlayer-v1, fabric-client-tags-api-v1, fabric-command-api-v1, fabric-command-api-v2, fabric-commands-v0, fabric-content-registries-v0, fabric-convention-tags-v1, fabric-convention-tags-v2, fabric-crash-report-info-v1, fabric-data-attachment-api-v1, fabric-data-generation-api-v1, fabric-dimensions-v1, fabric-entity-events-v1, fabric-events-interaction-v0, fabric-game-rule-api-v1]
[18:50:23] [Render thread/DEBUG] (net.fabricmc.fabric.impl.resource.loader.ModResourcePackUtil) [Fabric] cur @ fabric, auto-enabled fabric-gametest-api-v1, currently enabled: [vanilla, fabric, better_deco, catalogue, configured, everycomp, fabric-api, fabric-api-base, fabric-api-lookup-api-v1, fabric-biome-api-v1, fabric-block-api-v1, fabric-block-view-api-v2, fabric-blockrenderlayer-v1, fabric-client-tags-api-v1, fabric-command-api-v1, fabric-command-api-v2, fabric-commands-v0, fabric-content-registries-v0, fabric-convention-tags-v1, fabric-convention-tags-v2, fabric-crash-report-info-v1, fabric-data-attachment-api-v1, fabric-data-generation-api-v1, fabric-dimensions-v1, fabric-entity-events-v1, fabric-events-interaction-v0, fabric-game-rule-api-v1, fabric-gametest-api-v1]
[18:50:23] [Render thread/DEBUG] (net.fabricmc.fabric.impl.resource.loader.ModResourcePackUtil) [Fabric] cur @ fabric, auto-enabled fabric-item-api-v1, currently enabled: [vanilla, fabric, better_deco, catalogue, configured, everycomp, fabric-api, fabric-api-base, fabric-api-lookup-api-v1, fabric-biome-api-v1, fabric-block-api-v1, fabric-block-view-api-v2, fabric-blockrenderlayer-v1, fabric-client-tags-api-v1, fabric-command-api-v1, fabric-command-api-v2, fabric-commands-v0, fabric-content-registries-v0, fabric-convention-tags-v1, fabric-convention-tags-v2, fabric-crash-report-info-v1, fabric-data-attachment-api-v1, fabric-data-generation-api-v1, fabric-dimensions-v1, fabric-entity-events-v1, fabric-events-interaction-v0, fabric-game-rule-api-v1, fabric-gametest-api-v1, fabric-item-api-v1]
[18:50:23] [Render thread/DEBUG] (net.fabricmc.fabric.impl.resource.loader.ModResourcePackUtil) [Fabric] cur @ fabric, auto-enabled fabric-item-group-api-v1, currently enabled: [vanilla, fabric, better_deco, catalogue, configured, everycomp, fabric-api, fabric-api-base, fabric-api-lookup-api-v1, fabric-biome-api-v1, fabric-block-api-v1, fabric-block-view-api-v2, fabric-blockrenderlayer-v1, fabric-client-tags-api-v1, fabric-command-api-v1, fabric-command-api-v2, fabric-commands-v0, fabric-content-registries-v0, fabric-convention-tags-v1, fabric-convention-tags-v2, fabric-crash-report-info-v1, fabric-data-attachment-api-v1, fabric-data-generation-api-v1, fabric-dimensions-v1, fabric-entity-events-v1, fabric-events-interaction-v0, fabric-game-rule-api-v1, fabric-gametest-api-v1, fabric-item-api-v1, fabric-item-group-api-v1]
[18:50:23] [Render thread/DEBUG] (net.fabricmc.fabric.impl.resource.loader.ModResourcePackUtil) [Fabric] cur @ fabric, auto-enabled fabric-key-binding-api-v1, currently enabled: [vanilla, fabric, better_deco, catalogue, configured, everycomp, fabric-api, fabric-api-base, fabric-api-lookup-api-v1, fabric-biome-api-v1, fabric-block-api-v1, fabric-block-view-api-v2, fabric-blockrenderlayer-v1, fabric-client-tags-api-v1, fabric-command-api-v1, fabric-command-api-v2, fabric-commands-v0, fabric-content-registries-v0, fabric-convention-tags-v1, fabric-convention-tags-v2, fabric-crash-report-info-v1, fabric-data-attachment-api-v1, fabric-data-generation-api-v1, fabric-dimensions-v1, fabric-entity-events-v1, fabric-events-interaction-v0, fabric-game-rule-api-v1, fabric-gametest-api-v1, fabric-item-api-v1, fabric-item-group-api-v1, fabric-key-binding-api-v1]
[18:50:23] [Render thread/DEBUG] (net.fabricmc.fabric.impl.resource.loader.ModResourcePackUtil) [Fabric] cur @ fabric, auto-enabled fabric-keybindings-v0, currently enabled: [vanilla, fabric, better_deco, catalogue, configured, everycomp, fabric-api, fabric-api-base, fabric-api-lookup-api-v1, fabric-biome-api-v1, fabric-block-api-v1, fabric-block-view-api-v2, fabric-blockrenderlayer-v1, fabric-client-tags-api-v1, fabric-command-api-v1, fabric-command-api-v2, fabric-commands-v0, fabric-content-registries-v0, fabric-convention-tags-v1, fabric-convention-tags-v2, fabric-crash-report-info-v1, fabric-data-attachment-api-v1, fabric-data-generation-api-v1, fabric-dimensions-v1, fabric-entity-events-v1, fabric-events-interaction-v0, fabric-game-rule-api-v1, fabric-gametest-api-v1, fabric-item-api-v1, fabric-item-group-api-v1, fabric-key-binding-api-v1, fabric-keybindings-v0]
[18:50:23] [Render thread/DEBUG] (net.fabricmc.fabric.impl.resource.loader.ModResourcePackUtil) [Fabric] cur @ fabric, auto-enabled fabric-lifecycle-events-v1, currently enabled: [vanilla, fabric, better_deco, catalogue, configured, everycomp, fabric-api, fabric-api-base, fabric-api-lookup-api-v1, fabric-biome-api-v1, fabric-block-api-v1, fabric-block-view-api-v2, fabric-blockrenderlayer-v1, fabric-client-tags-api-v1, fabric-command-api-v1, fabric-command-api-v2, fabric-commands-v0, fabric-content-registries-v0, fabric-convention-tags-v1, fabric-convention-tags-v2, fabric-crash-report-info-v1, fabric-data-attachment-api-v1, fabric-data-generation-api-v1, fabric-dimensions-v1, fabric-entity-events-v1, fabric-events-interaction-v0, fabric-game-rule-api-v1, fabric-gametest-api-v1, fabric-item-api-v1, fabric-item-group-api-v1, fabric-key-binding-api-v1, fabric-keybindings-v0, fabric-lifecycle-events-v1]
[18:50:23] [Render thread/DEBUG] (net.fabricmc.fabric.impl.resource.loader.ModResourcePackUtil) [Fabric] cur @ fabric, auto-enabled fabric-loot-api-v2, currently enabled: [vanilla, fabric, better_deco, catalogue, configured, everycomp, fabric-api, fabric-api-base, fabric-api-lookup-api-v1, fabric-biome-api-v1, fabric-block-api-v1, fabric-block-view-api-v2, fabric-blockrenderlayer-v1, fabric-client-tags-api-v1, fabric-command-api-v1, fabric-command-api-v2, fabric-commands-v0, fabric-content-registries-v0, fabric-convention-tags-v1, fabric-convention-tags-v2, fabric-crash-report-info-v1, fabric-data-attachment-api-v1, fabric-data-generation-api-v1, fabric-dimensions-v1, fabric-entity-events-v1, fabric-events-interaction-v0, fabric-game-rule-api-v1, fabric-gametest-api-v1, fabric-item-api-v1, fabric-item-group-api-v1, fabric-key-binding-api-v1, fabric-keybindings-v0, fabric-lifecycle-events-v1, fabric-loot-api-v2]
[18:50:23] [Render thread/DEBUG] (net.fabricmc.fabric.impl.resource.loader.ModResourcePackUtil) [Fabric] cur @ fabric, auto-enabled fabric-loot-api-v3, currently enabled: [vanilla, fabric, better_deco, catalogue, configured, everycomp, fabric-api, fabric-api-base, fabric-api-lookup-api-v1, fabric-biome-api-v1, fabric-block-api-v1, fabric-block-view-api-v2, fabric-blockrenderlayer-v1, fabric-client-tags-api-v1, fabric-command-api-v1, fabric-command-api-v2, fabric-commands-v0, fabric-content-registries-v0, fabric-convention-tags-v1, fabric-convention-tags-v2, fabric-crash-report-info-v1, fabric-data-attachment-api-v1, fabric-data-generation-api-v1, fabric-dimensions-v1, fabric-entity-events-v1, fabric-events-interaction-v0, fabric-game-rule-api-v1, fabric-gametest-api-v1, fabric-item-api-v1, fabric-item-group-api-v1, fabric-key-binding-api-v1, fabric-keybindings-v0, fabric-lifecycle-events-v1, fabric-loot-api-v2, fabric-loot-api-v3]
[18:50:23] [Render thread/DEBUG] (net.fabricmc.fabric.impl.resource.loader.ModResourcePackUtil) [Fabric] cur @ fabric, auto-enabled fabric-message-api-v1, currently enabled: [vanilla, fabric, better_deco, catalogue, configured, everycomp, fabric-api, fabric-api-base, fabric-api-lookup-api-v1, fabric-biome-api-v1, fabric-block-api-v1, fabric-block-view-api-v2, fabric-blockrenderlayer-v1, fabric-client-tags-api-v1, fabric-command-api-v1, fabric-command-api-v2, fabric-commands-v0, fabric-content-registries-v0, fabric-convention-tags-v1, fabric-convention-tags-v2, fabric-crash-report-info-v1, fabric-data-attachment-api-v1, fabric-data-generation-api-v1, fabric-dimensions-v1, fabric-entity-events-v1, fabric-events-interaction-v0, fabric-game-rule-api-v1, fabric-gametest-api-v1, fabric-item-api-v1, fabric-item-group-api-v1, fabric-key-binding-api-v1, fabric-keybindings-v0, fabric-lifecycle-events-v1, fabric-loot-api-v2, fabric-loot-api-v3, fabric-message-api-v1]
[18:50:23] [Render thread/DEBUG] (net.fabricmc.fabric.impl.resource.loader.ModResourcePackUtil) [Fabric] cur @ fabric, auto-enabled fabric-model-loading-api-v1, currently enabled: [vanilla, fabric, better_deco, catalogue, configured, everycomp, fabric-api, fabric-api-base, fabric-api-lookup-api-v1, fabric-biome-api-v1, fabric-block-api-v1, fabric-block-view-api-v2, fabric-blockrenderlayer-v1, fabric-client-tags-api-v1, fabric-command-api-v1, fabric-command-api-v2, fabric-commands-v0, fabric-content-registries-v0, fabric-convention-tags-v1, fabric-convention-tags-v2, fabric-crash-report-info-v1, fabric-data-attachment-api-v1, fabric-data-generation-api-v1, fabric-dimensions-v1, fabric-entity-events-v1, fabric-events-interaction-v0, fabric-game-rule-api-v1, fabric-gametest-api-v1, fabric-item-api-v1, fabric-item-group-api-v1, fabric-key-binding-api-v1, fabric-keybindings-v0, fabric-lifecycle-events-v1, fabric-loot-api-v2, fabric-loot-api-v3, fabric-message-api-v1, fabric-model-loading-api-v1]
[18:50:23] [Render thread/DEBUG] (net.fabricmc.fabric.impl.resource.loader.ModResourcePackUtil) [Fabric] cur @ fabric, auto-enabled fabric-networking-api-v1, currently enabled: [vanilla, fabric, better_deco, catalogue, configured, everycomp, fabric-api, fabric-api-base, fabric-api-lookup-api-v1, fabric-biome-api-v1, fabric-block-api-v1, fabric-block-view-api-v2, fabric-blockrenderlayer-v1, fabric-client-tags-api-v1, fabric-command-api-v1, fabric-command-api-v2, fabric-commands-v0, fabric-content-registries-v0, fabric-convention-tags-v1, fabric-convention-tags-v2, fabric-crash-report-info-v1, fabric-data-attachment-api-v1, fabric-data-generation-api-v1, fabric-dimensions-v1, fabric-entity-events-v1, fabric-events-interaction-v0, fabric-game-rule-api-v1, fabric-gametest-api-v1, fabric-item-api-v1, fabric-item-group-api-v1, fabric-key-binding-api-v1, fabric-keybindings-v0, fabric-lifecycle-events-v1, fabric-loot-api-v2, fabric-loot-api-v3, fabric-message-api-v1, fabric-model-loading-api-v1, fabric-networking-api-v1]
[18:50:23] [Render thread/DEBUG] (net.fabricmc.fabric.impl.resource.loader.ModResourcePackUtil) [Fabric] cur @ fabric, auto-enabled fabric-object-builder-api-v1, currently enabled: [vanilla, fabric, better_deco, catalogue, configured, everycomp, fabric-api, fabric-api-base, fabric-api-lookup-api-v1, fabric-biome-api-v1, fabric-block-api-v1, fabric-block-view-api-v2, fabric-blockrenderlayer-v1, fabric-client-tags-api-v1, fabric-command-api-v1, fabric-command-api-v2, fabric-commands-v0, fabric-content-registries-v0, fabric-convention-tags-v1, fabric-convention-tags-v2, fabric-crash-report-info-v1, fabric-data-attachment-api-v1, fabric-data-generation-api-v1, fabric-dimensions-v1, fabric-entity-events-v1, fabric-events-interaction-v0, fabric-game-rule-api-v1, fabric-gametest-api-v1, fabric-item-api-v1, fabric-item-group-api-v1, fabric-key-binding-api-v1, fabric-keybindings-v0, fabric-lifecycle-events-v1, fabric-loot-api-v2, fabric-loot-api-v3, fabric-message-api-v1, fabric-model-loading-api-v1, fabric-networking-api-v1, fabric-object-builder-api-v1]
[18:50:23] [Render thread/DEBUG] (net.fabricmc.fabric.impl.resource.loader.ModResourcePackUtil) [Fabric] cur @ fabric, auto-enabled fabric-particles-v1, currently enabled: [vanilla, fabric, better_deco, catalogue, configured, everycomp, fabric-api, fabric-api-base, fabric-api-lookup-api-v1, fabric-biome-api-v1, fabric-block-api-v1, fabric-block-view-api-v2, fabric-blockrenderlayer-v1, fabric-client-tags-api-v1, fabric-command-api-v1, fabric-command-api-v2, fabric-commands-v0, fabric-content-registries-v0, fabric-convention-tags-v1, fabric-convention-tags-v2, fabric-crash-report-info-v1, fabric-data-attachment-api-v1, fabric-data-generation-api-v1, fabric-dimensions-v1, fabric-entity-events-v1, fabric-events-interaction-v0, fabric-game-rule-api-v1, fabric-gametest-api-v1, fabric-item-api-v1, fabric-item-group-api-v1, fabric-key-binding-api-v1, fabric-keybindings-v0, fabric-lifecycle-events-v1, fabric-loot-api-v2, fabric-loot-api-v3, fabric-message-api-v1, fabric-model-loading-api-v1, fabric-networking-api-v1, fabric-object-builder-api-v1, fabric-particles-v1]
[18:50:23] [Render thread/DEBUG] (net.fabricmc.fabric.impl.resource.loader.ModResourcePackUtil) [Fabric] cur @ fabric, auto-enabled fabric-recipe-api-v1, currently enabled: [vanilla, fabric, better_deco, catalogue, configured, everycomp, fabric-api, fabric-api-base, fabric-api-lookup-api-v1, fabric-biome-api-v1, fabric-block-api-v1, fabric-block-view-api-v2, fabric-blockrenderlayer-v1, fabric-client-tags-api-v1, fabric-command-api-v1, fabric-command-api-v2, fabric-commands-v0, fabric-content-registries-v0, fabric-convention-tags-v1, fabric-convention-tags-v2, fabric-crash-report-info-v1, fabric-data-attachment-api-v1, fabric-data-generation-api-v1, fabric-dimensions-v1, fabric-entity-events-v1, fabric-events-interaction-v0, fabric-game-rule-api-v1, fabric-gametest-api-v1, fabric-item-api-v1, fabric-item-group-api-v1, fabric-key-binding-api-v1, fabric-keybindings-v0, fabric-lifecycle-events-v1, fabric-loot-api-v2, fabric-loot-api-v3, fabric-message-api-v1, fabric-model-loading-api-v1, fabric-networking-api-v1, fabric-object-builder-api-v1, fabric-particles-v1, fabric-recipe-api-v1]
[18:50:23] [Render thread/DEBUG] (net.fabricmc.fabric.impl.resource.loader.ModResourcePackUtil) [Fabric] cur @ fabric, auto-enabled fabric-registry-sync-v0, currently enabled: [vanilla, fabric, better_deco, catalogue, configured, everycomp, fabric-api, fabric-api-base, fabric-api-lookup-api-v1, fabric-biome-api-v1, fabric-block-api-v1, fabric-block-view-api-v2, fabric-blockrenderlayer-v1, fabric-client-tags-api-v1, fabric-command-api-v1, fabric-command-api-v2, fabric-commands-v0, fabric-content-registries-v0, fabric-convention-tags-v1, fabric-convention-tags-v2, fabric-crash-report-info-v1, fabric-data-attachment-api-v1, fabric-data-generation-api-v1, fabric-dimensions-v1, fabric-entity-events-v1, fabric-events-interaction-v0, fabric-game-rule-api-v1, fabric-gametest-api-v1, fabric-item-api-v1, fabric-item-group-api-v1, fabric-key-binding-api-v1, fabric-keybindings-v0, fabric-lifecycle-events-v1, fabric-loot-api-v2, fabric-loot-api-v3, fabric-message-api-v1, fabric-model-loading-api-v1, fabric-networking-api-v1, fabric-object-builder-api-v1, fabric-particles-v1, fabric-recipe-api-v1, fabric-registry-sync-v0]
[18:50:23] [Render thread/DEBUG] (net.fabricmc.fabric.impl.resource.loader.ModResourcePackUtil) [Fabric] cur @ fabric, auto-enabled fabric-renderer-api-v1, currently enabled: [vanilla, fabric, better_deco, catalogue, configured, everycomp, fabric-api, fabric-api-base, fabric-api-lookup-api-v1, fabric-biome-api-v1, fabric-block-api-v1, fabric-block-view-api-v2, fabric-blockrenderlayer-v1, fabric-client-tags-api-v1, fabric-command-api-v1, fabric-command-api-v2, fabric-commands-v0, fabric-content-registries-v0, fabric-convention-tags-v1, fabric-convention-tags-v2, fabric-crash-report-info-v1, fabric-data-attachment-api-v1, fabric-data-generation-api-v1, fabric-dimensions-v1, fabric-entity-events-v1, fabric-events-interaction-v0, fabric-game-rule-api-v1, fabric-gametest-api-v1, fabric-item-api-v1, fabric-item-group-api-v1, fabric-key-binding-api-v1, fabric-keybindings-v0, fabric-lifecycle-events-v1, fabric-loot-api-v2, fabric-loot-api-v3, fabric-message-api-v1, fabric-model-loading-api-v1, fabric-networking-api-v1, fabric-object-builder-api-v1, fabric-particles-v1, fabric-recipe-api-v1, fabric-registry-sync-v0, fabric-renderer-api-v1]
[18:50:23] [Render thread/DEBUG] (net.fabricmc.fabric.impl.resource.loader.ModResourcePackUtil) [Fabric] cur @ fabric, auto-enabled fabric-renderer-indigo, currently enabled: [vanilla, fabric, better_deco, catalogue, configured, everycomp, fabric-api, fabric-api-base, fabric-api-lookup-api-v1, fabric-biome-api-v1, fabric-block-api-v1, fabric-block-view-api-v2, fabric-blockrenderlayer-v1, fabric-client-tags-api-v1, fabric-command-api-v1, fabric-command-api-v2, fabric-commands-v0, fabric-content-registries-v0, fabric-convention-tags-v1, fabric-convention-tags-v2, fabric-crash-report-info-v1, fabric-data-attachment-api-v1, fabric-data-generation-api-v1, fabric-dimensions-v1, fabric-entity-events-v1, fabric-events-interaction-v0, fabric-game-rule-api-v1, fabric-gametest-api-v1, fabric-item-api-v1, fabric-item-group-api-v1, fabric-key-binding-api-v1, fabric-keybindings-v0, fabric-lifecycle-events-v1, fabric-loot-api-v2, fabric-loot-api-v3, fabric-message-api-v1, fabric-model-loading-api-v1, fabric-networking-api-v1, fabric-object-builder-api-v1, fabric-particles-v1, fabric-recipe-api-v1, fabric-registry-sync-v0, fabric-renderer-api-v1, fabric-renderer-indigo]
[18:50:23] [Render thread/DEBUG] (net.fabricmc.fabric.impl.resource.loader.ModResourcePackUtil) [Fabric] cur @ fabric, auto-enabled fabric-renderer-registries-v1, currently enabled: [vanilla, fabric, better_deco, catalogue, configured, everycomp, fabric-api, fabric-api-base, fabric-api-lookup-api-v1, fabric-biome-api-v1, fabric-block-api-v1, fabric-block-view-api-v2, fabric-blockrenderlayer-v1, fabric-client-tags-api-v1, fabric-command-api-v1, fabric-command-api-v2, fabric-commands-v0, fabric-content-registries-v0, fabric-convention-tags-v1, fabric-convention-tags-v2, fabric-crash-report-info-v1, fabric-data-attachment-api-v1, fabric-data-generation-api-v1, fabric-dimensions-v1, fabric-entity-events-v1, fabric-events-interaction-v0, fabric-game-rule-api-v1, fabric-gametest-api-v1, fabric-item-api-v1, fabric-item-group-api-v1, fabric-key-binding-api-v1, fabric-keybindings-v0, fabric-lifecycle-events-v1, fabric-loot-api-v2, fabric-loot-api-v3, fabric-message-api-v1, fabric-model-loading-api-v1, fabric-networking-api-v1, fabric-object-builder-api-v1, fabric-particles-v1, fabric-recipe-api-v1, fabric-registry-sync-v0, fabric-renderer-api-v1, fabric-renderer-indigo, fabric-renderer-registries-v1]
[18:50:23] [Render thread/DEBUG] (net.fabricmc.fabric.impl.resource.loader.ModResourcePackUtil) [Fabric] cur @ fabric, auto-enabled fabric-rendering-data-attachment-v1, currently enabled: [vanilla, fabric, better_deco, catalogue, configured, everycomp, fabric-api, fabric-api-base, fabric-api-lookup-api-v1, fabric-biome-api-v1, fabric-block-api-v1, fabric-block-view-api-v2, fabric-blockrenderlayer-v1, fabric-client-tags-api-v1, fabric-command-api-v1, fabric-command-api-v2, fabric-commands-v0, fabric-content-registries-v0, fabric-convention-tags-v1, fabric-convention-tags-v2, fabric-crash-report-info-v1, fabric-data-attachment-api-v1, fabric-data-generation-api-v1, fabric-dimensions-v1, fabric-entity-events-v1, fabric-events-interaction-v0, fabric-game-rule-api-v1, fabric-gametest-api-v1, fabric-item-api-v1, fabric-item-group-api-v1, fabric-key-binding-api-v1, fabric-keybindings-v0, fabric-lifecycle-events-v1, fabric-loot-api-v2, fabric-loot-api-v3, fabric-message-api-v1, fabric-model-loading-api-v1, fabric-networking-api-v1, fabric-object-builder-api-v1, fabric-particles-v1, fabric-recipe-api-v1, fabric-registry-sync-v0, fabric-renderer-api-v1, fabric-renderer-indigo, fabric-renderer-registries-v1, fabric-rendering-data-attachment-v1]
[18:50:23] [Render thread/DEBUG] (net.fabricmc.fabric.impl.resource.loader.ModResourcePackUtil) [Fabric] cur @ fabric, auto-enabled fabric-rendering-fluids-v1, currently enabled: [vanilla, fabric, better_deco, catalogue, configured, everycomp, fabric-api, fabric-api-base, fabric-api-lookup-api-v1, fabric-biome-api-v1, fabric-block-api-v1, fabric-block-view-api-v2, fabric-blockrenderlayer-v1, fabric-client-tags-api-v1, fabric-command-api-v1, fabric-command-api-v2, fabric-commands-v0, fabric-content-registries-v0, fabric-convention-tags-v1, fabric-convention-tags-v2, fabric-crash-report-info-v1, fabric-data-attachment-api-v1, fabric-data-generation-api-v1, fabric-dimensions-v1, fabric-entity-events-v1, fabric-events-interaction-v0, fabric-game-rule-api-v1, fabric-gametest-api-v1, fabric-item-api-v1, fabric-item-group-api-v1, fabric-key-binding-api-v1, fabric-keybindings-v0, fabric-lifecycle-events-v1, fabric-loot-api-v2, fabric-loot-api-v3, fabric-message-api-v1, fabric-model-loading-api-v1, fabric-networking-api-v1, fabric-object-builder-api-v1, fabric-particles-v1, fabric-recipe-api-v1, fabric-registry-sync-v0, fabric-renderer-api-v1, fabric-renderer-indigo, fabric-renderer-registries-v1, fabric-rendering-data-attachment-v1, fabric-rendering-fluids-v1]
[18:50:23] [Render thread/DEBUG] (net.fabricmc.fabric.impl.resource.loader.ModResourcePackUtil) [Fabric] cur @ fabric, auto-enabled fabric-rendering-v0, currently enabled: [vanilla, fabric, better_deco, catalogue, configured, everycomp, fabric-api, fabric-api-base, fabric-api-lookup-api-v1, fabric-biome-api-v1, fabric-block-api-v1, fabric-block-view-api-v2, fabric-blockrenderlayer-v1, fabric-client-tags-api-v1, fabric-command-api-v1, fabric-command-api-v2, fabric-commands-v0, fabric-content-registries-v0, fabric-convention-tags-v1, fabric-convention-tags-v2, fabric-crash-report-info-v1, fabric-data-attachment-api-v1, fabric-data-generation-api-v1, fabric-dimensions-v1, fabric-entity-events-v1, fabric-events-interaction-v0, fabric-game-rule-api-v1, fabric-gametest-api-v1, fabric-item-api-v1, fabric-item-group-api-v1, fabric-key-binding-api-v1, fabric-keybindings-v0, fabric-lifecycle-events-v1, fabric-loot-api-v2, fabric-loot-api-v3, fabric-message-api-v1, fabric-model-loading-api-v1, fabric-networking-api-v1, fabric-object-builder-api-v1, fabric-particles-v1, fabric-recipe-api-v1, fabric-registry-sync-v0, fabric-renderer-api-v1, fabric-renderer-indigo, fabric-renderer-registries-v1, fabric-rendering-data-attachment-v1, fabric-rendering-fluids-v1, fabric-rendering-v0]
[18:50:23] [Render thread/DEBUG] (net.fabricmc.fabric.impl.resource.loader.ModResourcePackUtil) [Fabric] cur @ fabric, auto-enabled fabric-rendering-v1, currently enabled: [vanilla, fabric, better_deco, catalogue, configured, everycomp, fabric-api, fabric-api-base, fabric-api-lookup-api-v1, fabric-biome-api-v1, fabric-block-api-v1, fabric-block-view-api-v2, fabric-blockrenderlayer-v1, fabric-client-tags-api-v1, fabric-command-api-v1, fabric-command-api-v2, fabric-commands-v0, fabric-content-registries-v0, fabric-convention-tags-v1, fabric-convention-tags-v2, fabric-crash-report-info-v1, fabric-data-attachment-api-v1, fabric-data-generation-api-v1, fabric-dimensions-v1, fabric-entity-events-v1, fabric-events-interaction-v0, fabric-game-rule-api-v1, fabric-gametest-api-v1, fabric-item-api-v1, fabric-item-group-api-v1, fabric-key-binding-api-v1, fabric-keybindings-v0, fabric-lifecycle-events-v1, fabric-loot-api-v2, fabric-loot-api-v3, fabric-message-api-v1, fabric-model-loading-api-v1, fabric-networking-api-v1, fabric-object-builder-api-v1, fabric-particles-v1, fabric-recipe-api-v1, fabric-registry-sync-v0, fabric-renderer-api-v1, fabric-renderer-indigo, fabric-renderer-registries-v1, fabric-rendering-data-attachment-v1, fabric-rendering-fluids-v1, fabric-rendering-v0, fabric-rendering-v1]
[18:50:23] [Render thread/DEBUG] (net.fabricmc.fabric.impl.resource.loader.ModResourcePackUtil) [Fabric] cur @ fabric, auto-enabled fabric-resource-conditions-api-v1, currently enabled: [vanilla, fabric, better_deco, catalogue, configured, everycomp, fabric-api, fabric-api-base, fabric-api-lookup-api-v1, fabric-biome-api-v1, fabric-block-api-v1, fabric-block-view-api-v2, fabric-blockrenderlayer-v1, fabric-client-tags-api-v1, fabric-command-api-v1, fabric-command-api-v2, fabric-commands-v0, fabric-content-registries-v0, fabric-convention-tags-v1, fabric-convention-tags-v2, fabric-crash-report-info-v1, fabric-data-attachment-api-v1, fabric-data-generation-api-v1, fabric-dimensions-v1, fabric-entity-events-v1, fabric-events-interaction-v0, fabric-game-rule-api-v1, fabric-gametest-api-v1, fabric-item-api-v1, fabric-item-group-api-v1, fabric-key-binding-api-v1, fabric-keybindings-v0, fabric-lifecycle-events-v1, fabric-loot-api-v2, fabric-loot-api-v3, fabric-message-api-v1, fabric-model-loading-api-v1, fabric-networking-api-v1, fabric-object-builder-api-v1, fabric-particles-v1, fabric-recipe-api-v1, fabric-registry-sync-v0, fabric-renderer-api-v1, fabric-renderer-indigo, fabric-renderer-registries-v1, fabric-rendering-data-attachment-v1, fabric-rendering-fluids-v1, fabric-rendering-v0, fabric-rendering-v1, fabric-resource-conditions-api-v1]
[18:50:23] [Render thread/DEBUG] (net.fabricmc.fabric.impl.resource.loader.ModResourcePackUtil) [Fabric] cur @ fabric, auto-enabled fabric-resource-loader-v0, currently enabled: [vanilla, fabric, better_deco, catalogue, configured, everycomp, fabric-api, fabric-api-base, fabric-api-lookup-api-v1, fabric-biome-api-v1, fabric-block-api-v1, fabric-block-view-api-v2, fabric-blockrenderlayer-v1, fabric-client-tags-api-v1, fabric-command-api-v1, fabric-command-api-v2, fabric-commands-v0, fabric-content-registries-v0, fabric-convention-tags-v1, fabric-convention-tags-v2, fabric-crash-report-info-v1, fabric-data-attachment-api-v1, fabric-data-generation-api-v1, fabric-dimensions-v1, fabric-entity-events-v1, fabric-events-interaction-v0, fabric-game-rule-api-v1, fabric-gametest-api-v1, fabric-item-api-v1, fabric-item-group-api-v1, fabric-key-binding-api-v1, fabric-keybindings-v0, fabric-lifecycle-events-v1, fabric-loot-api-v2, fabric-loot-api-v3, fabric-message-api-v1, fabric-model-loading-api-v1, fabric-networking-api-v1, fabric-object-builder-api-v1, fabric-particles-v1, fabric-recipe-api-v1, fabric-registry-sync-v0, fabric-renderer-api-v1, fabric-renderer-indigo, fabric-renderer-registries-v1, fabric-rendering-data-attachment-v1, fabric-rendering-fluids-v1, fabric-rendering-v0, fabric-rendering-v1, fabric-resource-conditions-api-v1, fabric-resource-loader-v0]
[18:50:23] [Render thread/DEBUG] (net.fabricmc.fabric.impl.resource.loader.ModResourcePackUtil) [Fabric] cur @ fabric, auto-enabled fabric-screen-api-v1, currently enabled: [vanilla, fabric, better_deco, catalogue, configured, everycomp, fabric-api, fabric-api-base, fabric-api-lookup-api-v1, fabric-biome-api-v1, fabric-block-api-v1, fabric-block-view-api-v2, fabric-blockrenderlayer-v1, fabric-client-tags-api-v1, fabric-command-api-v1, fabric-command-api-v2, fabric-commands-v0, fabric-content-registries-v0, fabric-convention-tags-v1, fabric-convention-tags-v2, fabric-crash-report-info-v1, fabric-data-attachment-api-v1, fabric-data-generation-api-v1, fabric-dimensions-v1, fabric-entity-events-v1, fabric-events-interaction-v0, fabric-game-rule-api-v1, fabric-gametest-api-v1, fabric-item-api-v1, fabric-item-group-api-v1, fabric-key-binding-api-v1, fabric-keybindings-v0, fabric-lifecycle-events-v1, fabric-loot-api-v2, fabric-loot-api-v3, fabric-message-api-v1, fabric-model-loading-api-v1, fabric-networking-api-v1, fabric-object-builder-api-v1, fabric-particles-v1, fabric-recipe-api-v1, fabric-registry-sync-v0, fabric-renderer-api-v1, fabric-renderer-indigo, fabric-renderer-registries-v1, fabric-rendering-data-attachment-v1, fabric-rendering-fluids-v1, fabric-rendering-v0, fabric-rendering-v1, fabric-resource-conditions-api-v1, fabric-resource-loader-v0, fabric-screen-api-v1]
[18:50:23] [Render thread/DEBUG] (net.fabricmc.fabric.impl.resource.loader.ModResourcePackUtil) [Fabric] cur @ fabric, auto-enabled fabric-screen-handler-api-v1, currently enabled: [vanilla, fabric, better_deco, catalogue, configured, everycomp, fabric-api, fabric-api-base, fabric-api-lookup-api-v1, fabric-biome-api-v1, fabric-block-api-v1, fabric-block-view-api-v2, fabric-blockrenderlayer-v1, fabric-client-tags-api-v1, fabric-command-api-v1, fabric-command-api-v2, fabric-commands-v0, fabric-content-registries-v0, fabric-convention-tags-v1, fabric-convention-tags-v2, fabric-crash-report-info-v1, fabric-data-attachment-api-v1, fabric-data-generation-api-v1, fabric-dimensions-v1, fabric-entity-events-v1, fabric-events-interaction-v0, fabric-game-rule-api-v1, fabric-gametest-api-v1, fabric-item-api-v1, fabric-item-group-api-v1, fabric-key-binding-api-v1, fabric-keybindings-v0, fabric-lifecycle-events-v1, fabric-loot-api-v2, fabric-loot-api-v3, fabric-message-api-v1, fabric-model-loading-api-v1, fabric-networking-api-v1, fabric-object-builder-api-v1, fabric-particles-v1, fabric-recipe-api-v1, fabric-registry-sync-v0, fabric-renderer-api-v1, fabric-renderer-indigo, fabric-renderer-registries-v1, fabric-rendering-data-attachment-v1, fabric-rendering-fluids-v1, fabric-rendering-v0, fabric-rendering-v1, fabric-resource-conditions-api-v1, fabric-resource-loader-v0, fabric-screen-api-v1, fabric-screen-handler-api-v1]
[18:50:23] [Render thread/DEBUG] (net.fabricmc.fabric.impl.resource.loader.ModResourcePackUtil) [Fabric] cur @ fabric, auto-enabled fabric-sound-api-v1, currently enabled: [vanilla, fabric, better_deco, catalogue, configured, everycomp, fabric-api, fabric-api-base, fabric-api-lookup-api-v1, fabric-biome-api-v1, fabric-block-api-v1, fabric-block-view-api-v2, fabric-blockrenderlayer-v1, fabric-client-tags-api-v1, fabric-command-api-v1, fabric-command-api-v2, fabric-commands-v0, fabric-content-registries-v0, fabric-convention-tags-v1, fabric-convention-tags-v2, fabric-crash-report-info-v1, fabric-data-attachment-api-v1, fabric-data-generation-api-v1, fabric-dimensions-v1, fabric-entity-events-v1, fabric-events-interaction-v0, fabric-game-rule-api-v1, fabric-gametest-api-v1, fabric-item-api-v1, fabric-item-group-api-v1, fabric-key-binding-api-v1, fabric-keybindings-v0, fabric-lifecycle-events-v1, fabric-loot-api-v2, fabric-loot-api-v3, fabric-message-api-v1, fabric-model-loading-api-v1, fabric-networking-api-v1, fabric-object-builder-api-v1, fabric-particles-v1, fabric-recipe-api-v1, fabric-registry-sync-v0, fabric-renderer-api-v1, fabric-renderer-indigo, fabric-renderer-registries-v1, fabric-rendering-data-attachment-v1, fabric-rendering-fluids-v1, fabric-rendering-v0, fabric-rendering-v1, fabric-resource-conditions-api-v1, fabric-resource-loader-v0, fabric-screen-api-v1, fabric-screen-handler-api-v1, fabric-sound-api-v1]
[18:50:23] [Render thread/DEBUG] (net.fabricmc.fabric.impl.resource.loader.ModResourcePackUtil) [Fabric] cur @ fabric, auto-enabled fabric-transfer-api-v1, currently enabled: [vanilla, fabric, better_deco, catalogue, configured, everycomp, fabric-api, fabric-api-base, fabric-api-lookup-api-v1, fabric-biome-api-v1, fabric-block-api-v1, fabric-block-view-api-v2, fabric-blockrenderlayer-v1, fabric-client-tags-api-v1, fabric-command-api-v1, fabric-command-api-v2, fabric-commands-v0, fabric-content-registries-v0, fabric-convention-tags-v1, fabric-convention-tags-v2, fabric-crash-report-info-v1, fabric-data-attachment-api-v1, fabric-data-generation-api-v1, fabric-dimensions-v1, fabric-entity-events-v1, fabric-events-interaction-v0, fabric-game-rule-api-v1, fabric-gametest-api-v1, fabric-item-api-v1, fabric-item-group-api-v1, fabric-key-binding-api-v1, fabric-keybindings-v0, fabric-lifecycle-events-v1, fabric-loot-api-v2, fabric-loot-api-v3, fabric-message-api-v1, fabric-model-loading-api-v1, fabric-networking-api-v1, fabric-object-builder-api-v1, fabric-particles-v1, fabric-recipe-api-v1, fabric-registry-sync-v0, fabric-renderer-api-v1, fabric-renderer-indigo, fabric-renderer-registries-v1, fabric-rendering-data-attachment-v1, fabric-rendering-fluids-v1, fabric-rendering-v0, fabric-rendering-v1, fabric-resource-conditions-api-v1, fabric-resource-loader-v0, fabric-screen-api-v1, fabric-screen-handler-api-v1, fabric-sound-api-v1, fabric-transfer-api-v1]
[18:50:23] [Render thread/DEBUG] (net.fabricmc.fabric.impl.resource.loader.ModResourcePackUtil) [Fabric] cur @ fabric, auto-enabled fabric-transitive-access-wideners-v1, currently enabled: [vanilla, fabric, better_deco, catalogue, configured, everycomp, fabric-api, fabric-api-base, fabric-api-lookup-api-v1, fabric-biome-api-v1, fabric-block-api-v1, fabric-block-view-api-v2, fabric-blockrenderlayer-v1, fabric-client-tags-api-v1, fabric-command-api-v1, fabric-command-api-v2, fabric-commands-v0, fabric-content-registries-v0, fabric-convention-tags-v1, fabric-convention-tags-v2, fabric-crash-report-info-v1, fabric-data-attachment-api-v1, fabric-data-generation-api-v1, fabric-dimensions-v1, fabric-entity-events-v1, fabric-events-interaction-v0, fabric-game-rule-api-v1, fabric-gametest-api-v1, fabric-item-api-v1, fabric-item-group-api-v1, fabric-key-binding-api-v1, fabric-keybindings-v0, fabric-lifecycle-events-v1, fabric-loot-api-v2, fabric-loot-api-v3, fabric-message-api-v1, fabric-model-loading-api-v1, fabric-networking-api-v1, fabric-object-builder-api-v1, fabric-particles-v1, fabric-recipe-api-v1, fabric-registry-sync-v0, fabric-renderer-api-v1, fabric-renderer-indigo, fabric-renderer-registries-v1, fabric-rendering-data-attachment-v1, fabric-rendering-fluids-v1, fabric-rendering-v0, fabric-rendering-v1, fabric-resource-conditions-api-v1, fabric-resource-loader-v0, fabric-screen-api-v1, fabric-screen-handler-api-v1, fabric-sound-api-v1, fabric-transfer-api-v1, fabric-transitive-access-wideners-v1]
[18:50:23] [Render thread/DEBUG] (net.fabricmc.fabric.impl.resource.loader.ModResourcePackUtil) [Fabric] cur @ fabric, auto-enabled fabricloader, currently enabled: [vanilla, fabric, better_deco, catalogue, configured, everycomp, fabric-api, fabric-api-base, fabric-api-lookup-api-v1, fabric-biome-api-v1, fabric-block-api-v1, fabric-block-view-api-v2, fabric-blockrenderlayer-v1, fabric-client-tags-api-v1, fabric-command-api-v1, fabric-command-api-v2, fabric-commands-v0, fabric-content-registries-v0, fabric-convention-tags-v1, fabric-convention-tags-v2, fabric-crash-report-info-v1, fabric-data-attachment-api-v1, fabric-data-generation-api-v1, fabric-dimensions-v1, fabric-entity-events-v1, fabric-events-interaction-v0, fabric-game-rule-api-v1, fabric-gametest-api-v1, fabric-item-api-v1, fabric-item-group-api-v1, fabric-key-binding-api-v1, fabric-keybindings-v0, fabric-lifecycle-events-v1, fabric-loot-api-v2, fabric-loot-api-v3, fabric-message-api-v1, fabric-model-loading-api-v1, fabric-networking-api-v1, fabric-object-builder-api-v1, fabric-particles-v1, fabric-recipe-api-v1, fabric-registry-sync-v0, fabric-renderer-api-v1, fabric-renderer-indigo, fabric-renderer-registries-v1, fabric-rendering-data-attachment-v1, fabric-rendering-fluids-v1, fabric-rendering-v0, fabric-rendering-v1, fabric-resource-conditions-api-v1, fabric-resource-loader-v0, fabric-screen-api-v1, fabric-screen-handler-api-v1, fabric-sound-api-v1, fabric-transfer-api-v1, fabric-transitive-access-wideners-v1, fabricloader]
[18:50:23] [Render thread/DEBUG] (net.fabricmc.fabric.impl.resource.loader.ModResourcePackUtil) [Fabric] cur @ fabric, auto-enabled framework, currently enabled: [vanilla, fabric, better_deco, catalogue, configured, everycomp, fabric-api, fabric-api-base, fabric-api-lookup-api-v1, fabric-biome-api-v1, fabric-block-api-v1, fabric-block-view-api-v2, fabric-blockrenderlayer-v1, fabric-client-tags-api-v1, fabric-command-api-v1, fabric-command-api-v2, fabric-commands-v0, fabric-content-registries-v0, fabric-convention-tags-v1, fabric-convention-tags-v2, fabric-crash-report-info-v1, fabric-data-attachment-api-v1, fabric-data-generation-api-v1, fabric-dimensions-v1, fabric-entity-events-v1, fabric-events-interaction-v0, fabric-game-rule-api-v1, fabric-gametest-api-v1, fabric-item-api-v1, fabric-item-group-api-v1, fabric-key-binding-api-v1, fabric-keybindings-v0, fabric-lifecycle-events-v1, fabric-loot-api-v2, fabric-loot-api-v3, fabric-message-api-v1, fabric-model-loading-api-v1, fabric-networking-api-v1, fabric-object-builder-api-v1, fabric-particles-v1, fabric-recipe-api-v1, fabric-registry-sync-v0, fabric-renderer-api-v1, fabric-renderer-indigo, fabric-renderer-registries-v1, fabric-rendering-data-attachment-v1, fabric-rendering-fluids-v1, fabric-rendering-v0, fabric-rendering-v1, fabric-resource-conditions-api-v1, fabric-resource-loader-v0, fabric-screen-api-v1, fabric-screen-handler-api-v1, fabric-sound-api-v1, fabric-transfer-api-v1, fabric-transitive-access-wideners-v1, fabricloader, framework]
[18:50:23] [Render thread/DEBUG] (net.fabricmc.fabric.impl.resource.loader.ModResourcePackUtil) [Fabric] cur @ fabric, auto-enabled jei, currently enabled: [vanilla, fabric, better_deco, catalogue, configured, everycomp, fabric-api, fabric-api-base, fabric-api-lookup-api-v1, fabric-biome-api-v1, fabric-block-api-v1, fabric-block-view-api-v2, fabric-blockrenderlayer-v1, fabric-client-tags-api-v1, fabric-command-api-v1, fabric-command-api-v2, fabric-commands-v0, fabric-content-registries-v0, fabric-convention-tags-v1, fabric-convention-tags-v2, fabric-crash-report-info-v1, fabric-data-attachment-api-v1, fabric-data-generation-api-v1, fabric-dimensions-v1, fabric-entity-events-v1, fabric-events-interaction-v0, fabric-game-rule-api-v1, fabric-gametest-api-v1, fabric-item-api-v1, fabric-item-group-api-v1, fabric-key-binding-api-v1, fabric-keybindings-v0, fabric-lifecycle-events-v1, fabric-loot-api-v2, fabric-loot-api-v3, fabric-message-api-v1, fabric-model-loading-api-v1, fabric-networking-api-v1, fabric-object-builder-api-v1, fabric-particles-v1, fabric-recipe-api-v1, fabric-registry-sync-v0, fabric-renderer-api-v1, fabric-renderer-indigo, fabric-renderer-registries-v1, fabric-rendering-data-attachment-v1, fabric-rendering-fluids-v1, fabric-rendering-v0, fabric-rendering-v1, fabric-resource-conditions-api-v1, fabric-resource-loader-v0, fabric-screen-api-v1, fabric-screen-handler-api-v1, fabric-sound-api-v1, fabric-transfer-api-v1, fabric-transitive-access-wideners-v1, fabricloader, framework, jei]
[18:50:23] [Render thread/DEBUG] (net.fabricmc.fabric.impl.resource.loader.ModResourcePackUtil) [Fabric] cur @ fabric, auto-enabled menulogue, currently enabled: [vanilla, fabric, better_deco, catalogue, configured, everycomp, fabric-api, fabric-api-base, fabric-api-lookup-api-v1, fabric-biome-api-v1, fabric-block-api-v1, fabric-block-view-api-v2, fabric-blockrenderlayer-v1, fabric-client-tags-api-v1, fabric-command-api-v1, fabric-command-api-v2, fabric-commands-v0, fabric-content-registries-v0, fabric-convention-tags-v1, fabric-convention-tags-v2, fabric-crash-report-info-v1, fabric-data-attachment-api-v1, fabric-data-generation-api-v1, fabric-dimensions-v1, fabric-entity-events-v1, fabric-events-interaction-v0, fabric-game-rule-api-v1, fabric-gametest-api-v1, fabric-item-api-v1, fabric-item-group-api-v1, fabric-key-binding-api-v1, fabric-keybindings-v0, fabric-lifecycle-events-v1, fabric-loot-api-v2, fabric-loot-api-v3, fabric-message-api-v1, fabric-model-loading-api-v1, fabric-networking-api-v1, fabric-object-builder-api-v1, fabric-particles-v1, fabric-recipe-api-v1, fabric-registry-sync-v0, fabric-renderer-api-v1, fabric-renderer-indigo, fabric-renderer-registries-v1, fabric-rendering-data-attachment-v1, fabric-rendering-fluids-v1, fabric-rendering-v0, fabric-rendering-v1, fabric-resource-conditions-api-v1, fabric-resource-loader-v0, fabric-screen-api-v1, fabric-screen-handler-api-v1, fabric-sound-api-v1, fabric-transfer-api-v1, fabric-transitive-access-wideners-v1, fabricloader, framework, jei, menulogue]
[18:50:23] [Render thread/DEBUG] (net.fabricmc.fabric.impl.resource.loader.ModResourcePackUtil) [Fabric] cur @ fabric, auto-enabled moonlight, currently enabled: [vanilla, fabric, better_deco, catalogue, configured, everycomp, fabric-api, fabric-api-base, fabric-api-lookup-api-v1, fabric-biome-api-v1, fabric-block-api-v1, fabric-block-view-api-v2, fabric-blockrenderlayer-v1, fabric-client-tags-api-v1, fabric-command-api-v1, fabric-command-api-v2, fabric-commands-v0, fabric-content-registries-v0, fabric-convention-tags-v1, fabric-convention-tags-v2, fabric-crash-report-info-v1, fabric-data-attachment-api-v1, fabric-data-generation-api-v1, fabric-dimensions-v1, fabric-entity-events-v1, fabric-events-interaction-v0, fabric-game-rule-api-v1, fabric-gametest-api-v1, fabric-item-api-v1, fabric-item-group-api-v1, fabric-key-binding-api-v1, fabric-keybindings-v0, fabric-lifecycle-events-v1, fabric-loot-api-v2, fabric-loot-api-v3, fabric-message-api-v1, fabric-model-loading-api-v1, fabric-networking-api-v1, fabric-object-builder-api-v1, fabric-particles-v1, fabric-recipe-api-v1, fabric-registry-sync-v0, fabric-renderer-api-v1, fabric-renderer-indigo, fabric-renderer-registries-v1, fabric-rendering-data-attachment-v1, fabric-rendering-fluids-v1, fabric-rendering-v0, fabric-rendering-v1, fabric-resource-conditions-api-v1, fabric-resource-loader-v0, fabric-screen-api-v1, fabric-screen-handler-api-v1, fabric-sound-api-v1, fabric-transfer-api-v1, fabric-transitive-access-wideners-v1, fabricloader, framework, jei, menulogue, moonlight]
[18:50:23] [Render thread/DEBUG] (net.fabricmc.fabric.impl.resource.loader.ModResourcePackUtil) [Fabric] cur @ fabric, auto-enabled natures_spirit, currently enabled: [vanilla, fabric, better_deco, catalogue, configured, everycomp, fabric-api, fabric-api-base, fabric-api-lookup-api-v1, fabric-biome-api-v1, fabric-block-api-v1, fabric-block-view-api-v2, fabric-blockrenderlayer-v1, fabric-client-tags-api-v1, fabric-command-api-v1, fabric-command-api-v2, fabric-commands-v0, fabric-content-registries-v0, fabric-convention-tags-v1, fabric-convention-tags-v2, fabric-crash-report-info-v1, fabric-data-attachment-api-v1, fabric-data-generation-api-v1, fabric-dimensions-v1, fabric-entity-events-v1, fabric-events-interaction-v0, fabric-game-rule-api-v1, fabric-gametest-api-v1, fabric-item-api-v1, fabric-item-group-api-v1, fabric-key-binding-api-v1, fabric-keybindings-v0, fabric-lifecycle-events-v1, fabric-loot-api-v2, fabric-loot-api-v3, fabric-message-api-v1, fabric-model-loading-api-v1, fabric-networking-api-v1, fabric-object-builder-api-v1, fabric-particles-v1, fabric-recipe-api-v1, fabric-registry-sync-v0, fabric-renderer-api-v1, fabric-renderer-indigo, fabric-renderer-registries-v1, fabric-rendering-data-attachment-v1, fabric-rendering-fluids-v1, fabric-rendering-v0, fabric-rendering-v1, fabric-resource-conditions-api-v1, fabric-resource-loader-v0, fabric-screen-api-v1, fabric-screen-handler-api-v1, fabric-sound-api-v1, fabric-transfer-api-v1, fabric-transitive-access-wideners-v1, fabricloader, framework, jei, menulogue, moonlight, natures_spirit]
[18:50:23] [Render thread/DEBUG] (net.fabricmc.fabric.impl.resource.loader.ModResourcePackUtil) [Fabric] cur @ fabric, auto-enabled terrablender, currently enabled: [vanilla, fabric, better_deco, catalogue, configured, everycomp, fabric-api, fabric-api-base, fabric-api-lookup-api-v1, fabric-biome-api-v1, fabric-block-api-v1, fabric-block-view-api-v2, fabric-blockrenderlayer-v1, fabric-client-tags-api-v1, fabric-command-api-v1, fabric-command-api-v2, fabric-commands-v0, fabric-content-registries-v0, fabric-convention-tags-v1, fabric-convention-tags-v2, fabric-crash-report-info-v1, fabric-data-attachment-api-v1, fabric-data-generation-api-v1, fabric-dimensions-v1, fabric-entity-events-v1, fabric-events-interaction-v0, fabric-game-rule-api-v1, fabric-gametest-api-v1, fabric-item-api-v1, fabric-item-group-api-v1, fabric-key-binding-api-v1, fabric-keybindings-v0, fabric-lifecycle-events-v1, fabric-loot-api-v2, fabric-loot-api-v3, fabric-message-api-v1, fabric-model-loading-api-v1, fabric-networking-api-v1, fabric-object-builder-api-v1, fabric-particles-v1, fabric-recipe-api-v1, fabric-registry-sync-v0, fabric-renderer-api-v1, fabric-renderer-indigo, fabric-renderer-registries-v1, fabric-rendering-data-attachment-v1, fabric-rendering-fluids-v1, fabric-rendering-v0, fabric-rendering-v1, fabric-resource-conditions-api-v1, fabric-resource-loader-v0, fabric-screen-api-v1, fabric-screen-handler-api-v1, fabric-sound-api-v1, fabric-transfer-api-v1, fabric-transitive-access-wideners-v1, fabricloader, framework, jei, menulogue, moonlight, natures_spirit, terrablender]
[18:50:23] [Render thread/DEBUG] (net.fabricmc.fabric.impl.resource.loader.ModResourcePackUtil) [Fabric] Final sorting result: [vanilla, fabric, better_deco, catalogue, configured, everycomp, fabric-api, fabric-api-base, fabric-api-lookup-api-v1, fabric-biome-api-v1, fabric-block-api-v1, fabric-block-view-api-v2, fabric-blockrenderlayer-v1, fabric-client-tags-api-v1, fabric-command-api-v1, fabric-command-api-v2, fabric-commands-v0, fabric-content-registries-v0, fabric-convention-tags-v1, fabric-convention-tags-v2, fabric-crash-report-info-v1, fabric-data-attachment-api-v1, fabric-data-generation-api-v1, fabric-dimensions-v1, fabric-entity-events-v1, fabric-events-interaction-v0, fabric-game-rule-api-v1, fabric-gametest-api-v1, fabric-item-api-v1, fabric-item-group-api-v1, fabric-key-binding-api-v1, fabric-keybindings-v0, fabric-lifecycle-events-v1, fabric-loot-api-v2, fabric-loot-api-v3, fabric-message-api-v1, fabric-model-loading-api-v1, fabric-networking-api-v1, fabric-object-builder-api-v1, fabric-particles-v1, fabric-recipe-api-v1, fabric-registry-sync-v0, fabric-renderer-api-v1, fabric-renderer-indigo, fabric-renderer-registries-v1, fabric-rendering-data-attachment-v1, fabric-rendering-fluids-v1, fabric-rendering-v0, fabric-rendering-v1, fabric-resource-conditions-api-v1, fabric-resource-loader-v0, fabric-screen-api-v1, fabric-screen-handler-api-v1, fabric-sound-api-v1, fabric-transfer-api-v1, fabric-transitive-access-wideners-v1, fabricloader, framework, jei, menulogue, moonlight, natures_spirit, terrablender, moonlight:merged_pack]
[18:50:23] [Render thread/DEBUG] (net.fabricmc.fabric.impl.resource.loader.ModResourcePackUtil) [Fabric] Starting internal pack sorting with: [vanilla, fabric, better_deco, catalogue, configured, everycomp, fabric-api, fabric-api-base, fabric-api-lookup-api-v1, fabric-biome-api-v1, fabric-block-api-v1, fabric-block-view-api-v2, fabric-blockrenderlayer-v1, fabric-client-tags-api-v1, fabric-command-api-v1, fabric-command-api-v2, fabric-commands-v0, fabric-content-registries-v0, fabric-convention-tags-v1, fabric-convention-tags-v2, fabric-crash-report-info-v1, fabric-data-attachment-api-v1, fabric-data-generation-api-v1, fabric-dimensions-v1, fabric-entity-events-v1, fabric-events-interaction-v0, fabric-game-rule-api-v1, fabric-gametest-api-v1, fabric-item-api-v1, fabric-item-group-api-v1, fabric-item-group-api-v1_programmer_art, fabric-key-binding-api-v1, fabric-keybindings-v0, fabric-lifecycle-events-v1, fabric-loot-api-v2, fabric-loot-api-v3, fabric-message-api-v1, fabric-model-loading-api-v1, fabric-networking-api-v1, fabric-object-builder-api-v1, fabric-particles-v1, fabric-recipe-api-v1, fabric-registry-sync-v0, fabric-renderer-api-v1, fabric-renderer-indigo, fabric-renderer-registries-v1, fabric-rendering-data-attachment-v1, fabric-rendering-fluids-v1, fabric-rendering-v0, fabric-rendering-v1, fabric-resource-conditions-api-v1, fabric-resource-loader-v0, fabric-screen-api-v1, fabric-screen-handler-api-v1, fabric-sound-api-v1, fabric-transfer-api-v1, fabric-transitive-access-wideners-v1, fabricloader, framework, jei, menulogue, moonlight, moonlight:merged_pack, natures_spirit, terrablender]
[18:50:23] [Render thread/DEBUG] (net.fabricmc.fabric.impl.resource.loader.ModResourcePackUtil) [Fabric] Removed all internal packs, result: [vanilla, fabric, moonlight:merged_pack]
[18:50:23] [Render thread/DEBUG] (net.fabricmc.fabric.impl.resource.loader.ModResourcePackUtil) [Fabric] cur @ fabric, auto-enabled better_deco, currently enabled: [vanilla, fabric, better_deco]
[18:50:23] [Render thread/DEBUG] (net.fabricmc.fabric.impl.resource.loader.ModResourcePackUtil) [Fabric] cur @ fabric, auto-enabled catalogue, currently enabled: [vanilla, fabric, better_deco, catalogue]
[18:50:23] [Render thread/DEBUG] (net.fabricmc.fabric.impl.resource.loader.ModResourcePackUtil) [Fabric] cur @ fabric, auto-enabled configured, currently enabled: [vanilla, fabric, better_deco, catalogue, configured]
[18:50:23] [Render thread/DEBUG] (net.fabricmc.fabric.impl.resource.loader.ModResourcePackUtil) [Fabric] cur @ fabric, auto-enabled everycomp, currently enabled: [vanilla, fabric, better_deco, catalogue, configured, everycomp]
[18:50:23] [Render thread/DEBUG] (net.fabricmc.fabric.impl.resource.loader.ModResourcePackUtil) [Fabric] cur @ fabric, auto-enabled fabric-api, currently enabled: [vanilla, fabric, better_deco, catalogue, configured, everycomp, fabric-api]
[18:50:23] [Render thread/DEBUG] (net.fabricmc.fabric.impl.resource.loader.ModResourcePackUtil) [Fabric] cur @ fabric, auto-enabled fabric-api-base, currently enabled: [vanilla, fabric, better_deco, catalogue, configured, everycomp, fabric-api, fabric-api-base]
[18:50:23] [Render thread/DEBUG] (net.fabricmc.fabric.impl.resource.loader.ModResourcePackUtil) [Fabric] cur @ fabric, auto-enabled fabric-api-lookup-api-v1, currently enabled: [vanilla, fabric, better_deco, catalogue, configured, everycomp, fabric-api, fabric-api-base, fabric-api-lookup-api-v1]
[18:50:23] [Render thread/DEBUG] (net.fabricmc.fabric.impl.resource.loader.ModResourcePackUtil) [Fabric] cur @ fabric, auto-enabled fabric-biome-api-v1, currently enabled: [vanilla, fabric, better_deco, catalogue, configured, everycomp, fabric-api, fabric-api-base, fabric-api-lookup-api-v1, fabric-biome-api-v1]
[18:50:23] [Render thread/DEBUG] (net.fabricmc.fabric.impl.resource.loader.ModResourcePackUtil) [Fabric] cur @ fabric, auto-enabled fabric-block-api-v1, currently enabled: [vanilla, fabric, better_deco, catalogue, configured, everycomp, fabric-api, fabric-api-base, fabric-api-lookup-api-v1, fabric-biome-api-v1, fabric-block-api-v1]
[18:50:23] [Render thread/DEBUG] (net.fabricmc.fabric.impl.resource.loader.ModResourcePackUtil) [Fabric] cur @ fabric, auto-enabled fabric-block-view-api-v2, currently enabled: [vanilla, fabric, better_deco, catalogue, configured, everycomp, fabric-api, fabric-api-base, fabric-api-lookup-api-v1, fabric-biome-api-v1, fabric-block-api-v1, fabric-block-view-api-v2]
[18:50:23] [Render thread/DEBUG] (net.fabricmc.fabric.impl.resource.loader.ModResourcePackUtil) [Fabric] cur @ fabric, auto-enabled fabric-blockrenderlayer-v1, currently enabled: [vanilla, fabric, better_deco, catalogue, configured, everycomp, fabric-api, fabric-api-base, fabric-api-lookup-api-v1, fabric-biome-api-v1, fabric-block-api-v1, fabric-block-view-api-v2, fabric-blockrenderlayer-v1]
[18:50:23] [Render thread/DEBUG] (net.fabricmc.fabric.impl.resource.loader.ModResourcePackUtil) [Fabric] cur @ fabric, auto-enabled fabric-client-tags-api-v1, currently enabled: [vanilla, fabric, better_deco, catalogue, configured, everycomp, fabric-api, fabric-api-base, fabric-api-lookup-api-v1, fabric-biome-api-v1, fabric-block-api-v1, fabric-block-view-api-v2, fabric-blockrenderlayer-v1, fabric-client-tags-api-v1]
[18:50:23] [Render thread/DEBUG] (net.fabricmc.fabric.impl.resource.loader.ModResourcePackUtil) [Fabric] cur @ fabric, auto-enabled fabric-command-api-v1, currently enabled: [vanilla, fabric, better_deco, catalogue, configured, everycomp, fabric-api, fabric-api-base, fabric-api-lookup-api-v1, fabric-biome-api-v1, fabric-block-api-v1, fabric-block-view-api-v2, fabric-blockrenderlayer-v1, fabric-client-tags-api-v1, fabric-command-api-v1]
[18:50:23] [Render thread/DEBUG] (net.fabricmc.fabric.impl.resource.loader.ModResourcePackUtil) [Fabric] cur @ fabric, auto-enabled fabric-command-api-v2, currently enabled: [vanilla, fabric, better_deco, catalogue, configured, everycomp, fabric-api, fabric-api-base, fabric-api-lookup-api-v1, fabric-biome-api-v1, fabric-block-api-v1, fabric-block-view-api-v2, fabric-blockrenderlayer-v1, fabric-client-tags-api-v1, fabric-command-api-v1, fabric-command-api-v2]
[18:50:23] [Render thread/DEBUG] (net.fabricmc.fabric.impl.resource.loader.ModResourcePackUtil) [Fabric] cur @ fabric, auto-enabled fabric-commands-v0, currently enabled: [vanilla, fabric, better_deco, catalogue, configured, everycomp, fabric-api, fabric-api-base, fabric-api-lookup-api-v1, fabric-biome-api-v1, fabric-block-api-v1, fabric-block-view-api-v2, fabric-blockrenderlayer-v1, fabric-client-tags-api-v1, fabric-command-api-v1, fabric-command-api-v2, fabric-commands-v0]
[18:50:23] [Render thread/DEBUG] (net.fabricmc.fabric.impl.resource.loader.ModResourcePackUtil) [Fabric] cur @ fabric, auto-enabled fabric-content-registries-v0, currently enabled: [vanilla, fabric, better_deco, catalogue, configured, everycomp, fabric-api, fabric-api-base, fabric-api-lookup-api-v1, fabric-biome-api-v1, fabric-block-api-v1, fabric-block-view-api-v2, fabric-blockrenderlayer-v1, fabric-client-tags-api-v1, fabric-command-api-v1, fabric-command-api-v2, fabric-commands-v0, fabric-content-registries-v0]
[18:50:23] [Render thread/DEBUG] (net.fabricmc.fabric.impl.resource.loader.ModResourcePackUtil) [Fabric] cur @ fabric, auto-enabled fabric-convention-tags-v1, currently enabled: [vanilla, fabric, better_deco, catalogue, configured, everycomp, fabric-api, fabric-api-base, fabric-api-lookup-api-v1, fabric-biome-api-v1, fabric-block-api-v1, fabric-block-view-api-v2, fabric-blockrenderlayer-v1, fabric-client-tags-api-v1, fabric-command-api-v1, fabric-command-api-v2, fabric-commands-v0, fabric-content-registries-v0, fabric-convention-tags-v1]
[18:50:23] [Render thread/DEBUG] (net.fabricmc.fabric.impl.resource.loader.ModResourcePackUtil) [Fabric] cur @ fabric, auto-enabled fabric-convention-tags-v2, currently enabled: [vanilla, fabric, better_deco, catalogue, configured, everycomp, fabric-api, fabric-api-base, fabric-api-lookup-api-v1, fabric-biome-api-v1, fabric-block-api-v1, fabric-block-view-api-v2, fabric-blockrenderlayer-v1, fabric-client-tags-api-v1, fabric-command-api-v1, fabric-command-api-v2, fabric-commands-v0, fabric-content-registries-v0, fabric-convention-tags-v1, fabric-convention-tags-v2]
[18:50:23] [Render thread/DEBUG] (net.fabricmc.fabric.impl.resource.loader.ModResourcePackUtil) [Fabric] cur @ fabric, auto-enabled fabric-crash-report-info-v1, currently enabled: [vanilla, fabric, better_deco, catalogue, configured, everycomp, fabric-api, fabric-api-base, fabric-api-lookup-api-v1, fabric-biome-api-v1, fabric-block-api-v1, fabric-block-view-api-v2, fabric-blockrenderlayer-v1, fabric-client-tags-api-v1, fabric-command-api-v1, fabric-command-api-v2, fabric-commands-v0, fabric-content-registries-v0, fabric-convention-tags-v1, fabric-convention-tags-v2, fabric-crash-report-info-v1]
[18:50:23] [Render thread/DEBUG] (net.fabricmc.fabric.impl.resource.loader.ModResourcePackUtil) [Fabric] cur @ fabric, auto-enabled fabric-data-attachment-api-v1, currently enabled: [vanilla, fabric, better_deco, catalogue, configured, everycomp, fabric-api, fabric-api-base, fabric-api-lookup-api-v1, fabric-biome-api-v1, fabric-block-api-v1, fabric-block-view-api-v2, fabric-blockrenderlayer-v1, fabric-client-tags-api-v1, fabric-command-api-v1, fabric-command-api-v2, fabric-commands-v0, fabric-content-registries-v0, fabric-convention-tags-v1, fabric-convention-tags-v2, fabric-crash-report-info-v1, fabric-data-attachment-api-v1]
[18:50:23] [Render thread/DEBUG] (net.fabricmc.fabric.impl.resource.loader.ModResourcePackUtil) [Fabric] cur @ fabric, auto-enabled fabric-data-generation-api-v1, currently enabled: [vanilla, fabric, better_deco, catalogue, configured, everycomp, fabric-api, fabric-api-base, fabric-api-lookup-api-v1, fabric-biome-api-v1, fabric-block-api-v1, fabric-block-view-api-v2, fabric-blockrenderlayer-v1, fabric-client-tags-api-v1, fabric-command-api-v1, fabric-command-api-v2, fabric-commands-v0, fabric-content-registries-v0, fabric-convention-tags-v1, fabric-convention-tags-v2, fabric-crash-report-info-v1, fabric-data-attachment-api-v1, fabric-data-generation-api-v1]
[18:50:23] [Render thread/DEBUG] (net.fabricmc.fabric.impl.resource.loader.ModResourcePackUtil) [Fabric] cur @ fabric, auto-enabled fabric-dimensions-v1, currently enabled: [vanilla, fabric, better_deco, catalogue, configured, everycomp, fabric-api, fabric-api-base, fabric-api-lookup-api-v1, fabric-biome-api-v1, fabric-block-api-v1, fabric-block-view-api-v2, fabric-blockrenderlayer-v1, fabric-client-tags-api-v1, fabric-command-api-v1, fabric-command-api-v2, fabric-commands-v0, fabric-content-registries-v0, fabric-convention-tags-v1, fabric-convention-tags-v2, fabric-crash-report-info-v1, fabric-data-attachment-api-v1, fabric-data-generation-api-v1, fabric-dimensions-v1]
[18:50:23] [Render thread/DEBUG] (net.fabricmc.fabric.impl.resource.loader.ModResourcePackUtil) [Fabric] cur @ fabric, auto-enabled fabric-entity-events-v1, currently enabled: [vanilla, fabric, better_deco, catalogue, configured, everycomp, fabric-api, fabric-api-base, fabric-api-lookup-api-v1, fabric-biome-api-v1, fabric-block-api-v1, fabric-block-view-api-v2, fabric-blockrenderlayer-v1, fabric-client-tags-api-v1, fabric-command-api-v1, fabric-command-api-v2, fabric-commands-v0, fabric-content-registries-v0, fabric-convention-tags-v1, fabric-convention-tags-v2, fabric-crash-report-info-v1, fabric-data-attachment-api-v1, fabric-data-generation-api-v1, fabric-dimensions-v1, fabric-entity-events-v1]
[18:50:23] [Render thread/DEBUG] (net.fabricmc.fabric.impl.resource.loader.ModResourcePackUtil) [Fabric] cur @ fabric, auto-enabled fabric-events-interaction-v0, currently enabled: [vanilla, fabric, better_deco, catalogue, configured, everycomp, fabric-api, fabric-api-base, fabric-api-lookup-api-v1, fabric-biome-api-v1, fabric-block-api-v1, fabric-block-view-api-v2, fabric-blockrenderlayer-v1, fabric-client-tags-api-v1, fabric-command-api-v1, fabric-command-api-v2, fabric-commands-v0, fabric-content-registries-v0, fabric-convention-tags-v1, fabric-convention-tags-v2, fabric-crash-report-info-v1, fabric-data-attachment-api-v1, fabric-data-generation-api-v1, fabric-dimensions-v1, fabric-entity-events-v1, fabric-events-interaction-v0]
[18:50:23] [Render thread/DEBUG] (net.fabricmc.fabric.impl.resource.loader.ModResourcePackUtil) [Fabric] cur @ fabric, auto-enabled fabric-game-rule-api-v1, currently enabled: [vanilla, fabric, better_deco, catalogue, configured, everycomp, fabric-api, fabric-api-base, fabric-api-lookup-api-v1, fabric-biome-api-v1, fabric-block-api-v1, fabric-block-view-api-v2, fabric-blockrenderlayer-v1, fabric-client-tags-api-v1, fabric-command-api-v1, fabric-command-api-v2, fabric-commands-v0, fabric-content-registries-v0, fabric-convention-tags-v1, fabric-convention-tags-v2, fabric-crash-report-info-v1, fabric-data-attachment-api-v1, fabric-data-generation-api-v1, fabric-dimensions-v1, fabric-entity-events-v1, fabric-events-interaction-v0, fabric-game-rule-api-v1]
[18:50:23] [Render thread/DEBUG] (net.fabricmc.fabric.impl.resource.loader.ModResourcePackUtil) [Fabric] cur @ fabric, auto-enabled fabric-gametest-api-v1, currently enabled: [vanilla, fabric, better_deco, catalogue, configured, everycomp, fabric-api, fabric-api-base, fabric-api-lookup-api-v1, fabric-biome-api-v1, fabric-block-api-v1, fabric-block-view-api-v2, fabric-blockrenderlayer-v1, fabric-client-tags-api-v1, fabric-command-api-v1, fabric-command-api-v2, fabric-commands-v0, fabric-content-registries-v0, fabric-convention-tags-v1, fabric-convention-tags-v2, fabric-crash-report-info-v1, fabric-data-attachment-api-v1, fabric-data-generation-api-v1, fabric-dimensions-v1, fabric-entity-events-v1, fabric-events-interaction-v0, fabric-game-rule-api-v1, fabric-gametest-api-v1]
[18:50:23] [Render thread/DEBUG] (net.fabricmc.fabric.impl.resource.loader.ModResourcePackUtil) [Fabric] cur @ fabric, auto-enabled fabric-item-api-v1, currently enabled: [vanilla, fabric, better_deco, catalogue, configured, everycomp, fabric-api, fabric-api-base, fabric-api-lookup-api-v1, fabric-biome-api-v1, fabric-block-api-v1, fabric-block-view-api-v2, fabric-blockrenderlayer-v1, fabric-client-tags-api-v1, fabric-command-api-v1, fabric-command-api-v2, fabric-commands-v0, fabric-content-registries-v0, fabric-convention-tags-v1, fabric-convention-tags-v2, fabric-crash-report-info-v1, fabric-data-attachment-api-v1, fabric-data-generation-api-v1, fabric-dimensions-v1, fabric-entity-events-v1, fabric-events-interaction-v0, fabric-game-rule-api-v1, fabric-gametest-api-v1, fabric-item-api-v1]
[18:50:23] [Render thread/DEBUG] (net.fabricmc.fabric.impl.resource.loader.ModResourcePackUtil) [Fabric] cur @ fabric, auto-enabled fabric-item-group-api-v1, currently enabled: [vanilla, fabric, better_deco, catalogue, configured, everycomp, fabric-api, fabric-api-base, fabric-api-lookup-api-v1, fabric-biome-api-v1, fabric-block-api-v1, fabric-block-view-api-v2, fabric-blockrenderlayer-v1, fabric-client-tags-api-v1, fabric-command-api-v1, fabric-command-api-v2, fabric-commands-v0, fabric-content-registries-v0, fabric-convention-tags-v1, fabric-convention-tags-v2, fabric-crash-report-info-v1, fabric-data-attachment-api-v1, fabric-data-generation-api-v1, fabric-dimensions-v1, fabric-entity-events-v1, fabric-events-interaction-v0, fabric-game-rule-api-v1, fabric-gametest-api-v1, fabric-item-api-v1, fabric-item-group-api-v1]
[18:50:23] [Render thread/DEBUG] (net.fabricmc.fabric.impl.resource.loader.ModResourcePackUtil) [Fabric] cur @ fabric, auto-enabled fabric-key-binding-api-v1, currently enabled: [vanilla, fabric, better_deco, catalogue, configured, everycomp, fabric-api, fabric-api-base, fabric-api-lookup-api-v1, fabric-biome-api-v1, fabric-block-api-v1, fabric-block-view-api-v2, fabric-blockrenderlayer-v1, fabric-client-tags-api-v1, fabric-command-api-v1, fabric-command-api-v2, fabric-commands-v0, fabric-content-registries-v0, fabric-convention-tags-v1, fabric-convention-tags-v2, fabric-crash-report-info-v1, fabric-data-attachment-api-v1, fabric-data-generation-api-v1, fabric-dimensions-v1, fabric-entity-events-v1, fabric-events-interaction-v0, fabric-game-rule-api-v1, fabric-gametest-api-v1, fabric-item-api-v1, fabric-item-group-api-v1, fabric-key-binding-api-v1]
[18:50:23] [Render thread/DEBUG] (net.fabricmc.fabric.impl.resource.loader.ModResourcePackUtil) [Fabric] cur @ fabric, auto-enabled fabric-keybindings-v0, currently enabled: [vanilla, fabric, better_deco, catalogue, configured, everycomp, fabric-api, fabric-api-base, fabric-api-lookup-api-v1, fabric-biome-api-v1, fabric-block-api-v1, fabric-block-view-api-v2, fabric-blockrenderlayer-v1, fabric-client-tags-api-v1, fabric-command-api-v1, fabric-command-api-v2, fabric-commands-v0, fabric-content-registries-v0, fabric-convention-tags-v1, fabric-convention-tags-v2, fabric-crash-report-info-v1, fabric-data-attachment-api-v1, fabric-data-generation-api-v1, fabric-dimensions-v1, fabric-entity-events-v1, fabric-events-interaction-v0, fabric-game-rule-api-v1, fabric-gametest-api-v1, fabric-item-api-v1, fabric-item-group-api-v1, fabric-key-binding-api-v1, fabric-keybindings-v0]
[18:50:23] [Render thread/DEBUG] (net.fabricmc.fabric.impl.resource.loader.ModResourcePackUtil) [Fabric] cur @ fabric, auto-enabled fabric-lifecycle-events-v1, currently enabled: [vanilla, fabric, better_deco, catalogue, configured, everycomp, fabric-api, fabric-api-base, fabric-api-lookup-api-v1, fabric-biome-api-v1, fabric-block-api-v1, fabric-block-view-api-v2, fabric-blockrenderlayer-v1, fabric-client-tags-api-v1, fabric-command-api-v1, fabric-command-api-v2, fabric-commands-v0, fabric-content-registries-v0, fabric-convention-tags-v1, fabric-convention-tags-v2, fabric-crash-report-info-v1, fabric-data-attachment-api-v1, fabric-data-generation-api-v1, fabric-dimensions-v1, fabric-entity-events-v1, fabric-events-interaction-v0, fabric-game-rule-api-v1, fabric-gametest-api-v1, fabric-item-api-v1, fabric-item-group-api-v1, fabric-key-binding-api-v1, fabric-keybindings-v0, fabric-lifecycle-events-v1]
[18:50:23] [Render thread/DEBUG] (net.fabricmc.fabric.impl.resource.loader.ModResourcePackUtil) [Fabric] cur @ fabric, auto-enabled fabric-loot-api-v2, currently enabled: [vanilla, fabric, better_deco, catalogue, configured, everycomp, fabric-api, fabric-api-base, fabric-api-lookup-api-v1, fabric-biome-api-v1, fabric-block-api-v1, fabric-block-view-api-v2, fabric-blockrenderlayer-v1, fabric-client-tags-api-v1, fabric-command-api-v1, fabric-command-api-v2, fabric-commands-v0, fabric-content-registries-v0, fabric-convention-tags-v1, fabric-convention-tags-v2, fabric-crash-report-info-v1, fabric-data-attachment-api-v1, fabric-data-generation-api-v1, fabric-dimensions-v1, fabric-entity-events-v1, fabric-events-interaction-v0, fabric-game-rule-api-v1, fabric-gametest-api-v1, fabric-item-api-v1, fabric-item-group-api-v1, fabric-key-binding-api-v1, fabric-keybindings-v0, fabric-lifecycle-events-v1, fabric-loot-api-v2]
[18:50:23] [Render thread/DEBUG] (net.fabricmc.fabric.impl.resource.loader.ModResourcePackUtil) [Fabric] cur @ fabric, auto-enabled fabric-loot-api-v3, currently enabled: [vanilla, fabric, better_deco, catalogue, configured, everycomp, fabric-api, fabric-api-base, fabric-api-lookup-api-v1, fabric-biome-api-v1, fabric-block-api-v1, fabric-block-view-api-v2, fabric-blockrenderlayer-v1, fabric-client-tags-api-v1, fabric-command-api-v1, fabric-command-api-v2, fabric-commands-v0, fabric-content-registries-v0, fabric-convention-tags-v1, fabric-convention-tags-v2, fabric-crash-report-info-v1, fabric-data-attachment-api-v1, fabric-data-generation-api-v1, fabric-dimensions-v1, fabric-entity-events-v1, fabric-events-interaction-v0, fabric-game-rule-api-v1, fabric-gametest-api-v1, fabric-item-api-v1, fabric-item-group-api-v1, fabric-key-binding-api-v1, fabric-keybindings-v0, fabric-lifecycle-events-v1, fabric-loot-api-v2, fabric-loot-api-v3]
[18:50:23] [Render thread/DEBUG] (net.fabricmc.fabric.impl.resource.loader.ModResourcePackUtil) [Fabric] cur @ fabric, auto-enabled fabric-message-api-v1, currently enabled: [vanilla, fabric, better_deco, catalogue, configured, everycomp, fabric-api, fabric-api-base, fabric-api-lookup-api-v1, fabric-biome-api-v1, fabric-block-api-v1, fabric-block-view-api-v2, fabric-blockrenderlayer-v1, fabric-client-tags-api-v1, fabric-command-api-v1, fabric-command-api-v2, fabric-commands-v0, fabric-content-registries-v0, fabric-convention-tags-v1, fabric-convention-tags-v2, fabric-crash-report-info-v1, fabric-data-attachment-api-v1, fabric-data-generation-api-v1, fabric-dimensions-v1, fabric-entity-events-v1, fabric-events-interaction-v0, fabric-game-rule-api-v1, fabric-gametest-api-v1, fabric-item-api-v1, fabric-item-group-api-v1, fabric-key-binding-api-v1, fabric-keybindings-v0, fabric-lifecycle-events-v1, fabric-loot-api-v2, fabric-loot-api-v3, fabric-message-api-v1]
[18:50:23] [Render thread/DEBUG] (net.fabricmc.fabric.impl.resource.loader.ModResourcePackUtil) [Fabric] cur @ fabric, auto-enabled fabric-model-loading-api-v1, currently enabled: [vanilla, fabric, better_deco, catalogue, configured, everycomp, fabric-api, fabric-api-base, fabric-api-lookup-api-v1, fabric-biome-api-v1, fabric-block-api-v1, fabric-block-view-api-v2, fabric-blockrenderlayer-v1, fabric-client-tags-api-v1, fabric-command-api-v1, fabric-command-api-v2, fabric-commands-v0, fabric-content-registries-v0, fabric-convention-tags-v1, fabric-convention-tags-v2, fabric-crash-report-info-v1, fabric-data-attachment-api-v1, fabric-data-generation-api-v1, fabric-dimensions-v1, fabric-entity-events-v1, fabric-events-interaction-v0, fabric-game-rule-api-v1, fabric-gametest-api-v1, fabric-item-api-v1, fabric-item-group-api-v1, fabric-key-binding-api-v1, fabric-keybindings-v0, fabric-lifecycle-events-v1, fabric-loot-api-v2, fabric-loot-api-v3, fabric-message-api-v1, fabric-model-loading-api-v1]
[18:50:23] [Render thread/DEBUG] (net.fabricmc.fabric.impl.resource.loader.ModResourcePackUtil) [Fabric] cur @ fabric, auto-enabled fabric-networking-api-v1, currently enabled: [vanilla, fabric, better_deco, catalogue, configured, everycomp, fabric-api, fabric-api-base, fabric-api-lookup-api-v1, fabric-biome-api-v1, fabric-block-api-v1, fabric-block-view-api-v2, fabric-blockrenderlayer-v1, fabric-client-tags-api-v1, fabric-command-api-v1, fabric-command-api-v2, fabric-commands-v0, fabric-content-registries-v0, fabric-convention-tags-v1, fabric-convention-tags-v2, fabric-crash-report-info-v1, fabric-data-attachment-api-v1, fabric-data-generation-api-v1, fabric-dimensions-v1, fabric-entity-events-v1, fabric-events-interaction-v0, fabric-game-rule-api-v1, fabric-gametest-api-v1, fabric-item-api-v1, fabric-item-group-api-v1, fabric-key-binding-api-v1, fabric-keybindings-v0, fabric-lifecycle-events-v1, fabric-loot-api-v2, fabric-loot-api-v3, fabric-message-api-v1, fabric-model-loading-api-v1, fabric-networking-api-v1]
[18:50:23] [Render thread/DEBUG] (net.fabricmc.fabric.impl.resource.loader.ModResourcePackUtil) [Fabric] cur @ fabric, auto-enabled fabric-object-builder-api-v1, currently enabled: [vanilla, fabric, better_deco, catalogue, configured, everycomp, fabric-api, fabric-api-base, fabric-api-lookup-api-v1, fabric-biome-api-v1, fabric-block-api-v1, fabric-block-view-api-v2, fabric-blockrenderlayer-v1, fabric-client-tags-api-v1, fabric-command-api-v1, fabric-command-api-v2, fabric-commands-v0, fabric-content-registries-v0, fabric-convention-tags-v1, fabric-convention-tags-v2, fabric-crash-report-info-v1, fabric-data-attachment-api-v1, fabric-data-generation-api-v1, fabric-dimensions-v1, fabric-entity-events-v1, fabric-events-interaction-v0, fabric-game-rule-api-v1, fabric-gametest-api-v1, fabric-item-api-v1, fabric-item-group-api-v1, fabric-key-binding-api-v1, fabric-keybindings-v0, fabric-lifecycle-events-v1, fabric-loot-api-v2, fabric-loot-api-v3, fabric-message-api-v1, fabric-model-loading-api-v1, fabric-networking-api-v1, fabric-object-builder-api-v1]
[18:50:23] [Render thread/DEBUG] (net.fabricmc.fabric.impl.resource.loader.ModResourcePackUtil) [Fabric] cur @ fabric, auto-enabled fabric-particles-v1, currently enabled: [vanilla, fabric, better_deco, catalogue, configured, everycomp, fabric-api, fabric-api-base, fabric-api-lookup-api-v1, fabric-biome-api-v1, fabric-block-api-v1, fabric-block-view-api-v2, fabric-blockrenderlayer-v1, fabric-client-tags-api-v1, fabric-command-api-v1, fabric-command-api-v2, fabric-commands-v0, fabric-content-registries-v0, fabric-convention-tags-v1, fabric-convention-tags-v2, fabric-crash-report-info-v1, fabric-data-attachment-api-v1, fabric-data-generation-api-v1, fabric-dimensions-v1, fabric-entity-events-v1, fabric-events-interaction-v0, fabric-game-rule-api-v1, fabric-gametest-api-v1, fabric-item-api-v1, fabric-item-group-api-v1, fabric-key-binding-api-v1, fabric-keybindings-v0, fabric-lifecycle-events-v1, fabric-loot-api-v2, fabric-loot-api-v3, fabric-message-api-v1, fabric-model-loading-api-v1, fabric-networking-api-v1, fabric-object-builder-api-v1, fabric-particles-v1]
[18:50:23] [Render thread/DEBUG] (net.fabricmc.fabric.impl.resource.loader.ModResourcePackUtil) [Fabric] cur @ fabric, auto-enabled fabric-recipe-api-v1, currently enabled: [vanilla, fabric, better_deco, catalogue, configured, everycomp, fabric-api, fabric-api-base, fabric-api-lookup-api-v1, fabric-biome-api-v1, fabric-block-api-v1, fabric-block-view-api-v2, fabric-blockrenderlayer-v1, fabric-client-tags-api-v1, fabric-command-api-v1, fabric-command-api-v2, fabric-commands-v0, fabric-content-registries-v0, fabric-convention-tags-v1, fabric-convention-tags-v2, fabric-crash-report-info-v1, fabric-data-attachment-api-v1, fabric-data-generation-api-v1, fabric-dimensions-v1, fabric-entity-events-v1, fabric-events-interaction-v0, fabric-game-rule-api-v1, fabric-gametest-api-v1, fabric-item-api-v1, fabric-item-group-api-v1, fabric-key-binding-api-v1, fabric-keybindings-v0, fabric-lifecycle-events-v1, fabric-loot-api-v2, fabric-loot-api-v3, fabric-message-api-v1, fabric-model-loading-api-v1, fabric-networking-api-v1, fabric-object-builder-api-v1, fabric-particles-v1, fabric-recipe-api-v1]
[18:50:23] [Render thread/DEBUG] (net.fabricmc.fabric.impl.resource.loader.ModResourcePackUtil) [Fabric] cur @ fabric, auto-enabled fabric-registry-sync-v0, currently enabled: [vanilla, fabric, better_deco, catalogue, configured, everycomp, fabric-api, fabric-api-base, fabric-api-lookup-api-v1, fabric-biome-api-v1, fabric-block-api-v1, fabric-block-view-api-v2, fabric-blockrenderlayer-v1, fabric-client-tags-api-v1, fabric-command-api-v1, fabric-command-api-v2, fabric-commands-v0, fabric-content-registries-v0, fabric-convention-tags-v1, fabric-convention-tags-v2, fabric-crash-report-info-v1, fabric-data-attachment-api-v1, fabric-data-generation-api-v1, fabric-dimensions-v1, fabric-entity-events-v1, fabric-events-interaction-v0, fabric-game-rule-api-v1, fabric-gametest-api-v1, fabric-item-api-v1, fabric-item-group-api-v1, fabric-key-binding-api-v1, fabric-keybindings-v0, fabric-lifecycle-events-v1, fabric-loot-api-v2, fabric-loot-api-v3, fabric-message-api-v1, fabric-model-loading-api-v1, fabric-networking-api-v1, fabric-object-builder-api-v1, fabric-particles-v1, fabric-recipe-api-v1, fabric-registry-sync-v0]
[18:50:23] [Render thread/DEBUG] (net.fabricmc.fabric.impl.resource.loader.ModResourcePackUtil) [Fabric] cur @ fabric, auto-enabled fabric-renderer-api-v1, currently enabled: [vanilla, fabric, better_deco, catalogue, configured, everycomp, fabric-api, fabric-api-base, fabric-api-lookup-api-v1, fabric-biome-api-v1, fabric-block-api-v1, fabric-block-view-api-v2, fabric-blockrenderlayer-v1, fabric-client-tags-api-v1, fabric-command-api-v1, fabric-command-api-v2, fabric-commands-v0, fabric-content-registries-v0, fabric-convention-tags-v1, fabric-convention-tags-v2, fabric-crash-report-info-v1, fabric-data-attachment-api-v1, fabric-data-generation-api-v1, fabric-dimensions-v1, fabric-entity-events-v1, fabric-events-interaction-v0, fabric-game-rule-api-v1, fabric-gametest-api-v1, fabric-item-api-v1, fabric-item-group-api-v1, fabric-key-binding-api-v1, fabric-keybindings-v0, fabric-lifecycle-events-v1, fabric-loot-api-v2, fabric-loot-api-v3, fabric-message-api-v1, fabric-model-loading-api-v1, fabric-networking-api-v1, fabric-object-builder-api-v1, fabric-particles-v1, fabric-recipe-api-v1, fabric-registry-sync-v0, fabric-renderer-api-v1]
[18:50:23] [Render thread/DEBUG] (net.fabricmc.fabric.impl.resource.loader.ModResourcePackUtil) [Fabric] cur @ fabric, auto-enabled fabric-renderer-indigo, currently enabled: [vanilla, fabric, better_deco, catalogue, configured, everycomp, fabric-api, fabric-api-base, fabric-api-lookup-api-v1, fabric-biome-api-v1, fabric-block-api-v1, fabric-block-view-api-v2, fabric-blockrenderlayer-v1, fabric-client-tags-api-v1, fabric-command-api-v1, fabric-command-api-v2, fabric-commands-v0, fabric-content-registries-v0, fabric-convention-tags-v1, fabric-convention-tags-v2, fabric-crash-report-info-v1, fabric-data-attachment-api-v1, fabric-data-generation-api-v1, fabric-dimensions-v1, fabric-entity-events-v1, fabric-events-interaction-v0, fabric-game-rule-api-v1, fabric-gametest-api-v1, fabric-item-api-v1, fabric-item-group-api-v1, fabric-key-binding-api-v1, fabric-keybindings-v0, fabric-lifecycle-events-v1, fabric-loot-api-v2, fabric-loot-api-v3, fabric-message-api-v1, fabric-model-loading-api-v1, fabric-networking-api-v1, fabric-object-builder-api-v1, fabric-particles-v1, fabric-recipe-api-v1, fabric-registry-sync-v0, fabric-renderer-api-v1, fabric-renderer-indigo]
[18:50:23] [Render thread/DEBUG] (net.fabricmc.fabric.impl.resource.loader.ModResourcePackUtil) [Fabric] cur @ fabric, auto-enabled fabric-renderer-registries-v1, currently enabled: [vanilla, fabric, better_deco, catalogue, configured, everycomp, fabric-api, fabric-api-base, fabric-api-lookup-api-v1, fabric-biome-api-v1, fabric-block-api-v1, fabric-block-view-api-v2, fabric-blockrenderlayer-v1, fabric-client-tags-api-v1, fabric-command-api-v1, fabric-command-api-v2, fabric-commands-v0, fabric-content-registries-v0, fabric-convention-tags-v1, fabric-convention-tags-v2, fabric-crash-report-info-v1, fabric-data-attachment-api-v1, fabric-data-generation-api-v1, fabric-dimensions-v1, fabric-entity-events-v1, fabric-events-interaction-v0, fabric-game-rule-api-v1, fabric-gametest-api-v1, fabric-item-api-v1, fabric-item-group-api-v1, fabric-key-binding-api-v1, fabric-keybindings-v0, fabric-lifecycle-events-v1, fabric-loot-api-v2, fabric-loot-api-v3, fabric-message-api-v1, fabric-model-loading-api-v1, fabric-networking-api-v1, fabric-object-builder-api-v1, fabric-particles-v1, fabric-recipe-api-v1, fabric-registry-sync-v0, fabric-renderer-api-v1, fabric-renderer-indigo, fabric-renderer-registries-v1]
[18:50:23] [Render thread/DEBUG] (net.fabricmc.fabric.impl.resource.loader.ModResourcePackUtil) [Fabric] cur @ fabric, auto-enabled fabric-rendering-data-attachment-v1, currently enabled: [vanilla, fabric, better_deco, catalogue, configured, everycomp, fabric-api, fabric-api-base, fabric-api-lookup-api-v1, fabric-biome-api-v1, fabric-block-api-v1, fabric-block-view-api-v2, fabric-blockrenderlayer-v1, fabric-client-tags-api-v1, fabric-command-api-v1, fabric-command-api-v2, fabric-commands-v0, fabric-content-registries-v0, fabric-convention-tags-v1, fabric-convention-tags-v2, fabric-crash-report-info-v1, fabric-data-attachment-api-v1, fabric-data-generation-api-v1, fabric-dimensions-v1, fabric-entity-events-v1, fabric-events-interaction-v0, fabric-game-rule-api-v1, fabric-gametest-api-v1, fabric-item-api-v1, fabric-item-group-api-v1, fabric-key-binding-api-v1, fabric-keybindings-v0, fabric-lifecycle-events-v1, fabric-loot-api-v2, fabric-loot-api-v3, fabric-message-api-v1, fabric-model-loading-api-v1, fabric-networking-api-v1, fabric-object-builder-api-v1, fabric-particles-v1, fabric-recipe-api-v1, fabric-registry-sync-v0, fabric-renderer-api-v1, fabric-renderer-indigo, fabric-renderer-registries-v1, fabric-rendering-data-attachment-v1]
[18:50:23] [Render thread/DEBUG] (net.fabricmc.fabric.impl.resource.loader.ModResourcePackUtil) [Fabric] cur @ fabric, auto-enabled fabric-rendering-fluids-v1, currently enabled: [vanilla, fabric, better_deco, catalogue, configured, everycomp, fabric-api, fabric-api-base, fabric-api-lookup-api-v1, fabric-biome-api-v1, fabric-block-api-v1, fabric-block-view-api-v2, fabric-blockrenderlayer-v1, fabric-client-tags-api-v1, fabric-command-api-v1, fabric-command-api-v2, fabric-commands-v0, fabric-content-registries-v0, fabric-convention-tags-v1, fabric-convention-tags-v2, fabric-crash-report-info-v1, fabric-data-attachment-api-v1, fabric-data-generation-api-v1, fabric-dimensions-v1, fabric-entity-events-v1, fabric-events-interaction-v0, fabric-game-rule-api-v1, fabric-gametest-api-v1, fabric-item-api-v1, fabric-item-group-api-v1, fabric-key-binding-api-v1, fabric-keybindings-v0, fabric-lifecycle-events-v1, fabric-loot-api-v2, fabric-loot-api-v3, fabric-message-api-v1, fabric-model-loading-api-v1, fabric-networking-api-v1, fabric-object-builder-api-v1, fabric-particles-v1, fabric-recipe-api-v1, fabric-registry-sync-v0, fabric-renderer-api-v1, fabric-renderer-indigo, fabric-renderer-registries-v1, fabric-rendering-data-attachment-v1, fabric-rendering-fluids-v1]
[18:50:23] [Render thread/DEBUG] (net.fabricmc.fabric.impl.resource.loader.ModResourcePackUtil) [Fabric] cur @ fabric, auto-enabled fabric-rendering-v0, currently enabled: [vanilla, fabric, better_deco, catalogue, configured, everycomp, fabric-api, fabric-api-base, fabric-api-lookup-api-v1, fabric-biome-api-v1, fabric-block-api-v1, fabric-block-view-api-v2, fabric-blockrenderlayer-v1, fabric-client-tags-api-v1, fabric-command-api-v1, fabric-command-api-v2, fabric-commands-v0, fabric-content-registries-v0, fabric-convention-tags-v1, fabric-convention-tags-v2, fabric-crash-report-info-v1, fabric-data-attachment-api-v1, fabric-data-generation-api-v1, fabric-dimensions-v1, fabric-entity-events-v1, fabric-events-interaction-v0, fabric-game-rule-api-v1, fabric-gametest-api-v1, fabric-item-api-v1, fabric-item-group-api-v1, fabric-key-binding-api-v1, fabric-keybindings-v0, fabric-lifecycle-events-v1, fabric-loot-api-v2, fabric-loot-api-v3, fabric-message-api-v1, fabric-model-loading-api-v1, fabric-networking-api-v1, fabric-object-builder-api-v1, fabric-particles-v1, fabric-recipe-api-v1, fabric-registry-sync-v0, fabric-renderer-api-v1, fabric-renderer-indigo, fabric-renderer-registries-v1, fabric-rendering-data-attachment-v1, fabric-rendering-fluids-v1, fabric-rendering-v0]
[18:50:23] [Render thread/DEBUG] (net.fabricmc.fabric.impl.resource.loader.ModResourcePackUtil) [Fabric] cur @ fabric, auto-enabled fabric-rendering-v1, currently enabled: [vanilla, fabric, better_deco, catalogue, configured, everycomp, fabric-api, fabric-api-base, fabric-api-lookup-api-v1, fabric-biome-api-v1, fabric-block-api-v1, fabric-block-view-api-v2, fabric-blockrenderlayer-v1, fabric-client-tags-api-v1, fabric-command-api-v1, fabric-command-api-v2, fabric-commands-v0, fabric-content-registries-v0, fabric-convention-tags-v1, fabric-convention-tags-v2, fabric-crash-report-info-v1, fabric-data-attachment-api-v1, fabric-data-generation-api-v1, fabric-dimensions-v1, fabric-entity-events-v1, fabric-events-interaction-v0, fabric-game-rule-api-v1, fabric-gametest-api-v1, fabric-item-api-v1, fabric-item-group-api-v1, fabric-key-binding-api-v1, fabric-keybindings-v0, fabric-lifecycle-events-v1, fabric-loot-api-v2, fabric-loot-api-v3, fabric-message-api-v1, fabric-model-loading-api-v1, fabric-networking-api-v1, fabric-object-builder-api-v1, fabric-particles-v1, fabric-recipe-api-v1, fabric-registry-sync-v0, fabric-renderer-api-v1, fabric-renderer-indigo, fabric-renderer-registries-v1, fabric-rendering-data-attachment-v1, fabric-rendering-fluids-v1, fabric-rendering-v0, fabric-rendering-v1]
[18:50:23] [Render thread/DEBUG] (net.fabricmc.fabric.impl.resource.loader.ModResourcePackUtil) [Fabric] cur @ fabric, auto-enabled fabric-resource-conditions-api-v1, currently enabled: [vanilla, fabric, better_deco, catalogue, configured, everycomp, fabric-api, fabric-api-base, fabric-api-lookup-api-v1, fabric-biome-api-v1, fabric-block-api-v1, fabric-block-view-api-v2, fabric-blockrenderlayer-v1, fabric-client-tags-api-v1, fabric-command-api-v1, fabric-command-api-v2, fabric-commands-v0, fabric-content-registries-v0, fabric-convention-tags-v1, fabric-convention-tags-v2, fabric-crash-report-info-v1, fabric-data-attachment-api-v1, fabric-data-generation-api-v1, fabric-dimensions-v1, fabric-entity-events-v1, fabric-events-interaction-v0, fabric-game-rule-api-v1, fabric-gametest-api-v1, fabric-item-api-v1, fabric-item-group-api-v1, fabric-key-binding-api-v1, fabric-keybindings-v0, fabric-lifecycle-events-v1, fabric-loot-api-v2, fabric-loot-api-v3, fabric-message-api-v1, fabric-model-loading-api-v1, fabric-networking-api-v1, fabric-object-builder-api-v1, fabric-particles-v1, fabric-recipe-api-v1, fabric-registry-sync-v0, fabric-renderer-api-v1, fabric-renderer-indigo, fabric-renderer-registries-v1, fabric-rendering-data-attachment-v1, fabric-rendering-fluids-v1, fabric-rendering-v0, fabric-rendering-v1, fabric-resource-conditions-api-v1]
[18:50:23] [Render thread/DEBUG] (net.fabricmc.fabric.impl.resource.loader.ModResourcePackUtil) [Fabric] cur @ fabric, auto-enabled fabric-resource-loader-v0, currently enabled: [vanilla, fabric, better_deco, catalogue, configured, everycomp, fabric-api, fabric-api-base, fabric-api-lookup-api-v1, fabric-biome-api-v1, fabric-block-api-v1, fabric-block-view-api-v2, fabric-blockrenderlayer-v1, fabric-client-tags-api-v1, fabric-command-api-v1, fabric-command-api-v2, fabric-commands-v0, fabric-content-registries-v0, fabric-convention-tags-v1, fabric-convention-tags-v2, fabric-crash-report-info-v1, fabric-data-attachment-api-v1, fabric-data-generation-api-v1, fabric-dimensions-v1, fabric-entity-events-v1, fabric-events-interaction-v0, fabric-game-rule-api-v1, fabric-gametest-api-v1, fabric-item-api-v1, fabric-item-group-api-v1, fabric-key-binding-api-v1, fabric-keybindings-v0, fabric-lifecycle-events-v1, fabric-loot-api-v2, fabric-loot-api-v3, fabric-message-api-v1, fabric-model-loading-api-v1, fabric-networking-api-v1, fabric-object-builder-api-v1, fabric-particles-v1, fabric-recipe-api-v1, fabric-registry-sync-v0, fabric-renderer-api-v1, fabric-renderer-indigo, fabric-renderer-registries-v1, fabric-rendering-data-attachment-v1, fabric-rendering-fluids-v1, fabric-rendering-v0, fabric-rendering-v1, fabric-resource-conditions-api-v1, fabric-resource-loader-v0]
[18:50:23] [Render thread/DEBUG] (net.fabricmc.fabric.impl.resource.loader.ModResourcePackUtil) [Fabric] cur @ fabric, auto-enabled fabric-screen-api-v1, currently enabled: [vanilla, fabric, better_deco, catalogue, configured, everycomp, fabric-api, fabric-api-base, fabric-api-lookup-api-v1, fabric-biome-api-v1, fabric-block-api-v1, fabric-block-view-api-v2, fabric-blockrenderlayer-v1, fabric-client-tags-api-v1, fabric-command-api-v1, fabric-command-api-v2, fabric-commands-v0, fabric-content-registries-v0, fabric-convention-tags-v1, fabric-convention-tags-v2, fabric-crash-report-info-v1, fabric-data-attachment-api-v1, fabric-data-generation-api-v1, fabric-dimensions-v1, fabric-entity-events-v1, fabric-events-interaction-v0, fabric-game-rule-api-v1, fabric-gametest-api-v1, fabric-item-api-v1, fabric-item-group-api-v1, fabric-key-binding-api-v1, fabric-keybindings-v0, fabric-lifecycle-events-v1, fabric-loot-api-v2, fabric-loot-api-v3, fabric-message-api-v1, fabric-model-loading-api-v1, fabric-networking-api-v1, fabric-object-builder-api-v1, fabric-particles-v1, fabric-recipe-api-v1, fabric-registry-sync-v0, fabric-renderer-api-v1, fabric-renderer-indigo, fabric-renderer-registries-v1, fabric-rendering-data-attachment-v1, fabric-rendering-fluids-v1, fabric-rendering-v0, fabric-rendering-v1, fabric-resource-conditions-api-v1, fabric-resource-loader-v0, fabric-screen-api-v1]
[18:50:23] [Render thread/DEBUG] (net.fabricmc.fabric.impl.resource.loader.ModResourcePackUtil) [Fabric] cur @ fabric, auto-enabled fabric-screen-handler-api-v1, currently enabled: [vanilla, fabric, better_deco, catalogue, configured, everycomp, fabric-api, fabric-api-base, fabric-api-lookup-api-v1, fabric-biome-api-v1, fabric-block-api-v1, fabric-block-view-api-v2, fabric-blockrenderlayer-v1, fabric-client-tags-api-v1, fabric-command-api-v1, fabric-command-api-v2, fabric-commands-v0, fabric-content-registries-v0, fabric-convention-tags-v1, fabric-convention-tags-v2, fabric-crash-report-info-v1, fabric-data-attachment-api-v1, fabric-data-generation-api-v1, fabric-dimensions-v1, fabric-entity-events-v1, fabric-events-interaction-v0, fabric-game-rule-api-v1, fabric-gametest-api-v1, fabric-item-api-v1, fabric-item-group-api-v1, fabric-key-binding-api-v1, fabric-keybindings-v0, fabric-lifecycle-events-v1, fabric-loot-api-v2, fabric-loot-api-v3, fabric-message-api-v1, fabric-model-loading-api-v1, fabric-networking-api-v1, fabric-object-builder-api-v1, fabric-particles-v1, fabric-recipe-api-v1, fabric-registry-sync-v0, fabric-renderer-api-v1, fabric-renderer-indigo, fabric-renderer-registries-v1, fabric-rendering-data-attachment-v1, fabric-rendering-fluids-v1, fabric-rendering-v0, fabric-rendering-v1, fabric-resource-conditions-api-v1, fabric-resource-loader-v0, fabric-screen-api-v1, fabric-screen-handler-api-v1]
[18:50:23] [Render thread/DEBUG] (net.fabricmc.fabric.impl.resource.loader.ModResourcePackUtil) [Fabric] cur @ fabric, auto-enabled fabric-sound-api-v1, currently enabled: [vanilla, fabric, better_deco, catalogue, configured, everycomp, fabric-api, fabric-api-base, fabric-api-lookup-api-v1, fabric-biome-api-v1, fabric-block-api-v1, fabric-block-view-api-v2, fabric-blockrenderlayer-v1, fabric-client-tags-api-v1, fabric-command-api-v1, fabric-command-api-v2, fabric-commands-v0, fabric-content-registries-v0, fabric-convention-tags-v1, fabric-convention-tags-v2, fabric-crash-report-info-v1, fabric-data-attachment-api-v1, fabric-data-generation-api-v1, fabric-dimensions-v1, fabric-entity-events-v1, fabric-events-interaction-v0, fabric-game-rule-api-v1, fabric-gametest-api-v1, fabric-item-api-v1, fabric-item-group-api-v1, fabric-key-binding-api-v1, fabric-keybindings-v0, fabric-lifecycle-events-v1, fabric-loot-api-v2, fabric-loot-api-v3, fabric-message-api-v1, fabric-model-loading-api-v1, fabric-networking-api-v1, fabric-object-builder-api-v1, fabric-particles-v1, fabric-recipe-api-v1, fabric-registry-sync-v0, fabric-renderer-api-v1, fabric-renderer-indigo, fabric-renderer-registries-v1, fabric-rendering-data-attachment-v1, fabric-rendering-fluids-v1, fabric-rendering-v0, fabric-rendering-v1, fabric-resource-conditions-api-v1, fabric-resource-loader-v0, fabric-screen-api-v1, fabric-screen-handler-api-v1, fabric-sound-api-v1]
[18:50:23] [Render thread/DEBUG] (net.fabricmc.fabric.impl.resource.loader.ModResourcePackUtil) [Fabric] cur @ fabric, auto-enabled fabric-transfer-api-v1, currently enabled: [vanilla, fabric, better_deco, catalogue, configured, everycomp, fabric-api, fabric-api-base, fabric-api-lookup-api-v1, fabric-biome-api-v1, fabric-block-api-v1, fabric-block-view-api-v2, fabric-blockrenderlayer-v1, fabric-client-tags-api-v1, fabric-command-api-v1, fabric-command-api-v2, fabric-commands-v0, fabric-content-registries-v0, fabric-convention-tags-v1, fabric-convention-tags-v2, fabric-crash-report-info-v1, fabric-data-attachment-api-v1, fabric-data-generation-api-v1, fabric-dimensions-v1, fabric-entity-events-v1, fabric-events-interaction-v0, fabric-game-rule-api-v1, fabric-gametest-api-v1, fabric-item-api-v1, fabric-item-group-api-v1, fabric-key-binding-api-v1, fabric-keybindings-v0, fabric-lifecycle-events-v1, fabric-loot-api-v2, fabric-loot-api-v3, fabric-message-api-v1, fabric-model-loading-api-v1, fabric-networking-api-v1, fabric-object-builder-api-v1, fabric-particles-v1, fabric-recipe-api-v1, fabric-registry-sync-v0, fabric-renderer-api-v1, fabric-renderer-indigo, fabric-renderer-registries-v1, fabric-rendering-data-attachment-v1, fabric-rendering-fluids-v1, fabric-rendering-v0, fabric-rendering-v1, fabric-resource-conditions-api-v1, fabric-resource-loader-v0, fabric-screen-api-v1, fabric-screen-handler-api-v1, fabric-sound-api-v1, fabric-transfer-api-v1]
[18:50:23] [Render thread/DEBUG] (net.fabricmc.fabric.impl.resource.loader.ModResourcePackUtil) [Fabric] cur @ fabric, auto-enabled fabric-transitive-access-wideners-v1, currently enabled: [vanilla, fabric, better_deco, catalogue, configured, everycomp, fabric-api, fabric-api-base, fabric-api-lookup-api-v1, fabric-biome-api-v1, fabric-block-api-v1, fabric-block-view-api-v2, fabric-blockrenderlayer-v1, fabric-client-tags-api-v1, fabric-command-api-v1, fabric-command-api-v2, fabric-commands-v0, fabric-content-registries-v0, fabric-convention-tags-v1, fabric-convention-tags-v2, fabric-crash-report-info-v1, fabric-data-attachment-api-v1, fabric-data-generation-api-v1, fabric-dimensions-v1, fabric-entity-events-v1, fabric-events-interaction-v0, fabric-game-rule-api-v1, fabric-gametest-api-v1, fabric-item-api-v1, fabric-item-group-api-v1, fabric-key-binding-api-v1, fabric-keybindings-v0, fabric-lifecycle-events-v1, fabric-loot-api-v2, fabric-loot-api-v3, fabric-message-api-v1, fabric-model-loading-api-v1, fabric-networking-api-v1, fabric-object-builder-api-v1, fabric-particles-v1, fabric-recipe-api-v1, fabric-registry-sync-v0, fabric-renderer-api-v1, fabric-renderer-indigo, fabric-renderer-registries-v1, fabric-rendering-data-attachment-v1, fabric-rendering-fluids-v1, fabric-rendering-v0, fabric-rendering-v1, fabric-resource-conditions-api-v1, fabric-resource-loader-v0, fabric-screen-api-v1, fabric-screen-handler-api-v1, fabric-sound-api-v1, fabric-transfer-api-v1, fabric-transitive-access-wideners-v1]
[18:50:23] [Render thread/DEBUG] (net.fabricmc.fabric.impl.resource.loader.ModResourcePackUtil) [Fabric] cur @ fabric, auto-enabled fabricloader, currently enabled: [vanilla, fabric, better_deco, catalogue, configured, everycomp, fabric-api, fabric-api-base, fabric-api-lookup-api-v1, fabric-biome-api-v1, fabric-block-api-v1, fabric-block-view-api-v2, fabric-blockrenderlayer-v1, fabric-client-tags-api-v1, fabric-command-api-v1, fabric-command-api-v2, fabric-commands-v0, fabric-content-registries-v0, fabric-convention-tags-v1, fabric-convention-tags-v2, fabric-crash-report-info-v1, fabric-data-attachment-api-v1, fabric-data-generation-api-v1, fabric-dimensions-v1, fabric-entity-events-v1, fabric-events-interaction-v0, fabric-game-rule-api-v1, fabric-gametest-api-v1, fabric-item-api-v1, fabric-item-group-api-v1, fabric-key-binding-api-v1, fabric-keybindings-v0, fabric-lifecycle-events-v1, fabric-loot-api-v2, fabric-loot-api-v3, fabric-message-api-v1, fabric-model-loading-api-v1, fabric-networking-api-v1, fabric-object-builder-api-v1, fabric-particles-v1, fabric-recipe-api-v1, fabric-registry-sync-v0, fabric-renderer-api-v1, fabric-renderer-indigo, fabric-renderer-registries-v1, fabric-rendering-data-attachment-v1, fabric-rendering-fluids-v1, fabric-rendering-v0, fabric-rendering-v1, fabric-resource-conditions-api-v1, fabric-resource-loader-v0, fabric-screen-api-v1, fabric-screen-handler-api-v1, fabric-sound-api-v1, fabric-transfer-api-v1, fabric-transitive-access-wideners-v1, fabricloader]
[18:50:23] [Render thread/DEBUG] (net.fabricmc.fabric.impl.resource.loader.ModResourcePackUtil) [Fabric] cur @ fabric, auto-enabled framework, currently enabled: [vanilla, fabric, better_deco, catalogue, configured, everycomp, fabric-api, fabric-api-base, fabric-api-lookup-api-v1, fabric-biome-api-v1, fabric-block-api-v1, fabric-block-view-api-v2, fabric-blockrenderlayer-v1, fabric-client-tags-api-v1, fabric-command-api-v1, fabric-command-api-v2, fabric-commands-v0, fabric-content-registries-v0, fabric-convention-tags-v1, fabric-convention-tags-v2, fabric-crash-report-info-v1, fabric-data-attachment-api-v1, fabric-data-generation-api-v1, fabric-dimensions-v1, fabric-entity-events-v1, fabric-events-interaction-v0, fabric-game-rule-api-v1, fabric-gametest-api-v1, fabric-item-api-v1, fabric-item-group-api-v1, fabric-key-binding-api-v1, fabric-keybindings-v0, fabric-lifecycle-events-v1, fabric-loot-api-v2, fabric-loot-api-v3, fabric-message-api-v1, fabric-model-loading-api-v1, fabric-networking-api-v1, fabric-object-builder-api-v1, fabric-particles-v1, fabric-recipe-api-v1, fabric-registry-sync-v0, fabric-renderer-api-v1, fabric-renderer-indigo, fabric-renderer-registries-v1, fabric-rendering-data-attachment-v1, fabric-rendering-fluids-v1, fabric-rendering-v0, fabric-rendering-v1, fabric-resource-conditions-api-v1, fabric-resource-loader-v0, fabric-screen-api-v1, fabric-screen-handler-api-v1, fabric-sound-api-v1, fabric-transfer-api-v1, fabric-transitive-access-wideners-v1, fabricloader, framework]
[18:50:23] [Render thread/DEBUG] (net.fabricmc.fabric.impl.resource.loader.ModResourcePackUtil) [Fabric] cur @ fabric, auto-enabled jei, currently enabled: [vanilla, fabric, better_deco, catalogue, configured, everycomp, fabric-api, fabric-api-base, fabric-api-lookup-api-v1, fabric-biome-api-v1, fabric-block-api-v1, fabric-block-view-api-v2, fabric-blockrenderlayer-v1, fabric-client-tags-api-v1, fabric-command-api-v1, fabric-command-api-v2, fabric-commands-v0, fabric-content-registries-v0, fabric-convention-tags-v1, fabric-convention-tags-v2, fabric-crash-report-info-v1, fabric-data-attachment-api-v1, fabric-data-generation-api-v1, fabric-dimensions-v1, fabric-entity-events-v1, fabric-events-interaction-v0, fabric-game-rule-api-v1, fabric-gametest-api-v1, fabric-item-api-v1, fabric-item-group-api-v1, fabric-key-binding-api-v1, fabric-keybindings-v0, fabric-lifecycle-events-v1, fabric-loot-api-v2, fabric-loot-api-v3, fabric-message-api-v1, fabric-model-loading-api-v1, fabric-networking-api-v1, fabric-object-builder-api-v1, fabric-particles-v1, fabric-recipe-api-v1, fabric-registry-sync-v0, fabric-renderer-api-v1, fabric-renderer-indigo, fabric-renderer-registries-v1, fabric-rendering-data-attachment-v1, fabric-rendering-fluids-v1, fabric-rendering-v0, fabric-rendering-v1, fabric-resource-conditions-api-v1, fabric-resource-loader-v0, fabric-screen-api-v1, fabric-screen-handler-api-v1, fabric-sound-api-v1, fabric-transfer-api-v1, fabric-transitive-access-wideners-v1, fabricloader, framework, jei]
[18:50:23] [Render thread/DEBUG] (net.fabricmc.fabric.impl.resource.loader.ModResourcePackUtil) [Fabric] cur @ fabric, auto-enabled menulogue, currently enabled: [vanilla, fabric, better_deco, catalogue, configured, everycomp, fabric-api, fabric-api-base, fabric-api-lookup-api-v1, fabric-biome-api-v1, fabric-block-api-v1, fabric-block-view-api-v2, fabric-blockrenderlayer-v1, fabric-client-tags-api-v1, fabric-command-api-v1, fabric-command-api-v2, fabric-commands-v0, fabric-content-registries-v0, fabric-convention-tags-v1, fabric-convention-tags-v2, fabric-crash-report-info-v1, fabric-data-attachment-api-v1, fabric-data-generation-api-v1, fabric-dimensions-v1, fabric-entity-events-v1, fabric-events-interaction-v0, fabric-game-rule-api-v1, fabric-gametest-api-v1, fabric-item-api-v1, fabric-item-group-api-v1, fabric-key-binding-api-v1, fabric-keybindings-v0, fabric-lifecycle-events-v1, fabric-loot-api-v2, fabric-loot-api-v3, fabric-message-api-v1, fabric-model-loading-api-v1, fabric-networking-api-v1, fabric-object-builder-api-v1, fabric-particles-v1, fabric-recipe-api-v1, fabric-registry-sync-v0, fabric-renderer-api-v1, fabric-renderer-indigo, fabric-renderer-registries-v1, fabric-rendering-data-attachment-v1, fabric-rendering-fluids-v1, fabric-rendering-v0, fabric-rendering-v1, fabric-resource-conditions-api-v1, fabric-resource-loader-v0, fabric-screen-api-v1, fabric-screen-handler-api-v1, fabric-sound-api-v1, fabric-transfer-api-v1, fabric-transitive-access-wideners-v1, fabricloader, framework, jei, menulogue]
[18:50:23] [Render thread/DEBUG] (net.fabricmc.fabric.impl.resource.loader.ModResourcePackUtil) [Fabric] cur @ fabric, auto-enabled moonlight, currently enabled: [vanilla, fabric, better_deco, catalogue, configured, everycomp, fabric-api, fabric-api-base, fabric-api-lookup-api-v1, fabric-biome-api-v1, fabric-block-api-v1, fabric-block-view-api-v2, fabric-blockrenderlayer-v1, fabric-client-tags-api-v1, fabric-command-api-v1, fabric-command-api-v2, fabric-commands-v0, fabric-content-registries-v0, fabric-convention-tags-v1, fabric-convention-tags-v2, fabric-crash-report-info-v1, fabric-data-attachment-api-v1, fabric-data-generation-api-v1, fabric-dimensions-v1, fabric-entity-events-v1, fabric-events-interaction-v0, fabric-game-rule-api-v1, fabric-gametest-api-v1, fabric-item-api-v1, fabric-item-group-api-v1, fabric-key-binding-api-v1, fabric-keybindings-v0, fabric-lifecycle-events-v1, fabric-loot-api-v2, fabric-loot-api-v3, fabric-message-api-v1, fabric-model-loading-api-v1, fabric-networking-api-v1, fabric-object-builder-api-v1, fabric-particles-v1, fabric-recipe-api-v1, fabric-registry-sync-v0, fabric-renderer-api-v1, fabric-renderer-indigo, fabric-renderer-registries-v1, fabric-rendering-data-attachment-v1, fabric-rendering-fluids-v1, fabric-rendering-v0, fabric-rendering-v1, fabric-resource-conditions-api-v1, fabric-resource-loader-v0, fabric-screen-api-v1, fabric-screen-handler-api-v1, fabric-sound-api-v1, fabric-transfer-api-v1, fabric-transitive-access-wideners-v1, fabricloader, framework, jei, menulogue, moonlight]
[18:50:23] [Render thread/DEBUG] (net.fabricmc.fabric.impl.resource.loader.ModResourcePackUtil) [Fabric] cur @ fabric, auto-enabled natures_spirit, currently enabled: [vanilla, fabric, better_deco, catalogue, configured, everycomp, fabric-api, fabric-api-base, fabric-api-lookup-api-v1, fabric-biome-api-v1, fabric-block-api-v1, fabric-block-view-api-v2, fabric-blockrenderlayer-v1, fabric-client-tags-api-v1, fabric-command-api-v1, fabric-command-api-v2, fabric-commands-v0, fabric-content-registries-v0, fabric-convention-tags-v1, fabric-convention-tags-v2, fabric-crash-report-info-v1, fabric-data-attachment-api-v1, fabric-data-generation-api-v1, fabric-dimensions-v1, fabric-entity-events-v1, fabric-events-interaction-v0, fabric-game-rule-api-v1, fabric-gametest-api-v1, fabric-item-api-v1, fabric-item-group-api-v1, fabric-key-binding-api-v1, fabric-keybindings-v0, fabric-lifecycle-events-v1, fabric-loot-api-v2, fabric-loot-api-v3, fabric-message-api-v1, fabric-model-loading-api-v1, fabric-networking-api-v1, fabric-object-builder-api-v1, fabric-particles-v1, fabric-recipe-api-v1, fabric-registry-sync-v0, fabric-renderer-api-v1, fabric-renderer-indigo, fabric-renderer-registries-v1, fabric-rendering-data-attachment-v1, fabric-rendering-fluids-v1, fabric-rendering-v0, fabric-rendering-v1, fabric-resource-conditions-api-v1, fabric-resource-loader-v0, fabric-screen-api-v1, fabric-screen-handler-api-v1, fabric-sound-api-v1, fabric-transfer-api-v1, fabric-transitive-access-wideners-v1, fabricloader, framework, jei, menulogue, moonlight, natures_spirit]
[18:50:23] [Render thread/DEBUG] (net.fabricmc.fabric.impl.resource.loader.ModResourcePackUtil) [Fabric] cur @ fabric, auto-enabled terrablender, currently enabled: [vanilla, fabric, better_deco, catalogue, configured, everycomp, fabric-api, fabric-api-base, fabric-api-lookup-api-v1, fabric-biome-api-v1, fabric-block-api-v1, fabric-block-view-api-v2, fabric-blockrenderlayer-v1, fabric-client-tags-api-v1, fabric-command-api-v1, fabric-command-api-v2, fabric-commands-v0, fabric-content-registries-v0, fabric-convention-tags-v1, fabric-convention-tags-v2, fabric-crash-report-info-v1, fabric-data-attachment-api-v1, fabric-data-generation-api-v1, fabric-dimensions-v1, fabric-entity-events-v1, fabric-events-interaction-v0, fabric-game-rule-api-v1, fabric-gametest-api-v1, fabric-item-api-v1, fabric-item-group-api-v1, fabric-key-binding-api-v1, fabric-keybindings-v0, fabric-lifecycle-events-v1, fabric-loot-api-v2, fabric-loot-api-v3, fabric-message-api-v1, fabric-model-loading-api-v1, fabric-networking-api-v1, fabric-object-builder-api-v1, fabric-particles-v1, fabric-recipe-api-v1, fabric-registry-sync-v0, fabric-renderer-api-v1, fabric-renderer-indigo, fabric-renderer-registries-v1, fabric-rendering-data-attachment-v1, fabric-rendering-fluids-v1, fabric-rendering-v0, fabric-rendering-v1, fabric-resource-conditions-api-v1, fabric-resource-loader-v0, fabric-screen-api-v1, fabric-screen-handler-api-v1, fabric-sound-api-v1, fabric-transfer-api-v1, fabric-transitive-access-wideners-v1, fabricloader, framework, jei, menulogue, moonlight, natures_spirit, terrablender]
[18:50:23] [Render thread/DEBUG] (net.fabricmc.fabric.impl.resource.loader.ModResourcePackUtil) [Fabric] Final sorting result: [vanilla, fabric, better_deco, catalogue, configured, everycomp, fabric-api, fabric-api-base, fabric-api-lookup-api-v1, fabric-biome-api-v1, fabric-block-api-v1, fabric-block-view-api-v2, fabric-blockrenderlayer-v1, fabric-client-tags-api-v1, fabric-command-api-v1, fabric-command-api-v2, fabric-commands-v0, fabric-content-registries-v0, fabric-convention-tags-v1, fabric-convention-tags-v2, fabric-crash-report-info-v1, fabric-data-attachment-api-v1, fabric-data-generation-api-v1, fabric-dimensions-v1, fabric-entity-events-v1, fabric-events-interaction-v0, fabric-game-rule-api-v1, fabric-gametest-api-v1, fabric-item-api-v1, fabric-item-group-api-v1, fabric-key-binding-api-v1, fabric-keybindings-v0, fabric-lifecycle-events-v1, fabric-loot-api-v2, fabric-loot-api-v3, fabric-message-api-v1, fabric-model-loading-api-v1, fabric-networking-api-v1, fabric-object-builder-api-v1, fabric-particles-v1, fabric-recipe-api-v1, fabric-registry-sync-v0, fabric-renderer-api-v1, fabric-renderer-indigo, fabric-renderer-registries-v1, fabric-rendering-data-attachment-v1, fabric-rendering-fluids-v1, fabric-rendering-v0, fabric-rendering-v1, fabric-resource-conditions-api-v1, fabric-resource-loader-v0, fabric-screen-api-v1, fabric-screen-handler-api-v1, fabric-sound-api-v1, fabric-transfer-api-v1, fabric-transitive-access-wideners-v1, fabricloader, framework, jei, menulogue, moonlight, natures_spirit, terrablender, moonlight:merged_pack]
[18:50:23] [Render thread/DEBUG] (FabricLoader/Mixin) Mixing KeyedResourceReloadListenerClientMixin from fabric-resource-loader-v0.client.mixins.json into net.minecraft.client.resources.language.LanguageManager
[18:50:23] [Render thread/DEBUG] (FabricLoader/Mixin) fabric-resource-loader-v0.client.mixins.json:KeyedResourceReloadListenerClientMixin from mod fabric-resource-loader-v0: Class version 65 required is higher than the class version supported by the current version of Mixin (JAVA_17 supports class version 61)
[18:50:23] [Render thread/DEBUG] (FabricLoader/Mixin) Mixing ClientLanguagesMixin from moonlight.mixins.json into net.minecraft.client.resources.language.ClientLanguage
[18:50:23] [Render thread/DEBUG] (FabricLoader/Mixin) moonlight.mixins.json:ClientLanguagesMixin from mod moonlight: Class version 65 required is higher than the class version supported by the current version of Mixin (JAVA_17 supports class version 61)
[18:50:23] [Render thread/DEBUG] (FabricLoader/Mixin) Renaming synthetic method lambda$addEntries$0(Lnet/mehvahdjukaar/moonlight/api/events/AfterLanguageLoadEvent;Lnet/mehvahdjukaar/moonlight/api/set/BlockTypeRegistry;)V to md310282$moonlight$lambda$addEntries$0$0 in moonlight.mixins.json:ClientLanguagesMixin from mod moonlight
[18:50:23] [Render thread/DEBUG] (FabricLoader/Mixin) Mixing DynamicTextureMixin from moonlight-common.mixins.json into net.minecraft.client.renderer.texture.DynamicTexture
[18:50:23] [Render thread/DEBUG] (FabricLoader/Mixin) moonlight-common.mixins.json:DynamicTextureMixin from mod moonlight: Class version 65 required is higher than the class version supported by the current version of Mixin (JAVA_17 supports class version 61)
[18:50:23] [Render thread/DEBUG] (FabricLoader/Mixin) Mixing KeyedResourceReloadListenerClientMixin from fabric-resource-loader-v0.client.mixins.json into net.minecraft.client.sounds.SoundManager
[18:50:23] [Render thread/DEBUG] (FabricLoader/Mixin) fabric-resource-loader-v0.client.mixins.json:KeyedResourceReloadListenerClientMixin from mod fabric-resource-loader-v0: Class version 65 required is higher than the class version supported by the current version of Mixin (JAVA_17 supports class version 61)
[18:50:23] [Render thread/DEBUG] (FabricLoader/Mixin) Mixing modification.DynamicRegistryManagerImmutableImplMixin from fabric-biome-api-v1.mixins.json into net.minecraft.core.RegistryAccess$ImmutableRegistryAccess
[18:50:23] [Render thread/DEBUG] (FabricLoader/Mixin) fabric-biome-api-v1.mixins.json:modification.DynamicRegistryManagerImmutableImplMixin from mod fabric-biome-api-v1: Class version 65 required is higher than the class version supported by the current version of Mixin (JAVA_17 supports class version 61)
[18:50:23] [Render thread/DEBUG] (FabricLoader/Mixin) Mixing SoundSystemMixin from fabric-sound-api-v1.mixins.json into net.minecraft.client.sounds.SoundEngine
[18:50:23] [Render thread/DEBUG] (FabricLoader/Mixin) fabric-sound-api-v1.mixins.json:SoundSystemMixin from mod fabric-sound-api-v1: Class version 65 required is higher than the class version supported by the current version of Mixin (JAVA_17 supports class version 61)
[18:50:23] [Render thread/DEBUG] (FabricLoader/Mixin) Mixing FontManagerMixin from fabric-resource-loader-v0.client.mixins.json into net.minecraft.client.gui.font.FontManager
[18:50:23] [Render thread/DEBUG] (FabricLoader/Mixin) fabric-resource-loader-v0.client.mixins.json:FontManagerMixin from mod fabric-resource-loader-v0: Class version 65 required is higher than the class version supported by the current version of Mixin (JAVA_17 supports class version 61)
[18:50:23] [Render thread/DEBUG] (FabricLoader/Mixin) Mixing BlockColorsMixin from fabric-registry-sync-v0.client.mixins.json into net.minecraft.client.color.block.BlockColors
[18:50:23] [Render thread/DEBUG] (FabricLoader/Mixin) fabric-registry-sync-v0.client.mixins.json:BlockColorsMixin from mod fabric-registry-sync-v0: Class version 65 required is higher than the class version supported by the current version of Mixin (JAVA_17 supports class version 61)
[18:50:23] [Render thread/DEBUG] (FabricLoader/Mixin) Mixing BlockColorsMixin from fabric-rendering-v1.mixins.json into net.minecraft.client.color.block.BlockColors
[18:50:23] [Render thread/DEBUG] (FabricLoader/Mixin) fabric-rendering-v1.mixins.json:BlockColorsMixin from mod fabric-rendering-v1: Class version 65 required is higher than the class version supported by the current version of Mixin (JAVA_17 supports class version 61)
[18:50:23] [Render thread/DEBUG] (FabricLoader/Mixin) fabric-registry-sync-v0.client.mixins.json:BlockColorsMixin from mod fabric-registry-sync-v0->@Inject::create(Lorg/spongepowered/asm/mixin/injection/callback/CallbackInfo;)V doesn't use it's CallbackInfo
[18:50:23] [Render thread/DEBUG] (FabricLoader/Mixin) fabric-registry-sync-v0.client.mixins.json:BlockColorsMixin from mod fabric-registry-sync-v0->@Inject::create(Lorg/spongepowered/asm/mixin/injection/callback/CallbackInfo;)V has 0 override(s) in child classes
[18:50:23] [Render thread/DEBUG] (FabricLoader/Mixin) fabric-registry-sync-v0.client.mixins.json:BlockColorsMixin from mod fabric-registry-sync-v0->@Inject::create(Lorg/spongepowered/asm/mixin/injection/callback/CallbackInfo;)V won't be passed a CallbackInfo as a result
[18:50:23] [Render thread/DEBUG] (FabricLoader/Mixin) fabric-rendering-v1.mixins.json:BlockColorsMixin from mod fabric-rendering-v1->@Inject::create(Lorg/spongepowered/asm/mixin/injection/callback/CallbackInfoReturnable;)V does use it's CallbackInfoReturnable
[18:50:23] [Render thread/DEBUG] (FabricLoader/Mixin) Mixing ItemColorsMixin from fabric-registry-sync-v0.client.mixins.json into net.minecraft.client.color.item.ItemColors
[18:50:23] [Render thread/DEBUG] (FabricLoader/Mixin) fabric-registry-sync-v0.client.mixins.json:ItemColorsMixin from mod fabric-registry-sync-v0: Class version 65 required is higher than the class version supported by the current version of Mixin (JAVA_17 supports class version 61)
[18:50:23] [Render thread/DEBUG] (FabricLoader/Mixin) Mixing ItemColorsMixin from fabric-rendering-v1.mixins.json into net.minecraft.client.color.item.ItemColors
[18:50:23] [Render thread/DEBUG] (FabricLoader/Mixin) fabric-rendering-v1.mixins.json:ItemColorsMixin from mod fabric-rendering-v1: Class version 65 required is higher than the class version supported by the current version of Mixin (JAVA_17 supports class version 61)
[18:50:23] [Render thread/DEBUG] (FabricLoader/Mixin) fabric-registry-sync-v0.client.mixins.json:ItemColorsMixin from mod fabric-registry-sync-v0->@Inject::create(Lorg/spongepowered/asm/mixin/injection/callback/CallbackInfo;)V doesn't use it's CallbackInfo
[18:50:23] [Render thread/DEBUG] (FabricLoader/Mixin) fabric-registry-sync-v0.client.mixins.json:ItemColorsMixin from mod fabric-registry-sync-v0->@Inject::create(Lorg/spongepowered/asm/mixin/injection/callback/CallbackInfo;)V has 0 override(s) in child classes
[18:50:23] [Render thread/DEBUG] (FabricLoader/Mixin) fabric-registry-sync-v0.client.mixins.json:ItemColorsMixin from mod fabric-registry-sync-v0->@Inject::create(Lorg/spongepowered/asm/mixin/injection/callback/CallbackInfo;)V won't be passed a CallbackInfo as a result
[18:50:23] [Render thread/DEBUG] (FabricLoader/Mixin) fabric-rendering-v1.mixins.json:ItemColorsMixin from mod fabric-rendering-v1->@Inject::create(Lnet/minecraft/client/color/block/BlockColors;Lorg/spongepowered/asm/mixin/injection/callback/CallbackInfoReturnable;)V does use it's CallbackInfoReturnable
[18:50:23] [Render thread/DEBUG] (FabricLoader/Mixin) Mixing KeyedResourceReloadListenerClientMixin from fabric-resource-loader-v0.client.mixins.json into net.minecraft.client.resources.model.ModelManager
[18:50:23] [Render thread/DEBUG] (FabricLoader/Mixin) fabric-resource-loader-v0.client.mixins.json:KeyedResourceReloadListenerClientMixin from mod fabric-resource-loader-v0: Class version 65 required is higher than the class version supported by the current version of Mixin (JAVA_17 supports class version 61)
[18:50:23] [Render thread/DEBUG] (FabricLoader/Mixin) Mixing ModelManagerAccessor from moonlight.mixins.json into net.minecraft.client.resources.model.ModelManager
[18:50:23] [Render thread/DEBUG] (FabricLoader/Mixin) moonlight.mixins.json:ModelManagerAccessor from mod moonlight: Class version 65 required is higher than the class version supported by the current version of Mixin (JAVA_17 supports class version 61)
[18:50:23] [Render thread/DEBUG] (FabricLoader/Mixin) Mixing BakedModelManagerMixin from fabric-model-loading-api-v1.mixins.json into net.minecraft.client.resources.model.ModelManager
[18:50:23] [Render thread/DEBUG] (FabricLoader/Mixin) fabric-model-loading-api-v1.mixins.json:BakedModelManagerMixin from mod fabric-model-loading-api-v1: Class version 65 required is higher than the class version supported by the current version of Mixin (JAVA_17 supports class version 61)
[18:50:23] [Render thread/DEBUG] (FabricLoader/Mixin) Renaming synthetic method lambda$loadModelPluginData$0(Ljava/util/function/BiFunction;Lnet/minecraft/util/Tuple;Ljava/util/List;)Lnet/minecraft/client/resources/model/ModelBakery; to md310282$fabric-model-loading-api-v1$lambda$loadModelPluginData$0$0 in fabric-model-loading-api-v1.mixins.json:BakedModelManagerMixin from mod fabric-model-loading-api-v1
[18:50:23] [Render thread/DEBUG] (FabricLoader/Mixin) Mixing TexturedRenderLayersMixin from fabric-object-builder-v1.client.mixins.json into net.minecraft.client.renderer.Sheets
[18:50:23] [Render thread/DEBUG] (FabricLoader/Mixin) fabric-object-builder-v1.client.mixins.json:TexturedRenderLayersMixin from mod fabric-object-builder-api-v1: Class version 65 required is higher than the class version supported by the current version of Mixin (JAVA_17 supports class version 61)
[18:50:23] [Render thread/DEBUG] (FabricLoader/Mixin) fabric-object-builder-v1.client.mixins.json:TexturedRenderLayersMixin from mod fabric-object-builder-api-v1->@Inject::modifyTextureId(Lnet/minecraft/world/level/block/state/properties/WoodType;Lorg/spongepowered/asm/mixin/injection/callback/CallbackInfoReturnable;)V does use it's CallbackInfoReturnable
[18:50:23] [Render thread/DEBUG] (FabricLoader/Mixin) fabric-object-builder-v1.client.mixins.json:TexturedRenderLayersMixin from mod fabric-object-builder-api-v1->@Inject::modifyHangingTextureId(Lnet/minecraft/world/level/block/state/properties/WoodType;Lorg/spongepowered/asm/mixin/injection/callback/CallbackInfoReturnable;)V does use it's CallbackInfoReturnable
[18:50:23] [Render thread/DEBUG] (FabricLoader/Mixin) Mixing KeyedResourceReloadListenerClientMixin from fabric-resource-loader-v0.client.mixins.json into net.minecraft.client.renderer.block.BlockRenderDispatcher
[18:50:23] [Render thread/DEBUG] (FabricLoader/Mixin) fabric-resource-loader-v0.client.mixins.json:KeyedResourceReloadListenerClientMixin from mod fabric-resource-loader-v0: Class version 65 required is higher than the class version supported by the current version of Mixin (JAVA_17 supports class version 61)
[18:50:23] [Render thread/DEBUG] (FabricLoader/Mixin) Mixing ItemModelsMixin from fabric-registry-sync-v0.client.mixins.json into net.minecraft.client.renderer.ItemModelShaper
[18:50:23] [Render thread/DEBUG] (FabricLoader/Mixin) fabric-registry-sync-v0.client.mixins.json:ItemModelsMixin from mod fabric-registry-sync-v0: Class version 65 required is higher than the class version supported by the current version of Mixin (JAVA_17 supports class version 61)
[18:50:23] [Render thread/DEBUG] (FabricLoader/Mixin) fabric-registry-sync-v0.client.mixins.json:ItemModelsMixin from mod fabric-registry-sync-v0->@Inject::onInit(Lnet/minecraft/client/resources/model/ModelManager;Lorg/spongepowered/asm/mixin/injection/callback/CallbackInfo;)V doesn't use it's CallbackInfo
[18:50:23] [Render thread/DEBUG] (FabricLoader/Mixin) fabric-registry-sync-v0.client.mixins.json:ItemModelsMixin from mod fabric-registry-sync-v0->@Inject::onInit(Lnet/minecraft/client/resources/model/ModelManager;Lorg/spongepowered/asm/mixin/injection/callback/CallbackInfo;)V has 0 override(s) in child classes
[18:50:23] [Render thread/DEBUG] (FabricLoader/Mixin) fabric-registry-sync-v0.client.mixins.json:ItemModelsMixin from mod fabric-registry-sync-v0->@Inject::onInit(Lnet/minecraft/client/resources/model/ModelManager;Lorg/spongepowered/asm/mixin/injection/callback/CallbackInfo;)V won't be passed a CallbackInfo as a result
[18:50:23] [Render thread/DEBUG] (FabricLoader/Mixin) Mixing ModelLoaderMixin from fabric-model-loading-api-v1.mixins.json into net.minecraft.client.resources.model.ModelBakery
[18:50:23] [Render thread/DEBUG] (FabricLoader/Mixin) fabric-model-loading-api-v1.mixins.json:ModelLoaderMixin from mod fabric-model-loading-api-v1: Class version 65 required is higher than the class version supported by the current version of Mixin (JAVA_17 supports class version 61)
[18:50:23] [Render thread/DEBUG] (FabricLoader/Mixin) Renaming synthetic method lambda$allowRecursiveLoading$0(Lnet/minecraft/resources/ResourceLocation;)Ljava/lang/String; to md310282$fabric-model-loading-api-v1$lambda$allowRecursiveLoading$0$0 in fabric-model-loading-api-v1.mixins.json:ModelLoaderMixin from mod fabric-model-loading-api-v1
[18:50:23] [Render thread/DEBUG] (FabricLoader/Mixin) fabric-model-loading-api-v1.mixins.json:ModelLoaderMixin from mod fabric-model-loading-api-v1->@Inject::afterMissingModelInit(Lnet/minecraft/client/color/block/BlockColors;Lnet/minecraft/util/profiling/ProfilerFiller;Ljava/util/Map;Ljava/util/Map;Lorg/spongepowered/asm/mixin/injection/callback/CallbackInfo;)V doesn't use it's CallbackInfo
[18:50:23] [Render thread/DEBUG] (FabricLoader/Mixin) fabric-model-loading-api-v1.mixins.json:ModelLoaderMixin from mod fabric-model-loading-api-v1->@Inject::afterMissingModelInit(Lnet/minecraft/client/color/block/BlockColors;Lnet/minecraft/util/profiling/ProfilerFiller;Ljava/util/Map;Ljava/util/Map;Lorg/spongepowered/asm/mixin/injection/callback/CallbackInfo;)V has 0 override(s) in child classes
[18:50:23] [Render thread/DEBUG] (FabricLoader/Mixin) fabric-model-loading-api-v1.mixins.json:ModelLoaderMixin from mod fabric-model-loading-api-v1->@Inject::afterMissingModelInit(Lnet/minecraft/client/color/block/BlockColors;Lnet/minecraft/util/profiling/ProfilerFiller;Ljava/util/Map;Ljava/util/Map;Lorg/spongepowered/asm/mixin/injection/callback/CallbackInfo;)V won't be passed a CallbackInfo as a result
[18:50:23] [Render thread/DEBUG] (FabricLoader/Mixin) fabric-model-loading-api-v1.mixins.json:ModelLoaderMixin from mod fabric-model-loading-api-v1->@Inject::allowRecursiveLoading(Lnet/minecraft/resources/ResourceLocation;Lorg/spongepowered/asm/mixin/injection/callback/CallbackInfoReturnable;)V does use it's CallbackInfoReturnable
[18:50:23] [Render thread/DEBUG] (FabricLoader/Mixin) Mixing BlockModelAccessor from moonlight.mixins.json into net.minecraft.client.renderer.block.model.BlockModel
[18:50:23] [Render thread/DEBUG] (FabricLoader/Mixin) moonlight.mixins.json:BlockModelAccessor from mod moonlight: Class version 65 required is higher than the class version supported by the current version of Mixin (JAVA_17 supports class version 61)
[18:50:23] [Render thread/DEBUG] (FabricLoader/Mixin) Mixing BlockModelMixin from moonlight.mixins.json into net.minecraft.client.renderer.block.model.BlockModel
[18:50:23] [Render thread/DEBUG] (FabricLoader/Mixin) moonlight.mixins.json:BlockModelMixin from mod moonlight: Class version 65 required is higher than the class version supported by the current version of Mixin (JAVA_17 supports class version 61)
[18:50:23] [Render thread/DEBUG] (FabricLoader/Mixin) moonlight.mixins.json:BlockModelMixin from mod moonlight->@Inject::moonlight$bakeCustomGeo(Lnet/minecraft/client/resources/model/ModelBaker;Lnet/minecraft/client/renderer/block/model/BlockModel;Ljava/util/function/Function;Lnet/minecraft/client/resources/model/ModelState;ZLorg/spongepowered/asm/mixin/injection/callback/CallbackInfoReturnable;)V does use it's CallbackInfoReturnable
[18:50:23] [Render thread/DEBUG] (FabricLoader/Mixin) Mixing client.BakedModelMixin from fabric-renderer-api-v1.mixins.json into net.minecraft.client.resources.model.BakedModel
[18:50:23] [Render thread/DEBUG] (FabricLoader/Mixin) Mixing client.BlockModelDeserializerMixin from framework.mixins.json into net.minecraft.client.renderer.block.model.BlockModel$Deserializer
[18:50:23] [Render thread/DEBUG] (FabricLoader/Mixin) Mixing BlockModelDeserializerMixin from moonlight.mixins.json into net.minecraft.client.renderer.block.model.BlockModel$Deserializer
[18:50:23] [Render thread/DEBUG] (FabricLoader/Mixin) moonlight.mixins.json:BlockModelDeserializerMixin from mod moonlight: Class version 65 required is higher than the class version supported by the current version of Mixin (JAVA_17 supports class version 61)
[18:50:23] [Render thread/DEBUG] (FabricLoader/Mixin) framework.mixins.json:client.BlockModelDeserializerMixin from mod framework->@Inject::frameworkCreateBlockModel(Lcom/google/gson/JsonElement;Ljava/lang/reflect/Type;Lcom/google/gson/JsonDeserializationContext;Lorg/spongepowered/asm/mixin/injection/callback/CallbackInfoReturnable;Lcom/google/gson/JsonObject;Ljava/util/List;Ljava/lang/String;Ljava/util/Map;Ljava/lang/Boolean;Lnet/minecraft/client/renderer/block/model/ItemTransforms;Ljava/util/List;Lnet/minecraft/client/renderer/block/model/BlockModel$GuiLight;Lnet/minecraft/resources/ResourceLocation;)V does use it's CallbackInfoReturnable
[18:50:23] [Render thread/DEBUG] (FabricLoader/Mixin) framework.mixins.json:client.BlockModelDeserializerMixin from mod framework->@Inject::frameworkOpenModelLoadElements(Lcom/google/gson/JsonDeserializationContext;Lcom/google/gson/JsonObject;Lorg/spongepowered/asm/mixin/injection/callback/CallbackInfoReturnable;)V does use it's CallbackInfoReturnable
[18:50:23] [Render thread/DEBUG] (FabricLoader/Mixin) Mixing BlockModelRendererMixin from fabric-renderer-indigo.mixins.json into net.minecraft.client.renderer.block.ModelBlockRenderer
[18:50:23] [Render thread/DEBUG] (FabricLoader/Mixin) fabric-renderer-indigo.mixins.json:BlockModelRendererMixin from mod fabric-renderer-indigo->@Inject::hookRender(Lnet/minecraft/world/level/BlockAndTintGetter;Lnet/minecraft/client/resources/model/BakedModel;Lnet/minecraft/world/level/block/state/BlockState;Lnet/minecraft/core/BlockPos;Lcom/mojang/blaze3d/vertex/PoseStack;Lcom/mojang/blaze3d/vertex/VertexConsumer;ZLnet/minecraft/util/RandomSource;JILorg/spongepowered/asm/mixin/injection/callback/CallbackInfo;)V does use it's CallbackInfo
[18:50:23] [Render thread/DEBUG] (FabricLoader/Mixin) fabric-renderer-indigo.mixins.json:BlockModelRendererMixin from mod fabric-renderer-indigo->@Inject::onInit(Lorg/spongepowered/asm/mixin/injection/callback/CallbackInfo;)V doesn't use it's CallbackInfo
[18:50:23] [Render thread/DEBUG] (FabricLoader/Mixin) fabric-renderer-indigo.mixins.json:BlockModelRendererMixin from mod fabric-renderer-indigo->@Inject::onInit(Lorg/spongepowered/asm/mixin/injection/callback/CallbackInfo;)V has 0 override(s) in child classes
[18:50:23] [Render thread/DEBUG] (FabricLoader/Mixin) fabric-renderer-indigo.mixins.json:BlockModelRendererMixin from mod fabric-renderer-indigo->@Inject::onInit(Lorg/spongepowered/asm/mixin/injection/callback/CallbackInfo;)V won't be passed a CallbackInfo as a result
[18:50:23] [Render thread/DEBUG] (FabricLoader/Mixin) Mixing FluidRendererMixin from fabric-rendering-fluids-v1.mixins.json into net.minecraft.client.renderer.block.LiquidBlockRenderer
[18:50:23] [Render thread/DEBUG] (FabricLoader/Mixin) fabric-rendering-fluids-v1.mixins.json:FluidRendererMixin from mod fabric-rendering-fluids-v1: Class version 65 required is higher than the class version supported by the current version of Mixin (JAVA_17 supports class version 61)
[18:50:23] [Render thread/DEBUG] (FabricLoader/Mixin) fabric-rendering-fluids-v1.mixins.json:FluidRendererMixin from mod fabric-rendering-fluids-v1->@Inject::onResourceReloadReturn(Lorg/spongepowered/asm/mixin/injection/callback/CallbackInfo;)V doesn't use it's CallbackInfo
[18:50:23] [Render thread/DEBUG] (FabricLoader/Mixin) fabric-rendering-fluids-v1.mixins.json:FluidRendererMixin from mod fabric-rendering-fluids-v1->@Inject::onResourceReloadReturn(Lorg/spongepowered/asm/mixin/injection/callback/CallbackInfo;)V has 0 override(s) in child classes
[18:50:23] [Render thread/DEBUG] (FabricLoader/Mixin) fabric-rendering-fluids-v1.mixins.json:FluidRendererMixin from mod fabric-rendering-fluids-v1->@Inject::onResourceReloadReturn(Lorg/spongepowered/asm/mixin/injection/callback/CallbackInfo;)V won't be passed a CallbackInfo as a result
[18:50:23] [Render thread/DEBUG] (FabricLoader/Mixin) fabric-rendering-fluids-v1.mixins.json:FluidRendererMixin from mod fabric-rendering-fluids-v1->@Inject::onHeadRender(Lnet/minecraft/world/level/BlockAndTintGetter;Lnet/minecraft/core/BlockPos;Lcom/mojang/blaze3d/vertex/VertexConsumer;Lnet/minecraft/world/level/block/state/BlockState;Lnet/minecraft/world/level/material/FluidState;Lorg/spongepowered/asm/mixin/injection/callback/CallbackInfo;)V does use it's CallbackInfo
[18:50:23] [Render thread/DEBUG] (FabricLoader/Mixin) Mixing TextureAtlasSpriteMixin from moonlight.mixins.json into net.minecraft.client.renderer.texture.TextureAtlasSprite
[18:50:23] [Render thread/DEBUG] (FabricLoader/Mixin) moonlight.mixins.json:TextureAtlasSpriteMixin from mod moonlight: Class version 65 required is higher than the class version supported by the current version of Mixin (JAVA_17 supports class version 61)
[18:50:23] [Render thread/DEBUG] (FabricLoader/Mixin) Mixing ItemInHandRendererMixin from moonlight-common.mixins.json into net.minecraft.client.renderer.ItemInHandRenderer
[18:50:23] [Render thread/DEBUG] (FabricLoader/Mixin) moonlight-common.mixins.json:ItemInHandRendererMixin from mod moonlight: Class version 65 required is higher than the class version supported by the current version of Mixin (JAVA_17 supports class version 61)
[18:50:23] [Render thread/DEBUG] (FabricLoader/Mixin) Mixing HeldItemRendererMixin from fabric-item-api-v1.client.mixins.json into net.minecraft.client.renderer.ItemInHandRenderer
[18:50:23] [Render thread/DEBUG] (FabricLoader/Mixin) fabric-item-api-v1.client.mixins.json:HeldItemRendererMixin from mod fabric-item-api-v1: Class version 65 required is higher than the class version supported by the current version of Mixin (JAVA_17 supports class version 61)
[18:50:23] [Render thread/DEBUG] (FabricLoader/Mixin) moonlight-common.mixins.json:ItemInHandRendererMixin from mod moonlight->@Inject::moonlight$animateItem(Lnet/minecraft/client/player/AbstractClientPlayer;FFLnet/minecraft/world/InteractionHand;FLnet/minecraft/world/item/ItemStack;FLcom/mojang/blaze3d/vertex/PoseStack;Lnet/minecraft/client/renderer/MultiBufferSource;ILorg/spongepowered/asm/mixin/injection/callback/CallbackInfo;)V doesn't use it's CallbackInfo
[18:50:23] [Render thread/DEBUG] (FabricLoader/Mixin) moonlight-common.mixins.json:ItemInHandRendererMixin from mod moonlight->@Inject::moonlight$animateItem(Lnet/minecraft/client/player/AbstractClientPlayer;FFLnet/minecraft/world/InteractionHand;FLnet/minecraft/world/item/ItemStack;FLcom/mojang/blaze3d/vertex/PoseStack;Lnet/minecraft/client/renderer/MultiBufferSource;ILorg/spongepowered/asm/mixin/injection/callback/CallbackInfo;)V has 0 override(s) in child classes
[18:50:23] [Render thread/DEBUG] (FabricLoader/Mixin) moonlight-common.mixins.json:ItemInHandRendererMixin from mod moonlight->@Inject::moonlight$animateItem(Lnet/minecraft/client/player/AbstractClientPlayer;FFLnet/minecraft/world/InteractionHand;FLnet/minecraft/world/item/ItemStack;FLcom/mojang/blaze3d/vertex/PoseStack;Lnet/minecraft/client/renderer/MultiBufferSource;ILorg/spongepowered/asm/mixin/injection/callback/CallbackInfo;)V won't be passed a CallbackInfo as a result
[18:50:23] [Render thread/DEBUG] (FabricLoader/Mixin) moonlight-common.mixins.json:ItemInHandRendererMixin from mod moonlight->@Inject::moonlight$renderSpecial(Lnet/minecraft/client/player/AbstractClientPlayer;FFLnet/minecraft/world/InteractionHand;FLnet/minecraft/world/item/ItemStack;FLcom/mojang/blaze3d/vertex/PoseStack;Lnet/minecraft/client/renderer/MultiBufferSource;ILorg/spongepowered/asm/mixin/injection/callback/CallbackInfo;)V does use it's CallbackInfo
[18:50:23] [Render thread/DEBUG] (FabricLoader/Mixin) fabric-item-api-v1.client.mixins.json:HeldItemRendererMixin from mod fabric-item-api-v1->@Inject::modifyProgressAnimation(Lorg/spongepowered/asm/mixin/injection/callback/CallbackInfo;)V doesn't use it's CallbackInfo
[18:50:23] [Render thread/DEBUG] (FabricLoader/Mixin) fabric-item-api-v1.client.mixins.json:HeldItemRendererMixin from mod fabric-item-api-v1->@Inject::modifyProgressAnimation(Lorg/spongepowered/asm/mixin/injection/callback/CallbackInfo;)V has 0 override(s) in child classes
[18:50:23] [Render thread/DEBUG] (FabricLoader/Mixin) fabric-item-api-v1.client.mixins.json:HeldItemRendererMixin from mod fabric-item-api-v1->@Inject::modifyProgressAnimation(Lorg/spongepowered/asm/mixin/injection/callback/CallbackInfo;)V won't be passed a CallbackInfo as a result
[18:50:23] [Render thread/DEBUG] (FabricLoader/Mixin) Mixing ParticleManagerAccessor$SimpleSpriteProviderAccessor from fabric-particles-v1.client.mixins.json into net.minecraft.client.particle.ParticleEngine$MutableSpriteSet
[18:50:23] [Render thread/DEBUG] (FabricLoader/Mixin) fabric-particles-v1.client.mixins.json:ParticleManagerAccessor$SimpleSpriteProviderAccessor from mod fabric-particles-v1: Class version 65 required is higher than the class version supported by the current version of Mixin (JAVA_17 supports class version 61)
[18:50:23] [Render thread/DEBUG] (FabricLoader/Mixin) Mixing MapRendererMixin from moonlight-common.mixins.json into net.minecraft.client.gui.MapRenderer
[18:50:23] [Render thread/DEBUG] (FabricLoader/Mixin) moonlight-common.mixins.json:MapRendererMixin from mod moonlight: Class version 65 required is higher than the class version supported by the current version of Mixin (JAVA_17 supports class version 61)
[18:50:23] [Render thread/DEBUG] (FabricLoader/Mixin) moonlight-common.mixins.json:MapRendererMixin from mod moonlight->@Inject::render(Lcom/mojang/blaze3d/vertex/PoseStack;Lnet/minecraft/client/renderer/MultiBufferSource;Lnet/minecraft/world/level/saveddata/maps/MapId;Lnet/minecraft/world/level/saveddata/maps/MapItemSavedData;ZILorg/spongepowered/asm/mixin/injection/callback/CallbackInfo;)V doesn't use it's CallbackInfo
[18:50:23] [Render thread/DEBUG] (FabricLoader/Mixin) moonlight-common.mixins.json:MapRendererMixin from mod moonlight->@Inject::render(Lcom/mojang/blaze3d/vertex/PoseStack;Lnet/minecraft/client/renderer/MultiBufferSource;Lnet/minecraft/world/level/saveddata/maps/MapId;Lnet/minecraft/world/level/saveddata/maps/MapItemSavedData;ZILorg/spongepowered/asm/mixin/injection/callback/CallbackInfo;)V has 0 override(s) in child classes
[18:50:23] [Render thread/DEBUG] (FabricLoader/Mixin) moonlight-common.mixins.json:MapRendererMixin from mod moonlight->@Inject::render(Lcom/mojang/blaze3d/vertex/PoseStack;Lnet/minecraft/client/renderer/MultiBufferSource;Lnet/minecraft/world/level/saveddata/maps/MapId;Lnet/minecraft/world/level/saveddata/maps/MapItemSavedData;ZILorg/spongepowered/asm/mixin/injection/callback/CallbackInfo;)V won't be passed a CallbackInfo as a result
[18:50:23] [Render thread/DEBUG] (com.mojang.blaze3d.systems.RenderSystem) Growing IndexBuffer: Old limit 0, new limit 9360.
[18:50:23] [Render thread/DEBUG] (com.mojang.blaze3d.systems.RenderSystem) Growing IndexBuffer: Old limit 0, new limit 20.
[18:50:23] [Render thread/DEBUG] (FabricLoader/Mixin) Mixing InGameHudMixin from fabric-rendering-v1.mixins.json into net.minecraft.client.gui.Gui
[18:50:23] [Render thread/DEBUG] (FabricLoader/Mixin) fabric-rendering-v1.mixins.json:InGameHudMixin from mod fabric-rendering-v1: Class version 65 required is higher than the class version supported by the current version of Mixin (JAVA_17 supports class version 61)
[18:50:23] [Render thread/DEBUG] (FabricLoader/Mixin) fabric-rendering-v1.mixins.json:InGameHudMixin from mod fabric-rendering-v1->@Inject::render(Lnet/minecraft/client/gui/GuiGraphics;Lnet/minecraft/client/DeltaTracker;Lorg/spongepowered/asm/mixin/injection/callback/CallbackInfo;)V doesn't use it's CallbackInfo
[18:50:23] [Render thread/DEBUG] (FabricLoader/Mixin) fabric-rendering-v1.mixins.json:InGameHudMixin from mod fabric-rendering-v1->@Inject::render(Lnet/minecraft/client/gui/GuiGraphics;Lnet/minecraft/client/DeltaTracker;Lorg/spongepowered/asm/mixin/injection/callback/CallbackInfo;)V has 0 override(s) in child classes
[18:50:23] [Render thread/DEBUG] (FabricLoader/Mixin) fabric-rendering-v1.mixins.json:InGameHudMixin from mod fabric-rendering-v1->@Inject::render(Lnet/minecraft/client/gui/GuiGraphics;Lnet/minecraft/client/DeltaTracker;Lorg/spongepowered/asm/mixin/injection/callback/CallbackInfo;)V won't be passed a CallbackInfo as a result
[18:50:23] [Render thread/DEBUG] (FabricLoader/Mixin) Mixing DebugHudMixin from fabric-renderer-api-v1.debughud.mixins.json into net.minecraft.client.gui.components.DebugScreenOverlay
[18:50:23] [Render thread/DEBUG] (FabricLoader/Mixin) fabric-renderer-api-v1.debughud.mixins.json:DebugHudMixin from mod fabric-renderer-api-v1: Class version 65 required is higher than the class version supported by the current version of Mixin (JAVA_17 supports class version 61)
[18:50:23] [Render thread/DEBUG] (FabricLoader/Mixin) fabric-renderer-api-v1.debughud.mixins.json:DebugHudMixin from mod fabric-renderer-api-v1->@Inject::getLeftText(Lorg/spongepowered/asm/mixin/injection/callback/CallbackInfoReturnable;)V does use it's CallbackInfoReturnable
[18:50:23] [Render thread/DEBUG] (FabricLoader/Mixin) fabric-renderer-api-v1.debughud.mixins.json:DebugHudMixin from mod fabric-renderer-api-v1->@Inject::getLeftText(Lorg/spongepowered/asm/mixin/injection/callback/CallbackInfoReturnable;)V does use it's CallbackInfoReturnable
[18:50:23] [Render thread/DEBUG] (FabricLoader/Mixin) Mixing DebugRendererMixin from moonlight-common.mixins.json into net.minecraft.client.renderer.debug.DebugRenderer
[18:50:23] [Render thread/DEBUG] (FabricLoader/Mixin) moonlight-common.mixins.json:DebugRendererMixin from mod moonlight: Class version 65 required is higher than the class version supported by the current version of Mixin (JAVA_17 supports class version 61)
[18:50:23] [Render thread/DEBUG] (FabricLoader/Mixin) moonlight-common.mixins.json:DebugRendererMixin from mod moonlight->@Inject::supp$renderVanillaDebug(Lcom/mojang/blaze3d/vertex/PoseStack;Lnet/minecraft/client/renderer/MultiBufferSource$BufferSource;DDDLorg/spongepowered/asm/mixin/injection/callback/CallbackInfo;)V doesn't use it's CallbackInfo
[18:50:23] [Render thread/DEBUG] (FabricLoader/Mixin) moonlight-common.mixins.json:DebugRendererMixin from mod moonlight->@Inject::supp$renderVanillaDebug(Lcom/mojang/blaze3d/vertex/PoseStack;Lnet/minecraft/client/renderer/MultiBufferSource$BufferSource;DDDLorg/spongepowered/asm/mixin/injection/callback/CallbackInfo;)V has 0 override(s) in child classes
[18:50:23] [Render thread/DEBUG] (FabricLoader/Mixin) moonlight-common.mixins.json:DebugRendererMixin from mod moonlight->@Inject::supp$renderVanillaDebug(Lcom/mojang/blaze3d/vertex/PoseStack;Lnet/minecraft/client/renderer/MultiBufferSource$BufferSource;DDDLorg/spongepowered/asm/mixin/injection/callback/CallbackInfo;)V won't be passed a CallbackInfo as a result
[18:50:23] [Render thread/DEBUG] (FabricLoader/Mixin) Mixing shader.ShaderProgramImportProcessorMixin from fabric-rendering-v1.mixins.json into net.minecraft.client.renderer.ShaderInstance$1
[18:50:23] [Render thread/DEBUG] (FabricLoader/Mixin) fabric-rendering-v1.mixins.json:shader.ShaderProgramImportProcessorMixin from mod fabric-rendering-v1: Class version 65 required is higher than the class version supported by the current version of Mixin (JAVA_17 supports class version 61)
[18:50:23] [Render thread/DEBUG] (FabricLoader/Mixin) fabric-rendering-v1.mixins.json:shader.ShaderProgramImportProcessorMixin from mod fabric-rendering-v1->@Inject::captureImport(ZLjava/lang/String;Lorg/spongepowered/asm/mixin/injection/callback/CallbackInfoReturnable;)V doesn't use it's CallbackInfoReturnable
[18:50:23] [Render thread/DEBUG] (FabricLoader/Mixin) fabric-rendering-v1.mixins.json:shader.ShaderProgramImportProcessorMixin from mod fabric-rendering-v1->@Inject::captureImport(ZLjava/lang/String;Lorg/spongepowered/asm/mixin/injection/callback/CallbackInfoReturnable;)V has 0 override(s) in child classes
[18:50:23] [Render thread/DEBUG] (FabricLoader/Mixin) fabric-rendering-v1.mixins.json:shader.ShaderProgramImportProcessorMixin from mod fabric-rendering-v1->@Inject::captureImport(ZLjava/lang/String;Lorg/spongepowered/asm/mixin/injection/callback/CallbackInfoReturnable;)V won't be passed a CallbackInfoReturnable as a result
[18:50:23] [Render thread/DEBUG] (FabricLoader/Mixin) fabric-rendering-v1.mixins.json:shader.ShaderProgramImportProcessorMixin from mod fabric-rendering-v1->@Inject::uncaptureImport(ZLjava/lang/String;Lorg/spongepowered/asm/mixin/injection/callback/CallbackInfoReturnable;)V doesn't use it's CallbackInfoReturnable
[18:50:23] [Render thread/DEBUG] (FabricLoader/Mixin) fabric-rendering-v1.mixins.json:shader.ShaderProgramImportProcessorMixin from mod fabric-rendering-v1->@Inject::uncaptureImport(ZLjava/lang/String;Lorg/spongepowered/asm/mixin/injection/callback/CallbackInfoReturnable;)V has 0 override(s) in child classes
[18:50:23] [Render thread/DEBUG] (FabricLoader/Mixin) fabric-rendering-v1.mixins.json:shader.ShaderProgramImportProcessorMixin from mod fabric-rendering-v1->@Inject::uncaptureImport(ZLjava/lang/String;Lorg/spongepowered/asm/mixin/injection/callback/CallbackInfoReturnable;)V won't be passed a CallbackInfoReturnable as a result
[18:50:23] [Render thread/DEBUG] (FabricLoader/Mixin) fabric-rendering-v1.mixins.json:shader.ShaderProgramImportProcessorMixin from mod fabric-rendering-v1->@Inject::uncaptureImport(ZLjava/lang/String;Lorg/spongepowered/asm/mixin/injection/callback/CallbackInfoReturnable;)V doesn't use it's CallbackInfoReturnable
[18:50:23] [Render thread/DEBUG] (FabricLoader/Mixin) fabric-rendering-v1.mixins.json:shader.ShaderProgramImportProcessorMixin from mod fabric-rendering-v1->@Inject::uncaptureImport(ZLjava/lang/String;Lorg/spongepowered/asm/mixin/injection/callback/CallbackInfoReturnable;)V has 0 override(s) in child classes
[18:50:23] [Render thread/DEBUG] (FabricLoader/Mixin) fabric-rendering-v1.mixins.json:shader.ShaderProgramImportProcessorMixin from mod fabric-rendering-v1->@Inject::uncaptureImport(ZLjava/lang/String;Lorg/spongepowered/asm/mixin/injection/callback/CallbackInfoReturnable;)V won't be passed a CallbackInfoReturnable as a result
[18:50:23] [Render thread/DEBUG] (FabricLoader/Mixin) fabric-rendering-v1.mixins.json:shader.ShaderProgramImportProcessorMixin from mod fabric-rendering-v1->@Inject::uncaptureImport(ZLjava/lang/String;Lorg/spongepowered/asm/mixin/injection/callback/CallbackInfoReturnable;)V doesn't use it's CallbackInfoReturnable
[18:50:23] [Render thread/DEBUG] (FabricLoader/Mixin) fabric-rendering-v1.mixins.json:shader.ShaderProgramImportProcessorMixin from mod fabric-rendering-v1->@Inject::uncaptureImport(ZLjava/lang/String;Lorg/spongepowered/asm/mixin/injection/callback/CallbackInfoReturnable;)V has 0 override(s) in child classes
[18:50:23] [Render thread/DEBUG] (FabricLoader/Mixin) fabric-rendering-v1.mixins.json:shader.ShaderProgramImportProcessorMixin from mod fabric-rendering-v1->@Inject::uncaptureImport(ZLjava/lang/String;Lorg/spongepowered/asm/mixin/injection/callback/CallbackInfoReturnable;)V won't be passed a CallbackInfoReturnable as a result
[18:50:23] [Render thread/DEBUG] (FabricLoader/Mixin) Mixing ResourceMixin from fabric-resource-loader-v0.mixins.json into net.minecraft.server.packs.resources.Resource
[18:50:23] [Render thread/DEBUG] (FabricLoader/Mixin) fabric-resource-loader-v0.mixins.json:ResourceMixin from mod fabric-resource-loader-v0: Class version 65 required is higher than the class version supported by the current version of Mixin (JAVA_17 supports class version 61)
[18:50:23] [Render thread/DEBUG] (FabricLoader/Mixin) Mixing MessageHandlerMixin from fabric-message-api-v1.client.mixins.json into net.minecraft.client.multiplayer.chat.ChatListener
[18:50:23] [Render thread/DEBUG] (FabricLoader/Mixin) fabric-message-api-v1.client.mixins.json:MessageHandlerMixin from mod fabric-message-api-v1: Class version 65 required is higher than the class version supported by the current version of Mixin (JAVA_17 supports class version 61)
[18:50:23] [Render thread/DEBUG] (FabricLoader/Mixin) fabric-message-api-v1.client.mixins.json:MessageHandlerMixin from mod fabric-message-api-v1->@Inject::fabric_onSignedChatMessage(Lnet/minecraft/network/chat/ChatType$Bound;Lnet/minecraft/network/chat/PlayerChatMessage;Lnet/minecraft/network/chat/Component;Lcom/mojang/authlib/GameProfile;ZLjava/time/Instant;Lorg/spongepowered/asm/mixin/injection/callback/CallbackInfoReturnable;)V does use it's CallbackInfoReturnable
[18:50:23] [Render thread/DEBUG] (FabricLoader/Mixin) fabric-message-api-v1.client.mixins.json:MessageHandlerMixin from mod fabric-message-api-v1->@Inject::fabric_onFilteredSignedChatMessage(Lnet/minecraft/network/chat/ChatType$Bound;Lnet/minecraft/network/chat/PlayerChatMessage;Lnet/minecraft/network/chat/Component;Lcom/mojang/authlib/GameProfile;ZLjava/time/Instant;Lorg/spongepowered/asm/mixin/injection/callback/CallbackInfoReturnable;)V does use it's CallbackInfoReturnable
[18:50:23] [Render thread/DEBUG] (FabricLoader/Mixin) fabric-message-api-v1.client.mixins.json:MessageHandlerMixin from mod fabric-message-api-v1->@Inject::fabric_onProfilelessChatMessage(Lnet/minecraft/network/chat/ChatType$Bound;Lnet/minecraft/network/chat/Component;Ljava/time/Instant;Lorg/spongepowered/asm/mixin/injection/callback/CallbackInfoReturnable;)V does use it's CallbackInfoReturnable
[18:50:23] [Render thread/DEBUG] (FabricLoader/Mixin) fabric-message-api-v1.client.mixins.json:MessageHandlerMixin from mod fabric-message-api-v1->@Inject::fabric_allowGameMessage(Lnet/minecraft/network/chat/Component;ZLorg/spongepowered/asm/mixin/injection/callback/CallbackInfo;)V does use it's CallbackInfo
[18:50:23] [Render thread/INFO] (net.minecraft.server.packs.resources.ReloadableResourceManager) Reloading ResourceManager: vanilla, fabric, better_deco, catalogue, configured, everycomp, fabric-api, fabric-api-base, fabric-api-lookup-api-v1, fabric-biome-api-v1, fabric-block-api-v1, fabric-block-view-api-v2, fabric-blockrenderlayer-v1, fabric-client-tags-api-v1, fabric-command-api-v1, fabric-command-api-v2, fabric-commands-v0, fabric-content-registries-v0, fabric-convention-tags-v1, fabric-convention-tags-v2, fabric-crash-report-info-v1, fabric-data-attachment-api-v1, fabric-data-generation-api-v1, fabric-dimensions-v1, fabric-entity-events-v1, fabric-events-interaction-v0, fabric-game-rule-api-v1, fabric-gametest-api-v1, fabric-item-api-v1, fabric-item-group-api-v1, fabric-key-binding-api-v1, fabric-keybindings-v0, fabric-lifecycle-events-v1, fabric-loot-api-v2, fabric-loot-api-v3, fabric-message-api-v1, fabric-model-loading-api-v1, fabric-networking-api-v1, fabric-object-builder-api-v1, fabric-particles-v1, fabric-recipe-api-v1, fabric-registry-sync-v0, fabric-renderer-api-v1, fabric-renderer-indigo, fabric-renderer-registries-v1, fabric-rendering-data-attachment-v1, fabric-rendering-fluids-v1, fabric-rendering-v0, fabric-rendering-v1, fabric-resource-conditions-api-v1, fabric-resource-loader-v0, fabric-screen-api-v1, fabric-screen-handler-api-v1, fabric-sound-api-v1, fabric-transfer-api-v1, fabric-transitive-access-wideners-v1, fabricloader, framework, jei, menulogue, moonlight, natures_spirit, terrablender, moonlight:merged_pack
[18:50:23] [Worker-Main-1/INFO] (Moonlight) Resource cache state for CLIENT_RESOURCES: up to date
[18:50:23] [Worker-Main-1/INFO] (Moonlight) Starting runtime resource generation for pack type CLIENT_RESOURCES with generators [moonlight:dynamic_resources, everycomp:dynamic_resources]
[18:50:23] [Worker-Main-1/INFO] (Moonlight) Regenerating Dynamic CLIENT_RESOURCES Resources Provider [moonlight:dynamic_resources], requested by strategy REGEN_ON_EVERY_RELOAD
[18:50:23] [Render thread/DEBUG] (FabricLoader/Mixin) Mixing LightingMixin from moonlight-common.mixins.json into com.mojang.blaze3d.platform.Lighting
[18:50:23] [Render thread/DEBUG] (FabricLoader/Mixin) moonlight-common.mixins.json:LightingMixin from mod moonlight: Class version 65 required is higher than the class version supported by the current version of Mixin (JAVA_17 supports class version 61)
[18:50:23] [Render thread/DEBUG] (FabricLoader/Mixin) moonlight-common.mixins.json:LightingMixin from mod moonlight->@Inject::moonlight$messWithEntityRendererLighting(Lorg/spongepowered/asm/mixin/injection/callback/CallbackInfo;)V does use it's CallbackInfo
[18:50:23] [Render thread/DEBUG] (FabricLoader/Mixin) moonlight-common.mixins.json:LightingMixin from mod moonlight->@Inject::moonlight$messEntityRendererLightingN(Lorg/spongepowered/asm/mixin/injection/callback/CallbackInfo;)V does use it's CallbackInfo
[18:50:23] [Render thread/DEBUG] (FabricLoader/Mixin) moonlight-common.mixins.json:LightingMixin from mod moonlight->@Inject::moonlight$resetEntityRendererLightingGui(Lorg/spongepowered/asm/mixin/injection/callback/CallbackInfo;)V does use it's CallbackInfo
[18:50:23] [Worker-Main-1/INFO] (Moonlight) Generated runtime CLIENT_RESOURCES for pack moonlight:dynamic_resources in 6.210 ms
[18:50:23] [Worker-Main-1/INFO] (Moonlight) Regenerating Dynamic CLIENT_RESOURCES Resources Provider [everycomp:dynamic_resources], requested by strategy REGEN_ON_EVERY_RELOAD
[18:50:23] [Worker-Main-1/INFO] (Every Compat) Starting dynamic resources generation tasks: 2 in batches of 12
[18:50:23] [Render thread/DEBUG] (com.mojang.blaze3d.platform.ScreenManager) Selecting monitor - primary: 2714223426000, current monitors: {2714223426000=Monitor[2714223426000 0x0 1920x1080@60 (24bit)]}
[18:50:23] [Render thread/DEBUG] (com.mojang.blaze3d.platform.ScreenManager) Selected monitor: Monitor[2714223426000 0x0 1920x1080@60 (24bit)]
[18:50:23] [Worker-Main-1/INFO] (Moonlight) Generated runtime CLIENT_RESOURCES for pack everycomp:dynamic_resources in 176.9 ms
[18:50:23] [Worker-Main-1/INFO] (Moonlight) Finished runtime resources generation for 2 packs in a total of 194.8 ms 
[18:50:23] [Render thread/DEBUG] (FabricLoader/Mixin) Mixing SimpleResourceReloadMixin from fabric-resource-loader-v0.mixins.json into net.minecraft.server.packs.resources.SimpleReloadInstance
[18:50:23] [Render thread/DEBUG] (FabricLoader/Mixin) fabric-resource-loader-v0.mixins.json:SimpleResourceReloadMixin from mod fabric-resource-loader-v0: Class version 65 required is higher than the class version supported by the current version of Mixin (JAVA_17 supports class version 61)
[18:50:23] [Render thread/DEBUG] (FabricLoader/Mixin) fabric-resource-loader-v0.mixins.json:SimpleResourceReloadMixin from mod fabric-resource-loader-v0->@Inject::method_40087(Lnet/minecraft/server/packs/resources/ResourceManager;Ljava/util/List;Ljava/util/concurrent/Executor;Ljava/util/concurrent/Executor;Ljava/util/concurrent/CompletableFuture;ZLorg/spongepowered/asm/mixin/injection/callback/CallbackInfoReturnable;)V doesn't use it's CallbackInfoReturnable
[18:50:24] [Worker-Main-5/DEBUG] (FabricLoader/Mixin) Mixing BlockStatesLoaderMixin from fabric-model-loading-api-v1.mixins.json into net.minecraft.client.resources.model.BlockStateModelLoader
[18:50:24] [Worker-Main-5/DEBUG] (FabricLoader/Mixin) fabric-model-loading-api-v1.mixins.json:BlockStatesLoaderMixin from mod fabric-model-loading-api-v1: Class version 65 required is higher than the class version supported by the current version of Mixin (JAVA_17 supports class version 61)
[18:50:24] [Worker-Main-5/DEBUG] (FabricLoader/Mixin) fabric-model-loading-api-v1.mixins.json:BlockStatesLoaderMixin from mod fabric-model-loading-api-v1->@Inject::onHeadLoadBlockStates(Lnet/minecraft/resources/ResourceLocation;Lnet/minecraft/world/level/block/state/StateDefinition;Lorg/spongepowered/asm/mixin/injection/callback/CallbackInfo;)V does use it's CallbackInfo
[18:50:24] [Worker-Main-2/DEBUG] (FabricLoader/Mixin) Mixing AtlasSourceManagerAccessor from fabric-rendering-v1.mixins.json into net.minecraft.client.renderer.texture.atlas.SpriteSources
[18:50:24] [Worker-Main-2/DEBUG] (FabricLoader/Mixin) fabric-rendering-v1.mixins.json:AtlasSourceManagerAccessor from mod fabric-rendering-v1: Class version 65 required is higher than the class version supported by the current version of Mixin (JAVA_17 supports class version 61)
[18:50:24] [Worker-Main-2/DEBUG] (FabricLoader/Mixin) Renaming @Accessor method getSourceTypeById()Lcom/google/common/collect/BiMap; to getSourceTypeById$fabric-rendering-v1_$md$310282$0 in fabric-rendering-v1.mixins.json:AtlasSourceManagerAccessor from mod fabric-rendering-v1
[18:50:24] [Worker-Main-3/INFO] (net.minecraft.client.gui.font.providers.UnihexProvider) Found unifont_all_no_pua-15.1.05.hex, loading
[18:50:24] [Worker-Main-4/INFO] (net.minecraft.client.gui.font.providers.UnihexProvider) Found unifont_jp_patch-15.1.05.hex, loading
[18:50:24] [Worker-Main-8/WARN] (net.minecraft.client.renderer.texture.SpriteLoader) Texture better_deco:block/glass_small with size 14x14 limits mip level from 4 to 1
[18:50:24] [Worker-Main-8/WARN] (net.minecraft.client.renderer.texture.SpriteLoader) Texture better_deco:block/front with size 16x11 limits mip level from 1 to 0
[18:50:24] [Worker-Main-8/WARN] (net.minecraft.client.renderer.texture.SpriteLoader) minecraft:textures/atlas/blocks.png: dropping miplevel from 4 to 0, because of minimum power of two: 1
[18:50:25] [Worker-Main-2/WARN] (net.minecraft.client.resources.model.BlockStateModelLoader) Exception loading blockstate definition: 'better_deco:blockstates/spruce_kitchen_drawer.json' missing model for variant: 'better_deco:spruce_kitchen_drawer#facing=south,open=false'
[18:50:25] [Worker-Main-2/WARN] (net.minecraft.client.resources.model.BlockStateModelLoader) Exception loading blockstate definition: 'better_deco:blockstates/spruce_kitchen_drawer.json' missing model for variant: 'better_deco:spruce_kitchen_drawer#facing=east,open=false'
[18:50:25] [Worker-Main-2/WARN] (net.minecraft.client.resources.model.BlockStateModelLoader) Exception loading blockstate definition: 'better_deco:blockstates/spruce_kitchen_drawer.json' missing model for variant: 'better_deco:spruce_kitchen_drawer#facing=north,open=true'
[18:50:25] [Worker-Main-2/WARN] (net.minecraft.client.resources.model.BlockStateModelLoader) Exception loading blockstate definition: 'better_deco:blockstates/spruce_kitchen_drawer.json' missing model for variant: 'better_deco:spruce_kitchen_drawer#facing=east,open=true'
[18:50:25] [Worker-Main-2/WARN] (net.minecraft.client.resources.model.BlockStateModelLoader) Exception loading blockstate definition: 'better_deco:blockstates/spruce_kitchen_drawer.json' missing model for variant: 'better_deco:spruce_kitchen_drawer#facing=south,open=true'
[18:50:25] [Worker-Main-2/WARN] (net.minecraft.client.resources.model.BlockStateModelLoader) Exception loading blockstate definition: 'better_deco:blockstates/spruce_kitchen_drawer.json' missing model for variant: 'better_deco:spruce_kitchen_drawer#facing=north,open=false'
[18:50:25] [Worker-Main-2/WARN] (net.minecraft.client.resources.model.BlockStateModelLoader) Exception loading blockstate definition: 'better_deco:blockstates/spruce_kitchen_drawer.json' missing model for variant: 'better_deco:spruce_kitchen_drawer#facing=west,open=true'
[18:50:25] [Worker-Main-2/WARN] (net.minecraft.client.resources.model.BlockStateModelLoader) Exception loading blockstate definition: 'better_deco:blockstates/spruce_kitchen_drawer.json' missing model for variant: 'better_deco:spruce_kitchen_drawer#facing=west,open=false'
[18:50:25] [Worker-Main-2/WARN] (net.minecraft.client.resources.model.BlockStateModelLoader) Exception loading blockstate definition: 'better_deco:blockstates/dark_oak_kitchen_drawer.json' missing model for variant: 'better_deco:dark_oak_kitchen_drawer#facing=east,open=false'
[18:50:25] [Worker-Main-2/WARN] (net.minecraft.client.resources.model.BlockStateModelLoader) Exception loading blockstate definition: 'better_deco:blockstates/dark_oak_kitchen_drawer.json' missing model for variant: 'better_deco:dark_oak_kitchen_drawer#facing=west,open=false'
[18:50:25] [Worker-Main-2/WARN] (net.minecraft.client.resources.model.BlockStateModelLoader) Exception loading blockstate definition: 'better_deco:blockstates/dark_oak_kitchen_drawer.json' missing model for variant: 'better_deco:dark_oak_kitchen_drawer#facing=south,open=true'
[18:50:25] [Worker-Main-2/WARN] (net.minecraft.client.resources.model.BlockStateModelLoader) Exception loading blockstate definition: 'better_deco:blockstates/dark_oak_kitchen_drawer.json' missing model for variant: 'better_deco:dark_oak_kitchen_drawer#facing=north,open=false'
[18:50:25] [Worker-Main-2/WARN] (net.minecraft.client.resources.model.BlockStateModelLoader) Exception loading blockstate definition: 'better_deco:blockstates/dark_oak_kitchen_drawer.json' missing model for variant: 'better_deco:dark_oak_kitchen_drawer#facing=west,open=true'
[18:50:25] [Worker-Main-2/WARN] (net.minecraft.client.resources.model.BlockStateModelLoader) Exception loading blockstate definition: 'better_deco:blockstates/dark_oak_kitchen_drawer.json' missing model for variant: 'better_deco:dark_oak_kitchen_drawer#facing=north,open=true'
[18:50:25] [Worker-Main-2/WARN] (net.minecraft.client.resources.model.BlockStateModelLoader) Exception loading blockstate definition: 'better_deco:blockstates/dark_oak_kitchen_drawer.json' missing model for variant: 'better_deco:dark_oak_kitchen_drawer#facing=south,open=false'
[18:50:25] [Worker-Main-2/WARN] (net.minecraft.client.resources.model.BlockStateModelLoader) Exception loading blockstate definition: 'better_deco:blockstates/dark_oak_kitchen_drawer.json' missing model for variant: 'better_deco:dark_oak_kitchen_drawer#facing=east,open=true'
[18:50:25] [Worker-Main-2/WARN] (net.minecraft.client.resources.model.BlockStateModelLoader) Exception loading blockstate definition: 'better_deco:blockstates/mangrove_kitchen_drawer.json' missing model for variant: 'better_deco:mangrove_kitchen_drawer#facing=south,open=true'
[18:50:25] [Worker-Main-2/WARN] (net.minecraft.client.resources.model.BlockStateModelLoader) Exception loading blockstate definition: 'better_deco:blockstates/mangrove_kitchen_drawer.json' missing model for variant: 'better_deco:mangrove_kitchen_drawer#facing=west,open=true'
[18:50:25] [Worker-Main-2/WARN] (net.minecraft.client.resources.model.BlockStateModelLoader) Exception loading blockstate definition: 'better_deco:blockstates/mangrove_kitchen_drawer.json' missing model for variant: 'better_deco:mangrove_kitchen_drawer#facing=east,open=true'
[18:50:25] [Worker-Main-2/WARN] (net.minecraft.client.resources.model.BlockStateModelLoader) Exception loading blockstate definition: 'better_deco:blockstates/mangrove_kitchen_drawer.json' missing model for variant: 'better_deco:mangrove_kitchen_drawer#facing=west,open=false'
[18:50:25] [Worker-Main-2/WARN] (net.minecraft.client.resources.model.BlockStateModelLoader) Exception loading blockstate definition: 'better_deco:blockstates/mangrove_kitchen_drawer.json' missing model for variant: 'better_deco:mangrove_kitchen_drawer#facing=north,open=true'
[18:50:25] [Worker-Main-2/WARN] (net.minecraft.client.resources.model.BlockStateModelLoader) Exception loading blockstate definition: 'better_deco:blockstates/mangrove_kitchen_drawer.json' missing model for variant: 'better_deco:mangrove_kitchen_drawer#facing=north,open=false'
[18:50:25] [Worker-Main-2/WARN] (net.minecraft.client.resources.model.BlockStateModelLoader) Exception loading blockstate definition: 'better_deco:blockstates/mangrove_kitchen_drawer.json' missing model for variant: 'better_deco:mangrove_kitchen_drawer#facing=east,open=false'
[18:50:25] [Worker-Main-2/WARN] (net.minecraft.client.resources.model.BlockStateModelLoader) Exception loading blockstate definition: 'better_deco:blockstates/mangrove_kitchen_drawer.json' missing model for variant: 'better_deco:mangrove_kitchen_drawer#facing=south,open=false'
[18:50:25] [Worker-Main-2/WARN] (net.minecraft.client.resources.model.BlockStateModelLoader) Exception loading blockstate definition: 'better_deco:blockstates/bamboo_kitchen_drawer.json' missing model for variant: 'better_deco:bamboo_kitchen_drawer#facing=north,open=true'
[18:50:25] [Worker-Main-2/WARN] (net.minecraft.client.resources.model.BlockStateModelLoader) Exception loading blockstate definition: 'better_deco:blockstates/bamboo_kitchen_drawer.json' missing model for variant: 'better_deco:bamboo_kitchen_drawer#facing=south,open=false'
[18:50:25] [Worker-Main-2/WARN] (net.minecraft.client.resources.model.BlockStateModelLoader) Exception loading blockstate definition: 'better_deco:blockstates/bamboo_kitchen_drawer.json' missing model for variant: 'better_deco:bamboo_kitchen_drawer#facing=east,open=false'
[18:50:25] [Worker-Main-2/WARN] (net.minecraft.client.resources.model.BlockStateModelLoader) Exception loading blockstate definition: 'better_deco:blockstates/bamboo_kitchen_drawer.json' missing model for variant: 'better_deco:bamboo_kitchen_drawer#facing=west,open=false'
[18:50:25] [Worker-Main-2/WARN] (net.minecraft.client.resources.model.BlockStateModelLoader) Exception loading blockstate definition: 'better_deco:blockstates/bamboo_kitchen_drawer.json' missing model for variant: 'better_deco:bamboo_kitchen_drawer#facing=east,open=true'
[18:50:25] [Worker-Main-2/WARN] (net.minecraft.client.resources.model.BlockStateModelLoader) Exception loading blockstate definition: 'better_deco:blockstates/bamboo_kitchen_drawer.json' missing model for variant: 'better_deco:bamboo_kitchen_drawer#facing=south,open=true'
[18:50:25] [Worker-Main-2/WARN] (net.minecraft.client.resources.model.BlockStateModelLoader) Exception loading blockstate definition: 'better_deco:blockstates/bamboo_kitchen_drawer.json' missing model for variant: 'better_deco:bamboo_kitchen_drawer#facing=north,open=false'
[18:50:25] [Worker-Main-2/WARN] (net.minecraft.client.resources.model.BlockStateModelLoader) Exception loading blockstate definition: 'better_deco:blockstates/bamboo_kitchen_drawer.json' missing model for variant: 'better_deco:bamboo_kitchen_drawer#facing=west,open=true'
[18:50:25] [Worker-Main-2/WARN] (net.minecraft.client.resources.model.BlockStateModelLoader) Exception loading blockstate definition: 'better_deco:blockstates/crimson_kitchen_drawer.json' missing model for variant: 'better_deco:crimson_kitchen_drawer#facing=north,open=true'
[18:50:25] [Worker-Main-2/WARN] (net.minecraft.client.resources.model.BlockStateModelLoader) Exception loading blockstate definition: 'better_deco:blockstates/crimson_kitchen_drawer.json' missing model for variant: 'better_deco:crimson_kitchen_drawer#facing=west,open=false'
[18:50:25] [Worker-Main-2/WARN] (net.minecraft.client.resources.model.BlockStateModelLoader) Exception loading blockstate definition: 'better_deco:blockstates/crimson_kitchen_drawer.json' missing model for variant: 'better_deco:crimson_kitchen_drawer#facing=east,open=false'
[18:50:25] [Worker-Main-2/WARN] (net.minecraft.client.resources.model.BlockStateModelLoader) Exception loading blockstate definition: 'better_deco:blockstates/crimson_kitchen_drawer.json' missing model for variant: 'better_deco:crimson_kitchen_drawer#facing=north,open=false'
[18:50:25] [Worker-Main-2/WARN] (net.minecraft.client.resources.model.BlockStateModelLoader) Exception loading blockstate definition: 'better_deco:blockstates/crimson_kitchen_drawer.json' missing model for variant: 'better_deco:crimson_kitchen_drawer#facing=south,open=true'
[18:50:25] [Worker-Main-2/WARN] (net.minecraft.client.resources.model.BlockStateModelLoader) Exception loading blockstate definition: 'better_deco:blockstates/crimson_kitchen_drawer.json' missing model for variant: 'better_deco:crimson_kitchen_drawer#facing=west,open=true'
[18:50:25] [Worker-Main-2/WARN] (net.minecraft.client.resources.model.BlockStateModelLoader) Exception loading blockstate definition: 'better_deco:blockstates/crimson_kitchen_drawer.json' missing model for variant: 'better_deco:crimson_kitchen_drawer#facing=south,open=false'
[18:50:25] [Worker-Main-2/WARN] (net.minecraft.client.resources.model.BlockStateModelLoader) Exception loading blockstate definition: 'better_deco:blockstates/crimson_kitchen_drawer.json' missing model for variant: 'better_deco:crimson_kitchen_drawer#facing=east,open=true'
[18:50:25] [Worker-Main-2/WARN] (net.minecraft.client.resources.model.ModelBakery) Unable to load model: 'better_deco:block/light_gray_cabinet_open' referenced from: better_deco:block/light_gray_cabinet_open: java.io.FileNotFoundException: better_deco:models/block/light_gray_cabinet_open.json
[18:50:25] [Worker-Main-2/WARN] (net.minecraft.client.resources.model.ModelBakery) Unable to load model: 'better_deco:block/spruce_kitchen_drawer_closed' referenced from: better_deco:item/spruce_kitchen_drawer: java.io.FileNotFoundException: better_deco:models/block/spruce_kitchen_drawer_closed.json
[18:50:25] [Worker-Main-2/WARN] (net.minecraft.client.resources.model.ModelBakery) Unable to load model: 'better_deco:block/mangrove_kitchen_drawer_closed' referenced from: better_deco:item/mangrove_kitchen_drawer: java.io.FileNotFoundException: better_deco:models/block/mangrove_kitchen_drawer_closed.json
[18:50:25] [Worker-Main-2/WARN] (net.minecraft.client.resources.model.ModelBakery) Unable to load model: 'better_deco:block/bamboo_kitchen_drawer_closed' referenced from: better_deco:item/bamboo_kitchen_drawer: java.io.FileNotFoundException: better_deco:models/block/bamboo_kitchen_drawer_closed.json
[18:50:25] [Worker-Main-2/WARN] (net.minecraft.client.resources.model.ModelBakery) Unable to load model: 'better_deco:block/crimson_kitchen_drawer_closed' referenced from: better_deco:item/crimson_kitchen_drawer: java.io.FileNotFoundException: better_deco:models/block/crimson_kitchen_drawer_closed.json
[18:50:25] [Worker-Main-2/WARN] (net.minecraft.client.resources.model.ModelBakery) Unable to load model: 'better_deco:block/dark_oak_kitchen_drawer_closed' referenced from: better_deco:item/dark_oak_kitchen_drawer: java.io.FileNotFoundException: better_deco:models/block/dark_oak_kitchen_drawer_closed.json
[18:50:25] [Worker-Main-2/DEBUG] (FabricLoader/Mixin) Mixing ModelLoaderBakerImplMixin from fabric-model-loading-api-v1.mixins.json into net.minecraft.client.resources.model.ModelBakery$ModelBakerImpl
[18:50:25] [Worker-Main-2/DEBUG] (FabricLoader/Mixin) fabric-model-loading-api-v1.mixins.json:ModelLoaderBakerImplMixin from mod fabric-model-loading-api-v1: Class version 65 required is higher than the class version supported by the current version of Mixin (JAVA_17 supports class version 61)
[18:50:25] [Worker-Main-2/DEBUG] (FabricLoader/Mixin) Mixing client.MultipartBakedModelMixin from fabric-renderer-api-v1.mixins.json into net.minecraft.client.resources.model.MultiPartBakedModel
[18:50:25] [Worker-Main-2/DEBUG] (FabricLoader/Mixin) Renaming synthetic method lambda$emitBlockQuads$0(Lnet/minecraft/util/RandomSource;J)Lnet/minecraft/util/RandomSource; to md310282$fabric-renderer-api-v1$lambda$emitBlockQuads$0$0 in fabric-renderer-api-v1.mixins.json:client.MultipartBakedModelMixin from mod fabric-renderer-api-v1
[18:50:25] [Worker-Main-2/DEBUG] (FabricLoader/Mixin) fabric-renderer-api-v1.mixins.json:client.MultipartBakedModelMixin from mod fabric-renderer-api-v1->@Inject::onInit(Ljava/util/List;Lorg/spongepowered/asm/mixin/injection/callback/CallbackInfo;)V doesn't use it's CallbackInfo
[18:50:25] [Worker-Main-2/DEBUG] (FabricLoader/Mixin) fabric-renderer-api-v1.mixins.json:client.MultipartBakedModelMixin from mod fabric-renderer-api-v1->@Inject::onInit(Ljava/util/List;Lorg/spongepowered/asm/mixin/injection/callback/CallbackInfo;)V has 0 override(s) in child classes
[18:50:25] [Worker-Main-2/DEBUG] (FabricLoader/Mixin) fabric-renderer-api-v1.mixins.json:client.MultipartBakedModelMixin from mod fabric-renderer-api-v1->@Inject::onInit(Ljava/util/List;Lorg/spongepowered/asm/mixin/injection/callback/CallbackInfo;)V won't be passed a CallbackInfo as a result
[18:50:25] [Worker-Main-2/DEBUG] (FabricLoader/Mixin) Mixing client.WeightedBakedModelMixin from fabric-renderer-api-v1.mixins.json into net.minecraft.client.resources.model.WeightedBakedModel
[18:50:25] [Worker-Main-2/DEBUG] (FabricLoader/Mixin) Renaming synthetic method lambda$emitItemQuads$1(Ljava/util/function/Supplier;)Lnet/minecraft/util/RandomSource; to md310282$fabric-renderer-api-v1$lambda$emitItemQuads$1$0 in fabric-renderer-api-v1.mixins.json:client.WeightedBakedModelMixin from mod fabric-renderer-api-v1
[18:50:25] [Worker-Main-2/DEBUG] (FabricLoader/Mixin) Renaming synthetic method lambda$emitBlockQuads$0(Ljava/util/function/Supplier;)Lnet/minecraft/util/RandomSource; to md310282$fabric-renderer-api-v1$lambda$emitBlockQuads$0$1 in fabric-renderer-api-v1.mixins.json:client.WeightedBakedModelMixin from mod fabric-renderer-api-v1
[18:50:25] [Worker-Main-2/DEBUG] (FabricLoader/Mixin) fabric-renderer-api-v1.mixins.json:client.WeightedBakedModelMixin from mod fabric-renderer-api-v1->@Inject::onInit(Ljava/util/List;Lorg/spongepowered/asm/mixin/injection/callback/CallbackInfo;)V doesn't use it's CallbackInfo
[18:50:25] [Worker-Main-2/DEBUG] (FabricLoader/Mixin) fabric-renderer-api-v1.mixins.json:client.WeightedBakedModelMixin from mod fabric-renderer-api-v1->@Inject::onInit(Ljava/util/List;Lorg/spongepowered/asm/mixin/injection/callback/CallbackInfo;)V has 0 override(s) in child classes
[18:50:25] [Worker-Main-2/DEBUG] (FabricLoader/Mixin) fabric-renderer-api-v1.mixins.json:client.WeightedBakedModelMixin from mod fabric-renderer-api-v1->@Inject::onInit(Ljava/util/List;Lorg/spongepowered/asm/mixin/injection/callback/CallbackInfo;)V won't be passed a CallbackInfo as a result
[18:50:26] [Worker-Main-2/WARN] (net.minecraft.client.resources.model.ModelManager) Missing textures in model better_deco:light_bamboo_sink#facing=east,has_water=false,waterlogged=false:
    minecraft:textures/atlas/blocks.png:minecraft:0
[18:50:26] [Worker-Main-2/WARN] (net.minecraft.client.resources.model.ModelManager) Missing textures in model better_deco:bd/natures_spirit/fir_kitchen_drawer#facing=east,open=true:
    minecraft:textures/atlas/blocks.png:better_deco:block/bd/natures_spirit/furniture/kitchen_counter/fir_kitchen_drawer_open
[18:50:26] [Worker-Main-2/WARN] (net.minecraft.client.resources.model.ModelManager) Missing textures in model better_deco:bd/natures_spirit/cedar_kitchen_drawer#facing=west,open=true:
    minecraft:textures/atlas/blocks.png:better_deco:block/bd/natures_spirit/furniture/kitchen_counter/cedar_kitchen_drawer_open
[18:50:26] [Worker-Main-2/WARN] (net.minecraft.client.resources.model.ModelManager) Missing textures in model better_deco:bd/natures_spirit/cypress_kitchen_drawer#facing=south,open=true:
    minecraft:textures/atlas/blocks.png:better_deco:block/bd/natures_spirit/furniture/kitchen_counter/cypress_kitchen_drawer_open
[18:50:26] [Worker-Main-2/WARN] (net.minecraft.client.resources.model.ModelManager) Missing textures in model better_deco:light_warped_sink#facing=north,has_water=true,waterlogged=false:
    minecraft:textures/atlas/blocks.png:minecraft:0
[18:50:26] [Worker-Main-2/WARN] (net.minecraft.client.resources.model.ModelManager) Missing textures in model better_deco:birch_sink_dark#facing=north,has_water=false,waterlogged=false:
    minecraft:textures/atlas/blocks.png:minecraft:0
[18:50:26] [Worker-Main-2/WARN] (net.minecraft.client.resources.model.ModelManager) Missing textures in model better_deco:light_acacia_sink#facing=east,has_water=false,waterlogged=true:
    minecraft:textures/atlas/blocks.png:minecraft:0
[18:50:26] [Worker-Main-2/WARN] (net.minecraft.client.resources.model.ModelManager) Missing textures in model better_deco:bd/natures_spirit/cypress_kitchen_drawer#facing=north,open=true:
    minecraft:textures/atlas/blocks.png:better_deco:block/bd/natures_spirit/furniture/kitchen_counter/cypress_kitchen_drawer_open
[18:50:26] [Worker-Main-2/WARN] (net.minecraft.client.resources.model.ModelManager) Missing textures in model better_deco:light_acacia_sink#inventory:
    minecraft:textures/atlas/blocks.png:minecraft:0
[18:50:26] [Worker-Main-2/WARN] (net.minecraft.client.resources.model.ModelManager) Missing textures in model better_deco:blue_sink#facing=south,has_water=true,waterlogged=true:
    minecraft:textures/atlas/blocks.png:minecraft:0
[18:50:26] [Worker-Main-2/WARN] (net.minecraft.client.resources.model.ModelManager) Missing textures in model better_deco:bd/natures_spirit/cedar_kitchen_drawer#facing=south,open=true:
    minecraft:textures/atlas/blocks.png:better_deco:block/bd/natures_spirit/furniture/kitchen_counter/cedar_kitchen_drawer_open
[18:50:26] [Worker-Main-2/WARN] (net.minecraft.client.resources.model.ModelManager) Missing textures in model better_deco:bd/natures_spirit/willow_kitchen_drawer#facing=east,open=true:
    minecraft:textures/atlas/blocks.png:better_deco:block/bd/natures_spirit/furniture/kitchen_counter/willow_kitchen_drawer_open
[18:50:26] [Worker-Main-2/WARN] (net.minecraft.client.resources.model.ModelManager) Missing textures in model better_deco:light_spruce_sink#facing=west,has_water=false,waterlogged=false:
    minecraft:textures/atlas/blocks.png:minecraft:0
[18:50:26] [Worker-Main-2/WARN] (net.minecraft.client.resources.model.ModelManager) Missing textures in model better_deco:bd/natures_spirit/larch_kitchen_drawer#facing=south,open=true:
    minecraft:textures/atlas/blocks.png:better_deco:block/bd/natures_spirit/furniture/kitchen_counter/larch_kitchen_drawer_open
[18:50:26] [Worker-Main-2/WARN] (net.minecraft.client.resources.model.ModelManager) Missing textures in model better_deco:brown_sink#facing=north,has_water=false,waterlogged=false:
    minecraft:textures/atlas/blocks.png:minecraft:0
[18:50:26] [Worker-Main-2/WARN] (net.minecraft.client.resources.model.ModelManager) Missing textures in model better_deco:bd/natures_spirit/redwood_kitchen_drawer#facing=east,open=true:
    minecraft:textures/atlas/blocks.png:better_deco:block/bd/natures_spirit/furniture/kitchen_counter/redwood_kitchen_drawer_open
[18:50:26] [Worker-Main-2/WARN] (net.minecraft.client.resources.model.ModelManager) Missing textures in model better_deco:yellow_sink#inventory:
    minecraft:textures/atlas/blocks.png:minecraft:0
[18:50:26] [Worker-Main-2/WARN] (net.minecraft.client.resources.model.ModelManager) Missing textures in model better_deco:warped_sink_dark#facing=east,has_water=false,waterlogged=true:
    minecraft:textures/atlas/blocks.png:minecraft:0
[18:50:26] [Worker-Main-2/WARN] (net.minecraft.client.resources.model.ModelManager) Missing textures in model better_deco:lime_sink#facing=south,has_water=true,waterlogged=true:
    minecraft:textures/atlas/blocks.png:minecraft:0
[18:50:26] [Worker-Main-2/WARN] (net.minecraft.client.resources.model.ModelManager) Missing textures in model better_deco:light_blue_sink#facing=north,has_water=true,waterlogged=false:
    minecraft:textures/atlas/blocks.png:minecraft:0
[18:50:26] [Worker-Main-2/WARN] (net.minecraft.client.resources.model.ModelManager) Missing textures in model better_deco:oak_sink_dark#inventory:
    minecraft:textures/atlas/blocks.png:minecraft:0
[18:50:26] [Worker-Main-2/WARN] (net.minecraft.client.resources.model.ModelManager) Missing textures in model better_deco:dark_oak_sink_dark#facing=east,has_water=false,waterlogged=false:
    minecraft:textures/atlas/blocks.png:minecraft:0
[18:50:26] [Worker-Main-2/WARN] (net.minecraft.client.resources.model.ModelManager) Missing textures in model better_deco:cyan_sink#facing=east,has_water=false,waterlogged=false:
    minecraft:textures/atlas/blocks.png:minecraft:0
[18:50:26] [Worker-Main-2/WARN] (net.minecraft.client.resources.model.ModelManager) Missing textures in model better_deco:acacia_sink_dark#facing=east,has_water=true,waterlogged=false:
    minecraft:textures/atlas/blocks.png:minecraft:0
[18:50:26] [Worker-Main-2/WARN] (net.minecraft.client.resources.model.ModelManager) Missing textures in model better_deco:pink_sink#facing=east,has_water=true,waterlogged=true:
    minecraft:textures/atlas/blocks.png:minecraft:0
[18:50:26] [Worker-Main-2/WARN] (net.minecraft.client.resources.model.ModelManager) Missing textures in model better_deco:gray_sink#facing=west,has_water=false,waterlogged=true:
    minecraft:textures/atlas/blocks.png:minecraft:0
[18:50:26] [Worker-Main-2/WARN] (net.minecraft.client.resources.model.ModelManager) Missing textures in model better_deco:lime_sink#facing=east,has_water=true,waterlogged=false:
    minecraft:textures/atlas/blocks.png:minecraft:0
[18:50:26] [Worker-Main-2/WARN] (net.minecraft.client.resources.model.ModelManager) Missing textures in model better_deco:bamboo_sink_dark#inventory:
    minecraft:textures/atlas/blocks.png:minecraft:0
[18:50:26] [Worker-Main-2/WARN] (net.minecraft.client.resources.model.ModelManager) Missing textures in model better_deco:warped_sink_dark#inventory:
    minecraft:textures/atlas/blocks.png:minecraft:0
[18:50:26] [Worker-Main-2/WARN] (net.minecraft.client.resources.model.ModelManager) Missing textures in model better_deco:red_sink#facing=south,has_water=true,waterlogged=false:
    minecraft:textures/atlas/blocks.png:minecraft:0
[18:50:26] [Worker-Main-2/WARN] (net.minecraft.client.resources.model.ModelManager) Missing textures in model better_deco:mangrove_sink_dark#inventory:
    minecraft:textures/atlas/blocks.png:minecraft:0
[18:50:26] [Worker-Main-2/WARN] (net.minecraft.client.resources.model.ModelManager) Missing textures in model better_deco:light_gray_sink#inventory:
    minecraft:textures/atlas/blocks.png:minecraft:0
[18:50:26] [Worker-Main-2/WARN] (net.minecraft.client.resources.model.ModelManager) Missing textures in model better_deco:bd/natures_spirit/palo_verde_kitchen_drawer#facing=south,open=true:
    minecraft:textures/atlas/blocks.png:better_deco:block/bd/natures_spirit/furniture/kitchen_counter/palo_verde_kitchen_drawer_open
[18:50:26] [Worker-Main-2/WARN] (net.minecraft.client.resources.model.ModelManager) Missing textures in model better_deco:spruce_sink_dark#inventory:
    minecraft:textures/atlas/blocks.png:minecraft:0
[18:50:26] [Worker-Main-2/WARN] (net.minecraft.client.resources.model.ModelManager) Missing textures in model better_deco:red_sink#facing=east,has_water=true,waterlogged=true:
    minecraft:textures/atlas/blocks.png:minecraft:0
[18:50:26] [Worker-Main-2/WARN] (net.minecraft.client.resources.model.ModelManager) Missing textures in model better_deco:bamboo_sink_dark#facing=east,has_water=false,waterlogged=false:
    minecraft:textures/atlas/blocks.png:minecraft:0
[18:50:26] [Worker-Main-2/WARN] (net.minecraft.client.resources.model.ModelManager) Missing textures in model better_deco:lime_sink#facing=west,has_water=true,waterlogged=false:
    minecraft:textures/atlas/blocks.png:minecraft:0
[18:50:26] [Worker-Main-2/WARN] (net.minecraft.client.resources.model.ModelManager) Missing textures in model better_deco:green_sink#facing=west,has_water=true,waterlogged=true:
    minecraft:textures/atlas/blocks.png:minecraft:0
[18:50:26] [Worker-Main-2/WARN] (net.minecraft.client.resources.model.ModelManager) Missing textures in model better_deco:bd/natures_spirit/joshua_kitchen_drawer#facing=south,open=true:
    minecraft:textures/atlas/blocks.png:better_deco:block/bd/natures_spirit/furniture/kitchen_counter/joshua_kitchen_drawer_open
[18:50:26] [Worker-Main-2/WARN] (net.minecraft.client.resources.model.ModelManager) Missing textures in model better_deco:acacia_sink_dark#facing=south,has_water=false,waterlogged=true:
    minecraft:textures/atlas/blocks.png:minecraft:0
[18:50:26] [Worker-Main-2/WARN] (net.minecraft.client.resources.model.ModelManager) Missing textures in model better_deco:light_crimson_sink#inventory:
    minecraft:textures/atlas/blocks.png:minecraft:0
[18:50:26] [Worker-Main-2/WARN] (net.minecraft.client.resources.model.ModelManager) Missing textures in model better_deco:bd/natures_spirit/aspen_kitchen_drawer#facing=south,open=true:
    minecraft:textures/atlas/blocks.png:better_deco:block/bd/natures_spirit/furniture/kitchen_counter/aspen_kitchen_drawer_open
[18:50:26] [Worker-Main-2/WARN] (net.minecraft.client.resources.model.ModelManager) Missing textures in model better_deco:cherry_sink_dark#facing=south,has_water=true,waterlogged=false:
    minecraft:textures/atlas/blocks.png:minecraft:0
[18:50:26] [Worker-Main-2/WARN] (net.minecraft.client.resources.model.ModelManager) Missing textures in model better_deco:green_sink#facing=north,has_water=false,waterlogged=true:
    minecraft:textures/atlas/blocks.png:minecraft:0
[18:50:26] [Worker-Main-2/WARN] (net.minecraft.client.resources.model.ModelManager) Missing textures in model better_deco:bd/natures_spirit/mahogany_kitchen_drawer#facing=south,open=true:
    minecraft:textures/atlas/blocks.png:better_deco:block/bd/natures_spirit/furniture/kitchen_counter/mahogany_kitchen_drawer_open
[18:50:26] [Worker-Main-2/WARN] (net.minecraft.client.resources.model.ModelManager) Missing textures in model better_deco:light_mangrove_sink#facing=south,has_water=false,waterlogged=true:
    minecraft:textures/atlas/blocks.png:minecraft:0
[18:50:26] [Worker-Main-2/WARN] (net.minecraft.client.resources.model.ModelManager) Missing textures in model better_deco:green_sink#inventory:
    minecraft:textures/atlas/blocks.png:minecraft:0
[18:50:26] [Worker-Main-2/WARN] (net.minecraft.client.resources.model.ModelManager) Missing textures in model better_deco:bd/natures_spirit/olive_kitchen_drawer#facing=east,open=true:
    minecraft:textures/atlas/blocks.png:better_deco:block/bd/natures_spirit/furniture/kitchen_counter/olive_kitchen_drawer_open
[18:50:26] [Worker-Main-2/WARN] (net.minecraft.client.resources.model.ModelManager) Missing textures in model better_deco:bd/natures_spirit/willow_kitchen_drawer#facing=north,open=true:
    minecraft:textures/atlas/blocks.png:better_deco:block/bd/natures_spirit/furniture/kitchen_counter/willow_kitchen_drawer_open
[18:50:26] [Worker-Main-2/WARN] (net.minecraft.client.resources.model.ModelManager) Missing textures in model better_deco:bd/natures_spirit/larch_kitchen_drawer#facing=west,open=true:
    minecraft:textures/atlas/blocks.png:better_deco:block/bd/natures_spirit/furniture/kitchen_counter/larch_kitchen_drawer_open
[18:50:26] [Worker-Main-2/WARN] (net.minecraft.client.resources.model.ModelManager) Missing textures in model better_deco:birch_sink_dark#inventory:
    minecraft:textures/atlas/blocks.png:minecraft:0
[18:50:26] [Worker-Main-2/WARN] (net.minecraft.client.resources.model.ModelManager) Missing textures in model better_deco:light_bamboo_sink#inventory:
    minecraft:textures/atlas/blocks.png:minecraft:0
[18:50:26] [Worker-Main-2/WARN] (net.minecraft.client.resources.model.ModelManager) Missing textures in model better_deco:gray_sink#inventory:
    minecraft:textures/atlas/blocks.png:minecraft:0
[18:50:26] [Worker-Main-2/WARN] (net.minecraft.client.resources.model.ModelManager) Missing textures in model better_deco:light_blue_sink#facing=east,has_water=false,waterlogged=false:
    minecraft:textures/atlas/blocks.png:minecraft:0
[18:50:26] [Worker-Main-2/WARN] (net.minecraft.client.resources.model.ModelManager) Missing textures in model better_deco:light_warped_sink#inventory:
    minecraft:textures/atlas/blocks.png:minecraft:0
[18:50:26] [Worker-Main-2/WARN] (net.minecraft.client.resources.model.ModelManager) Missing textures in model better_deco:bd/natures_spirit/willow_kitchen_drawer#facing=west,open=true:
    minecraft:textures/atlas/blocks.png:better_deco:block/bd/natures_spirit/furniture/kitchen_counter/willow_kitchen_drawer_open
[18:50:26] [Worker-Main-2/WARN] (net.minecraft.client.resources.model.ModelManager) Missing textures in model better_deco:crimson_sink_dark#facing=north,has_water=false,waterlogged=true:
    minecraft:textures/atlas/blocks.png:minecraft:0
[18:50:26] [Worker-Main-2/WARN] (net.minecraft.client.resources.model.ModelManager) Missing textures in model better_deco:bd/natures_spirit/larch_kitchen_drawer#facing=north,open=true:
    minecraft:textures/atlas/blocks.png:better_deco:block/bd/natures_spirit/furniture/kitchen_counter/larch_kitchen_drawer_open
[18:50:26] [Worker-Main-2/WARN] (net.minecraft.client.resources.model.ModelManager) Missing textures in model better_deco:crimson_sink_dark#facing=west,has_water=true,waterlogged=true:
    minecraft:textures/atlas/blocks.png:minecraft:0
[18:50:26] [Worker-Main-2/WARN] (net.minecraft.client.resources.model.ModelManager) Missing textures in model better_deco:light_jungle_sink#facing=south,has_water=true,waterlogged=true:
    minecraft:textures/atlas/blocks.png:minecraft:0
[18:50:26] [Worker-Main-2/WARN] (net.minecraft.client.resources.model.ModelManager) Missing textures in model better_deco:orange_sink#facing=west,has_water=true,waterlogged=false:
    minecraft:textures/atlas/blocks.png:minecraft:0
[18:50:26] [Worker-Main-2/WARN] (net.minecraft.client.resources.model.ModelManager) Missing textures in model better_deco:pink_sink#facing=north,has_water=false,waterlogged=false:
    minecraft:textures/atlas/blocks.png:minecraft:0
[18:50:26] [Worker-Main-2/WARN] (net.minecraft.client.resources.model.ModelManager) Missing textures in model better_deco:bamboo_sink_dark#facing=north,has_water=false,waterlogged=true:
    minecraft:textures/atlas/blocks.png:minecraft:0
[18:50:26] [Worker-Main-2/WARN] (net.minecraft.client.resources.model.ModelManager) Missing textures in model better_deco:light_jungle_sink#facing=west,has_water=false,waterlogged=true:
    minecraft:textures/atlas/blocks.png:minecraft:0
[18:50:26] [Worker-Main-2/WARN] (net.minecraft.client.resources.model.ModelManager) Missing textures in model better_deco:bd/natures_spirit/saxaul_kitchen_drawer#facing=west,open=true:
    minecraft:textures/atlas/blocks.png:better_deco:block/bd/natures_spirit/furniture/kitchen_counter/saxaul_kitchen_drawer_open
[18:50:26] [Worker-Main-2/WARN] (net.minecraft.client.resources.model.ModelManager) Missing textures in model better_deco:light_mangrove_sink#inventory:
    minecraft:textures/atlas/blocks.png:minecraft:0
[18:50:26] [Worker-Main-2/WARN] (net.minecraft.client.resources.model.ModelManager) Missing textures in model better_deco:brown_sink#inventory:
    minecraft:textures/atlas/blocks.png:minecraft:0
[18:50:26] [Worker-Main-2/WARN] (net.minecraft.client.resources.model.ModelManager) Missing textures in model better_deco:blue_sink#inventory:
    minecraft:textures/atlas/blocks.png:minecraft:0
[18:50:26] [Worker-Main-2/WARN] (net.minecraft.client.resources.model.ModelManager) Missing textures in model better_deco:bd/natures_spirit/fir_kitchen_drawer#facing=south,open=true:
    minecraft:textures/atlas/blocks.png:better_deco:block/bd/natures_spirit/furniture/kitchen_counter/fir_kitchen_drawer_open
[18:50:26] [Worker-Main-2/WARN] (net.minecraft.client.resources.model.ModelManager) Missing textures in model better_deco:magenta_sink#facing=east,has_water=false,waterlogged=true:
    minecraft:textures/atlas/blocks.png:minecraft:0
[18:50:26] [Worker-Main-2/WARN] (net.minecraft.client.resources.model.ModelManager) Missing textures in model better_deco:light_crimson_sink#facing=south,has_water=false,waterlogged=false:
    minecraft:textures/atlas/blocks.png:minecraft:0
[18:50:26] [Worker-Main-2/WARN] (net.minecraft.client.resources.model.ModelManager) Missing textures in model better_deco:orange_sink#inventory:
    minecraft:textures/atlas/blocks.png:minecraft:0
[18:50:26] [Worker-Main-2/WARN] (net.minecraft.client.resources.model.ModelManager) Missing textures in model better_deco:light_gray_sink#facing=west,has_water=false,waterlogged=false:
    minecraft:textures/atlas/blocks.png:minecraft:0
[18:50:26] [Worker-Main-2/WARN] (net.minecraft.client.resources.model.ModelManager) Missing textures in model better_deco:light_birch_sink#inventory:
    minecraft:textures/atlas/blocks.png:minecraft:0
[18:50:26] [Worker-Main-2/WARN] (net.minecraft.client.resources.model.ModelManager) Missing textures in model better_deco:bd/natures_spirit/sugi_kitchen_drawer#facing=west,open=true:
    minecraft:textures/atlas/blocks.png:better_deco:block/bd/natures_spirit/furniture/kitchen_counter/sugi_kitchen_drawer_open
[18:50:26] [Worker-Main-2/WARN] (net.minecraft.client.resources.model.ModelManager) Missing textures in model better_deco:light_cherry_sink#facing=south,has_water=false,waterlogged=false:
    minecraft:textures/atlas/blocks.png:minecraft:0
[18:50:26] [Worker-Main-2/WARN] (net.minecraft.client.resources.model.ModelManager) Missing textures in model better_deco:light_dark_oak_sink#facing=east,has_water=true,waterlogged=false:
    minecraft:textures/atlas/blocks.png:minecraft:0
[18:50:26] [Worker-Main-2/WARN] (net.minecraft.client.resources.model.ModelManager) Missing textures in model better_deco:light_bamboo_sink#facing=north,has_water=false,waterlogged=false:
    minecraft:textures/atlas/blocks.png:minecraft:0
[18:50:26] [Worker-Main-2/WARN] (net.minecraft.client.resources.model.ModelManager) Missing textures in model better_deco:acacia_sink_dark#facing=west,has_water=true,waterlogged=false:
    minecraft:textures/atlas/blocks.png:minecraft:0
[18:50:26] [Worker-Main-2/WARN] (net.minecraft.client.resources.model.ModelManager) Missing textures in model better_deco:bd/natures_spirit/redwood_kitchen_drawer#facing=south,open=true:
    minecraft:textures/atlas/blocks.png:better_deco:block/bd/natures_spirit/furniture/kitchen_counter/redwood_kitchen_drawer_open
[18:50:26] [Worker-Main-2/WARN] (net.minecraft.client.resources.model.ModelManager) Missing textures in model better_deco:bd/natures_spirit/coconut_kitchen_drawer#facing=west,open=true:
    minecraft:textures/atlas/blocks.png:better_deco:block/bd/natures_spirit/furniture/kitchen_counter/coconut_kitchen_drawer_open
[18:50:26] [Worker-Main-2/WARN] (net.minecraft.client.resources.model.ModelManager) Missing textures in model better_deco:white_sink#inventory:
    minecraft:textures/atlas/blocks.png:minecraft:0
[18:50:26] [Worker-Main-2/WARN] (net.minecraft.client.resources.model.ModelManager) Missing textures in model better_deco:bd/natures_spirit/redwood_kitchen_drawer#facing=north,open=true:
    minecraft:textures/atlas/blocks.png:better_deco:block/bd/natures_spirit/furniture/kitchen_counter/redwood_kitchen_drawer_open
[18:50:26] [Worker-Main-2/WARN] (net.minecraft.client.resources.model.ModelManager) Missing textures in model better_deco:bd/natures_spirit/ghaf_kitchen_drawer#facing=east,open=true:
    minecraft:textures/atlas/blocks.png:better_deco:block/bd/natures_spirit/furniture/kitchen_counter/ghaf_kitchen_drawer_open
[18:50:26] [Worker-Main-2/WARN] (net.minecraft.client.resources.model.ModelManager) Missing textures in model better_deco:oak_sink_dark#facing=north,has_water=true,waterlogged=true:
    minecraft:textures/atlas/blocks.png:minecraft:0
[18:50:26] [Worker-Main-2/WARN] (net.minecraft.client.resources.model.ModelManager) Missing textures in model better_deco:cyan_sink#facing=south,has_water=true,waterlogged=true:
    minecraft:textures/atlas/blocks.png:minecraft:0
[18:50:26] [Worker-Main-2/WARN] (net.minecraft.client.resources.model.ModelManager) Missing textures in model better_deco:bd/natures_spirit/sugi_kitchen_drawer#facing=south,open=true:
    minecraft:textures/atlas/blocks.png:better_deco:block/bd/natures_spirit/furniture/kitchen_counter/sugi_kitchen_drawer_open
[18:50:26] [Worker-Main-2/WARN] (net.minecraft.client.resources.model.ModelManager) Missing textures in model better_deco:light_birch_sink#facing=west,has_water=true,waterlogged=false:
    minecraft:textures/atlas/blocks.png:minecraft:0
[18:50:26] [Worker-Main-2/WARN] (net.minecraft.client.resources.model.ModelManager) Missing textures in model better_deco:gray_sink#facing=north,has_water=true,waterlogged=false:
    minecraft:textures/atlas/blocks.png:minecraft:0
[18:50:26] [Worker-Main-2/WARN] (net.minecraft.client.resources.model.ModelManager) Missing textures in model better_deco:mangrove_sink_dark#facing=west,has_water=false,waterlogged=true:
    minecraft:textures/atlas/blocks.png:minecraft:0
[18:50:26] [Worker-Main-2/WARN] (net.minecraft.client.resources.model.ModelManager) Missing textures in model better_deco:light_mangrove_sink#facing=north,has_water=true,waterlogged=false:
    minecraft:textures/atlas/blocks.png:minecraft:0
[18:50:26] [Worker-Main-2/WARN] (net.minecraft.client.resources.model.ModelManager) Missing textures in model better_deco:bd/natures_spirit/olive_kitchen_drawer#facing=west,open=true:
    minecraft:textures/atlas/blocks.png:better_deco:block/bd/natures_spirit/furniture/kitchen_counter/olive_kitchen_drawer_open
[18:50:26] [Worker-Main-2/WARN] (net.minecraft.client.resources.model.ModelManager) Missing textures in model better_deco:light_birch_sink#facing=east,has_water=false,waterlogged=false:
    minecraft:textures/atlas/blocks.png:minecraft:0
[18:50:26] [Worker-Main-2/WARN] (net.minecraft.client.resources.model.ModelManager) Missing textures in model better_deco:bd/natures_spirit/fir_kitchen_drawer#facing=west,open=true:
    minecraft:textures/atlas/blocks.png:better_deco:block/bd/natures_spirit/furniture/kitchen_counter/fir_kitchen_drawer_open
[18:50:26] [Worker-Main-2/WARN] (net.minecraft.client.resources.model.ModelManager) Missing textures in model better_deco:bd/natures_spirit/maple_kitchen_drawer#facing=north,open=true:
    minecraft:textures/atlas/blocks.png:better_deco:block/bd/natures_spirit/furniture/kitchen_counter/maple_kitchen_drawer_open
[18:50:26] [Worker-Main-2/WARN] (net.minecraft.client.resources.model.ModelManager) Missing textures in model better_deco:light_warped_sink#facing=west,has_water=false,waterlogged=true:
    minecraft:textures/atlas/blocks.png:minecraft:0
[18:50:26] [Worker-Main-2/WARN] (net.minecraft.client.resources.model.ModelManager) Missing textures in model better_deco:bd/natures_spirit/palo_verde_kitchen_drawer#facing=north,open=true:
    minecraft:textures/atlas/blocks.png:better_deco:block/bd/natures_spirit/furniture/kitchen_counter/palo_verde_kitchen_drawer_open
[18:50:26] [Worker-Main-2/WARN] (net.minecraft.client.resources.model.ModelManager) Missing textures in model better_deco:gray_sink#facing=east,has_water=false,waterlogged=false:
    minecraft:textures/atlas/blocks.png:minecraft:0
[18:50:26] [Worker-Main-2/WARN] (net.minecraft.client.resources.model.ModelManager) Missing textures in model better_deco:bd/natures_spirit/mahogany_kitchen_drawer#facing=north,open=true:
    minecraft:textures/atlas/blocks.png:better_deco:block/bd/natures_spirit/furniture/kitchen_counter/mahogany_kitchen_drawer_open
[18:50:26] [Worker-Main-2/WARN] (net.minecraft.client.resources.model.ModelManager) Missing textures in model better_deco:bd/natures_spirit/maple_kitchen_drawer#facing=east,open=true:
    minecraft:textures/atlas/blocks.png:better_deco:block/bd/natures_spirit/furniture/kitchen_counter/maple_kitchen_drawer_open
[18:50:26] [Worker-Main-2/WARN] (net.minecraft.client.resources.model.ModelManager) Missing textures in model better_deco:blue_sink#facing=east,has_water=true,waterlogged=true:
    minecraft:textures/atlas/blocks.png:minecraft:0
[18:50:26] [Worker-Main-2/WARN] (net.minecraft.client.resources.model.ModelManager) Missing textures in model better_deco:bd/natures_spirit/palo_verde_kitchen_drawer#facing=east,open=true:
    minecraft:textures/atlas/blocks.png:better_deco:block/bd/natures_spirit/furniture/kitchen_counter/palo_verde_kitchen_drawer_open
[18:50:26] [Worker-Main-2/WARN] (net.minecraft.client.resources.model.ModelManager) Missing textures in model better_deco:oak_sink_dark#facing=west,has_water=true,waterlogged=false:
    minecraft:textures/atlas/blocks.png:minecraft:0
[18:50:26] [Worker-Main-2/WARN] (net.minecraft.client.resources.model.ModelManager) Missing textures in model better_deco:black_sink#facing=east,has_water=false,waterlogged=true:
    minecraft:textures/atlas/blocks.png:minecraft:0
[18:50:26] [Worker-Main-2/WARN] (net.minecraft.client.resources.model.ModelManager) Missing textures in model better_deco:light_acacia_sink#facing=north,has_water=false,waterlogged=false:
    minecraft:textures/atlas/blocks.png:minecraft:0
[18:50:26] [Worker-Main-2/WARN] (net.minecraft.client.resources.model.ModelManager) Missing textures in model better_deco:light_dark_oak_sink#facing=north,has_water=true,waterlogged=true:
    minecraft:textures/atlas/blocks.png:minecraft:0
[18:50:26] [Worker-Main-2/WARN] (net.minecraft.client.resources.model.ModelManager) Missing textures in model better_deco:dark_oak_sink_dark#inventory:
    minecraft:textures/atlas/blocks.png:minecraft:0
[18:50:26] [Worker-Main-2/WARN] (net.minecraft.client.resources.model.ModelManager) Missing textures in model better_deco:cyan_sink#facing=north,has_water=true,waterlogged=true:
    minecraft:textures/atlas/blocks.png:minecraft:0
[18:50:26] [Worker-Main-2/WARN] (net.minecraft.client.resources.model.ModelManager) Missing textures in model better_deco:light_dark_oak_sink#inventory:
    minecraft:textures/atlas/blocks.png:minecraft:0
[18:50:26] [Worker-Main-2/WARN] (net.minecraft.client.resources.model.ModelManager) Missing textures in model better_deco:cyan_sink#inventory:
    minecraft:textures/atlas/blocks.png:minecraft:0
[18:50:26] [Worker-Main-2/WARN] (net.minecraft.client.resources.model.ModelManager) Missing textures in model better_deco:bd/natures_spirit/cypress_kitchen_drawer#facing=west,open=true:
    minecraft:textures/atlas/blocks.png:better_deco:block/bd/natures_spirit/furniture/kitchen_counter/cypress_kitchen_drawer_open
[18:50:26] [Worker-Main-2/WARN] (net.minecraft.client.resources.model.ModelManager) Missing textures in model better_deco:yellow_sink#facing=south,has_water=false,waterlogged=true:
    minecraft:textures/atlas/blocks.png:minecraft:0
[18:50:26] [Worker-Main-2/WARN] (net.minecraft.client.resources.model.ModelManager) Missing textures in model better_deco:cherry_sink_dark#inventory:
    minecraft:textures/atlas/blocks.png:minecraft:0
[18:50:26] [Worker-Main-2/WARN] (net.minecraft.client.resources.model.ModelManager) Missing textures in model better_deco:light_blue_sink#inventory:
    minecraft:textures/atlas/blocks.png:minecraft:0
[18:50:26] [Worker-Main-2/WARN] (net.minecraft.client.resources.model.ModelManager) Missing textures in model better_deco:light_spruce_sink#facing=south,has_water=false,waterlogged=false:
    minecraft:textures/atlas/blocks.png:minecraft:0
[18:50:26] [Worker-Main-2/WARN] (net.minecraft.client.resources.model.ModelManager) Missing textures in model better_deco:bd/natures_spirit/ghaf_kitchen_drawer#facing=north,open=true:
    minecraft:textures/atlas/blocks.png:better_deco:block/bd/natures_spirit/furniture/kitchen_counter/ghaf_kitchen_drawer_open
[18:50:26] [Worker-Main-2/WARN] (net.minecraft.client.resources.model.ModelManager) Missing textures in model better_deco:oak_sink_dark#facing=south,has_water=true,waterlogged=true:
    minecraft:textures/atlas/blocks.png:minecraft:0
[18:50:26] [Worker-Main-2/WARN] (net.minecraft.client.resources.model.ModelManager) Missing textures in model better_deco:acacia_sink_dark#inventory:
    minecraft:textures/atlas/blocks.png:minecraft:0
[18:50:26] [Worker-Main-2/WARN] (net.minecraft.client.resources.model.ModelManager) Missing textures in model better_deco:bd/natures_spirit/wisteria_kitchen_drawer#facing=east,open=true:
    minecraft:textures/atlas/blocks.png:better_deco:block/bd/natures_spirit/furniture/kitchen_counter/wisteria_kitchen_drawer_open
[18:50:26] [Worker-Main-2/WARN] (net.minecraft.client.resources.model.ModelManager) Missing textures in model better_deco:lime_sink#inventory:
    minecraft:textures/atlas/blocks.png:minecraft:0
[18:50:26] [Worker-Main-2/WARN] (net.minecraft.client.resources.model.ModelManager) Missing textures in model better_deco:cherry_sink_dark#facing=west,has_water=true,waterlogged=true:
    minecraft:textures/atlas/blocks.png:minecraft:0
[18:50:26] [Worker-Main-2/WARN] (net.minecraft.client.resources.model.ModelManager) Missing textures in model better_deco:bd/natures_spirit/mahogany_kitchen_drawer#facing=east,open=true:
    minecraft:textures/atlas/blocks.png:better_deco:block/bd/natures_spirit/furniture/kitchen_counter/mahogany_kitchen_drawer_open
[18:50:26] [Worker-Main-2/WARN] (net.minecraft.client.resources.model.ModelManager) Missing textures in model better_deco:purple_sink#facing=south,has_water=true,waterlogged=false:
    minecraft:textures/atlas/blocks.png:minecraft:0
[18:50:26] [Worker-Main-2/WARN] (net.minecraft.client.resources.model.ModelManager) Missing textures in model better_deco:red_sink#facing=west,has_water=false,waterlogged=true:
    minecraft:textures/atlas/blocks.png:minecraft:0
[18:50:26] [Worker-Main-2/WARN] (net.minecraft.client.resources.model.ModelManager) Missing textures in model better_deco:bd/natures_spirit/joshua_kitchen_drawer#facing=west,open=true:
    minecraft:textures/atlas/blocks.png:better_deco:block/bd/natures_spirit/furniture/kitchen_counter/joshua_kitchen_drawer_open
[18:50:26] [Worker-Main-2/WARN] (net.minecraft.client.resources.model.ModelManager) Missing textures in model better_deco:warped_sink_dark#facing=north,has_water=true,waterlogged=false:
    minecraft:textures/atlas/blocks.png:minecraft:0
[18:50:26] [Worker-Main-2/WARN] (net.minecraft.client.resources.model.ModelManager) Missing textures in model better_deco:birch_sink_dark#facing=west,has_water=true,waterlogged=false:
    minecraft:textures/atlas/blocks.png:minecraft:0
[18:50:26] [Worker-Main-2/WARN] (net.minecraft.client.resources.model.ModelManager) Missing textures in model better_deco:mangrove_sink_dark#facing=south,has_water=false,waterlogged=true:
    minecraft:textures/atlas/blocks.png:minecraft:0
[18:50:26] [Worker-Main-2/WARN] (net.minecraft.client.resources.model.ModelManager) Missing textures in model better_deco:brown_sink#facing=west,has_water=true,waterlogged=false:
    minecraft:textures/atlas/blocks.png:minecraft:0
[18:50:26] [Worker-Main-2/WARN] (net.minecraft.client.resources.model.ModelManager) Missing textures in model better_deco:bd/natures_spirit/aspen_kitchen_drawer#facing=north,open=true:
    minecraft:textures/atlas/blocks.png:better_deco:block/bd/natures_spirit/furniture/kitchen_counter/aspen_kitchen_drawer_open
[18:50:26] [Worker-Main-2/WARN] (net.minecraft.client.resources.model.ModelManager) Missing textures in model better_deco:bd/natures_spirit/sugi_kitchen_drawer#facing=east,open=true:
    minecraft:textures/atlas/blocks.png:better_deco:block/bd/natures_spirit/furniture/kitchen_counter/sugi_kitchen_drawer_open
[18:50:26] [Worker-Main-2/WARN] (net.minecraft.client.resources.model.ModelManager) Missing textures in model better_deco:orange_sink#facing=north,has_water=true,waterlogged=true:
    minecraft:textures/atlas/blocks.png:minecraft:0
[18:50:26] [Worker-Main-2/WARN] (net.minecraft.client.resources.model.ModelManager) Missing textures in model better_deco:light_crimson_sink#facing=west,has_water=true,waterlogged=true:
    minecraft:textures/atlas/blocks.png:minecraft:0
[18:50:26] [Worker-Main-2/WARN] (net.minecraft.client.resources.model.ModelManager) Missing textures in model better_deco:birch_sink_dark#facing=south,has_water=true,waterlogged=true:
    minecraft:textures/atlas/blocks.png:minecraft:0
[18:50:26] [Worker-Main-2/WARN] (net.minecraft.client.resources.model.ModelManager) Missing textures in model better_deco:light_dark_oak_sink#facing=west,has_water=false,waterlogged=false:
    minecraft:textures/atlas/blocks.png:minecraft:0
[18:50:26] [Worker-Main-2/WARN] (net.minecraft.client.resources.model.ModelManager) Missing textures in model better_deco:magenta_sink#facing=south,has_water=false,waterlogged=true:
    minecraft:textures/atlas/blocks.png:minecraft:0
[18:50:26] [Worker-Main-2/WARN] (net.minecraft.client.resources.model.ModelManager) Missing textures in model better_deco:bd/natures_spirit/ghaf_kitchen_drawer#facing=south,open=true:
    minecraft:textures/atlas/blocks.png:better_deco:block/bd/natures_spirit/furniture/kitchen_counter/ghaf_kitchen_drawer_open
[18:50:26] [Worker-Main-2/WARN] (net.minecraft.client.resources.model.ModelManager) Missing textures in model better_deco:bamboo_sink_dark#facing=south,has_water=false,waterlogged=false:
    minecraft:textures/atlas/blocks.png:minecraft:0
[18:50:26] [Worker-Main-2/WARN] (net.minecraft.client.resources.model.ModelManager) Missing textures in model better_deco:white_sink#facing=east,has_water=true,waterlogged=false:
    minecraft:textures/atlas/blocks.png:minecraft:0
[18:50:26] [Worker-Main-2/WARN] (net.minecraft.client.resources.model.ModelManager) Missing textures in model better_deco:pink_sink#inventory:
    minecraft:textures/atlas/blocks.png:minecraft:0
[18:50:26] [Worker-Main-2/WARN] (net.minecraft.client.resources.model.ModelManager) Missing textures in model better_deco:light_gray_sink#facing=east,has_water=true,waterlogged=false:
    minecraft:textures/atlas/blocks.png:minecraft:0
[18:50:26] [Worker-Main-2/WARN] (net.minecraft.client.resources.model.ModelManager) Missing textures in model better_deco:spruce_sink_dark#facing=east,has_water=true,waterlogged=false:
    minecraft:textures/atlas/blocks.png:minecraft:0
[18:50:26] [Worker-Main-2/WARN] (net.minecraft.client.resources.model.ModelManager) Missing textures in model better_deco:light_warped_sink#facing=south,has_water=false,waterlogged=false:
    minecraft:textures/atlas/blocks.png:minecraft:0
[18:50:26] [Worker-Main-2/WARN] (net.minecraft.client.resources.model.ModelManager) Missing textures in model better_deco:bd/natures_spirit/wisteria_kitchen_drawer#facing=north,open=true:
    minecraft:textures/atlas/blocks.png:better_deco:block/bd/natures_spirit/furniture/kitchen_counter/wisteria_kitchen_drawer_open
[18:50:26] [Worker-Main-2/WARN] (net.minecraft.client.resources.model.ModelManager) Missing textures in model better_deco:green_sink#facing=east,has_water=true,waterlogged=false:
    minecraft:textures/atlas/blocks.png:minecraft:0
[18:50:26] [Worker-Main-2/WARN] (net.minecraft.client.resources.model.ModelManager) Missing textures in model better_deco:light_gray_sink#facing=south,has_water=false,waterlogged=false:
    minecraft:textures/atlas/blocks.png:minecraft:0
[18:50:26] [Worker-Main-2/WARN] (net.minecraft.client.resources.model.ModelManager) Missing textures in model better_deco:red_sink#inventory:
    minecraft:textures/atlas/blocks.png:minecraft:0
[18:50:26] [Worker-Main-2/WARN] (net.minecraft.client.resources.model.ModelManager) Missing textures in model better_deco:white_sink#facing=north,has_water=true,waterlogged=true:
    minecraft:textures/atlas/blocks.png:minecraft:0
[18:50:26] [Worker-Main-2/WARN] (net.minecraft.client.resources.model.ModelManager) Missing textures in model better_deco:bd/natures_spirit/aspen_kitchen_drawer#facing=east,open=true:
    minecraft:textures/atlas/blocks.png:better_deco:block/bd/natures_spirit/furniture/kitchen_counter/aspen_kitchen_drawer_open
[18:50:26] [Worker-Main-2/WARN] (net.minecraft.client.resources.model.ModelManager) Missing textures in model better_deco:birch_sink_dark#facing=east,has_water=true,waterlogged=false:
    minecraft:textures/atlas/blocks.png:minecraft:0
[18:50:26] [Worker-Main-2/WARN] (net.minecraft.client.resources.model.ModelManager) Missing textures in model better_deco:bd/natures_spirit/joshua_kitchen_drawer#facing=east,open=true:
    minecraft:textures/atlas/blocks.png:better_deco:block/bd/natures_spirit/furniture/kitchen_counter/joshua_kitchen_drawer_open
[18:50:26] [Worker-Main-2/WARN] (net.minecraft.client.resources.model.ModelManager) Missing textures in model better_deco:yellow_sink#facing=north,has_water=false,waterlogged=true:
    minecraft:textures/atlas/blocks.png:minecraft:0
[18:50:26] [Worker-Main-2/WARN] (net.minecraft.client.resources.model.ModelManager) Missing textures in model better_deco:cyan_sink#facing=west,has_water=false,waterlogged=false:
    minecraft:textures/atlas/blocks.png:minecraft:0
[18:50:26] [Worker-Main-2/WARN] (net.minecraft.client.resources.model.ModelManager) Missing textures in model better_deco:spruce_sink_dark#facing=south,has_water=true,waterlogged=true:
    minecraft:textures/atlas/blocks.png:minecraft:0
[18:50:26] [Worker-Main-2/WARN] (net.minecraft.client.resources.model.ModelManager) Missing textures in model better_deco:blue_sink#facing=north,has_water=false,waterlogged=false:
    minecraft:textures/atlas/blocks.png:minecraft:0
[18:50:26] [Worker-Main-2/WARN] (net.minecraft.client.resources.model.ModelManager) Missing textures in model better_deco:jungle_sink_dark#inventory:
    minecraft:textures/atlas/blocks.png:minecraft:0
[18:50:26] [Worker-Main-2/WARN] (net.minecraft.client.resources.model.ModelManager) Missing textures in model better_deco:light_bamboo_sink#facing=south,has_water=true,waterlogged=false:
    minecraft:textures/atlas/blocks.png:minecraft:0
[18:50:26] [Worker-Main-2/WARN] (net.minecraft.client.resources.model.ModelManager) Missing textures in model better_deco:cherry_sink_dark#facing=north,has_water=false,waterlogged=false:
    minecraft:textures/atlas/blocks.png:minecraft:0
[18:50:26] [Worker-Main-2/WARN] (net.minecraft.client.resources.model.ModelManager) Missing textures in model better_deco:magenta_sink#facing=west,has_water=false,waterlogged=true:
    minecraft:textures/atlas/blocks.png:minecraft:0
[18:50:26] [Worker-Main-2/WARN] (net.minecraft.client.resources.model.ModelManager) Missing textures in model better_deco:orange_sink#facing=east,has_water=true,waterlogged=false:
    minecraft:textures/atlas/blocks.png:minecraft:0
[18:50:26] [Worker-Main-2/WARN] (net.minecraft.client.resources.model.ModelManager) Missing textures in model better_deco:light_bamboo_sink#facing=west,has_water=true,waterlogged=true:
    minecraft:textures/atlas/blocks.png:minecraft:0
[18:50:26] [Worker-Main-2/WARN] (net.minecraft.client.resources.model.ModelManager) Missing textures in model better_deco:black_sink#facing=south,has_water=true,waterlogged=true:
    minecraft:textures/atlas/blocks.png:minecraft:0
[18:50:26] [Worker-Main-2/WARN] (net.minecraft.client.resources.model.ModelManager) Missing textures in model better_deco:light_warped_sink#facing=east,has_water=true,waterlogged=false:
    minecraft:textures/atlas/blocks.png:minecraft:0
[18:50:26] [Worker-Main-2/WARN] (net.minecraft.client.resources.model.ModelManager) Missing textures in model better_deco:brown_sink#facing=east,has_water=true,waterlogged=false:
    minecraft:textures/atlas/blocks.png:minecraft:0
[18:50:26] [Worker-Main-2/WARN] (net.minecraft.client.resources.model.ModelManager) Missing textures in model better_deco:light_spruce_sink#facing=east,has_water=false,waterlogged=true:
    minecraft:textures/atlas/blocks.png:minecraft:0
[18:50:26] [Worker-Main-2/WARN] (net.minecraft.client.resources.model.ModelManager) Missing textures in model better_deco:bd/natures_spirit/maple_kitchen_drawer#facing=south,open=true:
    minecraft:textures/atlas/blocks.png:better_deco:block/bd/natures_spirit/furniture/kitchen_counter/maple_kitchen_drawer_open
[18:50:26] [Worker-Main-2/WARN] (net.minecraft.client.resources.model.ModelManager) Missing textures in model better_deco:light_gray_sink#facing=north,has_water=true,waterlogged=true:
    minecraft:textures/atlas/blocks.png:minecraft:0
[18:50:26] [Worker-Main-2/WARN] (net.minecraft.client.resources.model.ModelManager) Missing textures in model better_deco:spruce_sink_dark#facing=north,has_water=true,waterlogged=true:
    minecraft:textures/atlas/blocks.png:minecraft:0
[18:50:26] [Worker-Main-2/WARN] (net.minecraft.client.resources.model.ModelManager) Missing textures in model better_deco:black_sink#facing=north,has_water=true,waterlogged=false:
    minecraft:textures/atlas/blocks.png:minecraft:0
[18:50:26] [Worker-Main-2/WARN] (net.minecraft.client.resources.model.ModelManager) Missing textures in model better_deco:light_acacia_sink#facing=south,has_water=true,waterlogged=false:
    minecraft:textures/atlas/blocks.png:minecraft:0
[18:50:26] [Worker-Main-2/WARN] (net.minecraft.client.resources.model.ModelManager) Missing textures in model better_deco:light_jungle_sink#facing=east,has_water=false,waterlogged=true:
    minecraft:textures/atlas/blocks.png:minecraft:0
[18:50:26] [Worker-Main-2/WARN] (net.minecraft.client.resources.model.ModelManager) Missing textures in model better_deco:yellow_sink#facing=west,has_water=true,waterlogged=true:
    minecraft:textures/atlas/blocks.png:minecraft:0
[18:50:26] [Worker-Main-2/WARN] (net.minecraft.client.resources.model.ModelManager) Missing textures in model better_deco:brown_sink#facing=south,has_water=false,waterlogged=false:
    minecraft:textures/atlas/blocks.png:minecraft:0
[18:50:26] [Worker-Main-2/WARN] (net.minecraft.client.resources.model.ModelManager) Missing textures in model better_deco:light_spruce_sink#facing=north,has_water=true,waterlogged=false:
    minecraft:textures/atlas/blocks.png:minecraft:0
[18:50:26] [Worker-Main-2/WARN] (net.minecraft.client.resources.model.ModelManager) Missing textures in model better_deco:cherry_sink_dark#facing=east,has_water=false,waterlogged=false:
    minecraft:textures/atlas/blocks.png:minecraft:0
[18:50:26] [Worker-Main-2/WARN] (net.minecraft.client.resources.model.ModelManager) Missing textures in model better_deco:purple_sink#facing=north,has_water=true,waterlogged=false:
    minecraft:textures/atlas/blocks.png:minecraft:0
[18:50:26] [Worker-Main-2/WARN] (net.minecraft.client.resources.model.ModelManager) Missing textures in model better_deco:dark_oak_sink_dark#facing=west,has_water=true,waterlogged=false:
    minecraft:textures/atlas/blocks.png:minecraft:0
[18:50:26] [Worker-Main-2/WARN] (net.minecraft.client.resources.model.ModelManager) Missing textures in model better_deco:bd/natures_spirit/coconut_kitchen_drawer#facing=east,open=true:
    minecraft:textures/atlas/blocks.png:better_deco:block/bd/natures_spirit/furniture/kitchen_counter/coconut_kitchen_drawer_open
[18:50:26] [Worker-Main-2/WARN] (net.minecraft.client.resources.model.ModelManager) Missing textures in model better_deco:light_jungle_sink#facing=north,has_water=true,waterlogged=false:
    minecraft:textures/atlas/blocks.png:minecraft:0
[18:50:26] [Worker-Main-2/WARN] (net.minecraft.client.resources.model.ModelManager) Missing textures in model better_deco:purple_sink#facing=west,has_water=false,waterlogged=true:
    minecraft:textures/atlas/blocks.png:minecraft:0
[18:50:26] [Worker-Main-2/WARN] (net.minecraft.client.resources.model.ModelManager) Missing textures in model better_deco:yellow_sink#facing=east,has_water=true,waterlogged=false:
    minecraft:textures/atlas/blocks.png:minecraft:0
[18:50:26] [Worker-Main-2/WARN] (net.minecraft.client.resources.model.ModelManager) Missing textures in model better_deco:crimson_sink_dark#inventory:
    minecraft:textures/atlas/blocks.png:minecraft:0
[18:50:26] [Worker-Main-2/WARN] (net.minecraft.client.resources.model.ModelManager) Missing textures in model better_deco:light_crimson_sink#facing=north,has_water=false,waterlogged=true:
    minecraft:textures/atlas/blocks.png:minecraft:0
[18:50:26] [Worker-Main-2/WARN] (net.minecraft.client.resources.model.ModelManager) Missing textures in model better_deco:light_mangrove_sink#facing=east,has_water=true,waterlogged=true:
    minecraft:textures/atlas/blocks.png:minecraft:0
[18:50:26] [Worker-Main-2/WARN] (net.minecraft.client.resources.model.ModelManager) Missing textures in model better_deco:jungle_sink_dark#facing=north,has_water=true,waterlogged=false:
    minecraft:textures/atlas/blocks.png:minecraft:0
[18:50:26] [Worker-Main-2/WARN] (net.minecraft.client.resources.model.ModelManager) Missing textures in model better_deco:oak_sink_dark#facing=east,has_water=true,waterlogged=false:
    minecraft:textures/atlas/blocks.png:minecraft:0
[18:50:26] [Worker-Main-2/WARN] (net.minecraft.client.resources.model.ModelManager) Missing textures in model better_deco:light_cherry_sink#facing=west,has_water=true,waterlogged=false:
    minecraft:textures/atlas/blocks.png:minecraft:0
[18:50:26] [Worker-Main-2/WARN] (net.minecraft.client.resources.model.ModelManager) Missing textures in model better_deco:bd/natures_spirit/wisteria_kitchen_drawer#facing=south,open=true:
    minecraft:textures/atlas/blocks.png:better_deco:block/bd/natures_spirit/furniture/kitchen_counter/wisteria_kitchen_drawer_open
[18:50:26] [Worker-Main-2/WARN] (net.minecraft.client.resources.model.ModelManager) Missing textures in model better_deco:bd/natures_spirit/saxaul_kitchen_drawer#facing=east,open=true:
    minecraft:textures/atlas/blocks.png:better_deco:block/bd/natures_spirit/furniture/kitchen_counter/saxaul_kitchen_drawer_open
[18:50:26] [Worker-Main-2/WARN] (net.minecraft.client.resources.model.ModelManager) Missing textures in model better_deco:dark_oak_sink_dark#facing=north,has_water=false,waterlogged=false:
    minecraft:textures/atlas/blocks.png:minecraft:0
[18:50:26] [Worker-Main-2/WARN] (net.minecraft.client.resources.model.ModelManager) Missing textures in model better_deco:black_sink#facing=west,has_water=false,waterlogged=true:
    minecraft:textures/atlas/blocks.png:minecraft:0
[18:50:26] [Worker-Main-2/WARN] (net.minecraft.client.resources.model.ModelManager) Missing textures in model better_deco:jungle_sink_dark#facing=west,has_water=false,waterlogged=true:
    minecraft:textures/atlas/blocks.png:minecraft:0
[18:50:26] [Worker-Main-2/WARN] (net.minecraft.client.resources.model.ModelManager) Missing textures in model better_deco:bd/natures_spirit/fir_kitchen_drawer#facing=north,open=true:
    minecraft:textures/atlas/blocks.png:better_deco:block/bd/natures_spirit/furniture/kitchen_counter/fir_kitchen_drawer_open
[18:50:26] [Worker-Main-2/WARN] (net.minecraft.client.resources.model.ModelManager) Missing textures in model better_deco:light_dark_oak_sink#facing=south,has_water=false,waterlogged=false:
    minecraft:textures/atlas/blocks.png:minecraft:0
[18:50:26] [Worker-Main-2/WARN] (net.minecraft.client.resources.model.ModelManager) Missing textures in model better_deco:blue_sink#facing=west,has_water=true,waterlogged=false:
    minecraft:textures/atlas/blocks.png:minecraft:0
[18:50:26] [Worker-Main-2/WARN] (net.minecraft.client.resources.model.ModelManager) Missing textures in model better_deco:bd/natures_spirit/redwood_kitchen_drawer#facing=west,open=true:
    minecraft:textures/atlas/blocks.png:better_deco:block/bd/natures_spirit/furniture/kitchen_counter/redwood_kitchen_drawer_open
[18:50:26] [Worker-Main-2/WARN] (net.minecraft.client.resources.model.ModelManager) Missing textures in model better_deco:bamboo_sink_dark#facing=west,has_water=true,waterlogged=true:
    minecraft:textures/atlas/blocks.png:minecraft:0
[18:50:26] [Worker-Main-2/WARN] (net.minecraft.client.resources.model.ModelManager) Missing textures in model better_deco:bd/natures_spirit/aspen_kitchen_drawer#facing=west,open=true:
    minecraft:textures/atlas/blocks.png:better_deco:block/bd/natures_spirit/furniture/kitchen_counter/aspen_kitchen_drawer_open
[18:50:26] [Worker-Main-2/WARN] (net.minecraft.client.resources.model.ModelManager) Missing textures in model better_deco:bd/natures_spirit/olive_kitchen_drawer#facing=south,open=true:
    minecraft:textures/atlas/blocks.png:better_deco:block/bd/natures_spirit/furniture/kitchen_counter/olive_kitchen_drawer_open
[18:50:26] [Worker-Main-2/WARN] (net.minecraft.client.resources.model.ModelManager) Missing textures in model better_deco:magenta_sink#inventory:
    minecraft:textures/atlas/blocks.png:minecraft:0
[18:50:26] [Worker-Main-2/WARN] (net.minecraft.client.resources.model.ModelManager) Missing textures in model better_deco:magenta_sink#facing=north,has_water=true,waterlogged=false:
    minecraft:textures/atlas/blocks.png:minecraft:0
[18:50:26] [Worker-Main-2/WARN] (net.minecraft.client.resources.model.ModelManager) Missing textures in model better_deco:bd/natures_spirit/sugi_kitchen_drawer#facing=north,open=true:
    minecraft:textures/atlas/blocks.png:better_deco:block/bd/natures_spirit/furniture/kitchen_counter/sugi_kitchen_drawer_open
[18:50:26] [Worker-Main-2/WARN] (net.minecraft.client.resources.model.ModelManager) Missing textures in model better_deco:dark_oak_sink_dark#facing=south,has_water=false,waterlogged=false:
    minecraft:textures/atlas/blocks.png:minecraft:0
[18:50:26] [Worker-Main-2/WARN] (net.minecraft.client.resources.model.ModelManager) Missing textures in model better_deco:light_birch_sink#facing=south,has_water=false,waterlogged=false:
    minecraft:textures/atlas/blocks.png:minecraft:0
[18:50:26] [Worker-Main-2/WARN] (net.minecraft.client.resources.model.ModelManager) Missing textures in model better_deco:light_crimson_sink#facing=east,has_water=true,waterlogged=false:
    minecraft:textures/atlas/blocks.png:minecraft:0
[18:50:26] [Worker-Main-2/WARN] (net.minecraft.client.resources.model.ModelManager) Missing textures in model better_deco:bd/natures_spirit/saxaul_kitchen_drawer#facing=north,open=true:
    minecraft:textures/atlas/blocks.png:better_deco:block/bd/natures_spirit/furniture/kitchen_counter/saxaul_kitchen_drawer_open
[18:50:26] [Worker-Main-2/WARN] (net.minecraft.client.resources.model.ModelManager) Missing textures in model better_deco:bd/natures_spirit/larch_kitchen_drawer#facing=east,open=true:
    minecraft:textures/atlas/blocks.png:better_deco:block/bd/natures_spirit/furniture/kitchen_counter/larch_kitchen_drawer_open
[18:50:26] [Worker-Main-2/WARN] (net.minecraft.client.resources.model.ModelManager) Missing textures in model better_deco:light_blue_sink#facing=west,has_water=false,waterlogged=true:
    minecraft:textures/atlas/blocks.png:minecraft:0
[18:50:26] [Worker-Main-2/WARN] (net.minecraft.client.resources.model.ModelManager) Missing textures in model better_deco:bd/natures_spirit/olive_kitchen_drawer#facing=north,open=true:
    minecraft:textures/atlas/blocks.png:better_deco:block/bd/natures_spirit/furniture/kitchen_counter/olive_kitchen_drawer_open
[18:50:26] [Worker-Main-2/WARN] (net.minecraft.client.resources.model.ModelManager) Missing textures in model better_deco:purple_sink#inventory:
    minecraft:textures/atlas/blocks.png:minecraft:0
[18:50:26] [Worker-Main-2/WARN] (net.minecraft.client.resources.model.ModelManager) Missing textures in model better_deco:bd/natures_spirit/mahogany_kitchen_drawer#facing=west,open=true:
    minecraft:textures/atlas/blocks.png:better_deco:block/bd/natures_spirit/furniture/kitchen_counter/mahogany_kitchen_drawer_open
[18:50:26] [Worker-Main-2/WARN] (net.minecraft.client.resources.model.ModelManager) Missing textures in model better_deco:bd/natures_spirit/cypress_kitchen_drawer#facing=east,open=true:
    minecraft:textures/atlas/blocks.png:better_deco:block/bd/natures_spirit/furniture/kitchen_counter/cypress_kitchen_drawer_open
[18:50:26] [Worker-Main-2/WARN] (net.minecraft.client.resources.model.ModelManager) Missing textures in model better_deco:white_sink#facing=west,has_water=true,waterlogged=false:
    minecraft:textures/atlas/blocks.png:minecraft:0
[18:50:26] [Worker-Main-2/WARN] (net.minecraft.client.resources.model.ModelManager) Missing textures in model better_deco:light_mangrove_sink#facing=west,has_water=false,waterlogged=true:
    minecraft:textures/atlas/blocks.png:minecraft:0
[18:50:26] [Worker-Main-2/WARN] (net.minecraft.client.resources.model.ModelManager) Missing textures in model better_deco:black_sink#inventory:
    minecraft:textures/atlas/blocks.png:minecraft:0
[18:50:26] [Worker-Main-2/WARN] (net.minecraft.client.resources.model.ModelManager) Missing textures in model better_deco:bd/natures_spirit/cedar_kitchen_drawer#facing=east,open=true:
    minecraft:textures/atlas/blocks.png:better_deco:block/bd/natures_spirit/furniture/kitchen_counter/cedar_kitchen_drawer_open
[18:50:26] [Worker-Main-2/WARN] (net.minecraft.client.resources.model.ModelManager) Missing textures in model better_deco:bd/natures_spirit/coconut_kitchen_drawer#facing=south,open=true:
    minecraft:textures/atlas/blocks.png:better_deco:block/bd/natures_spirit/furniture/kitchen_counter/coconut_kitchen_drawer_open
[18:50:26] [Worker-Main-2/WARN] (net.minecraft.client.resources.model.ModelManager) Missing textures in model better_deco:light_blue_sink#facing=south,has_water=true,waterlogged=false:
    minecraft:textures/atlas/blocks.png:minecraft:0
[18:50:26] [Worker-Main-2/WARN] (net.minecraft.client.resources.model.ModelManager) Missing textures in model better_deco:warped_sink_dark#facing=south,has_water=false,waterlogged=true:
    minecraft:textures/atlas/blocks.png:minecraft:0
[18:50:26] [Worker-Main-2/WARN] (net.minecraft.client.resources.model.ModelManager) Missing textures in model better_deco:jungle_sink_dark#facing=south,has_water=false,waterlogged=true:
    minecraft:textures/atlas/blocks.png:minecraft:0
[18:50:26] [Worker-Main-2/WARN] (net.minecraft.client.resources.model.ModelManager) Missing textures in model better_deco:mangrove_sink_dark#facing=east,has_water=false,waterlogged=true:
    minecraft:textures/atlas/blocks.png:minecraft:0
[18:50:26] [Worker-Main-2/WARN] (net.minecraft.client.resources.model.ModelManager) Missing textures in model better_deco:spruce_sink_dark#facing=west,has_water=true,waterlogged=false:
    minecraft:textures/atlas/blocks.png:minecraft:0
[18:50:26] [Worker-Main-2/WARN] (net.minecraft.client.resources.model.ModelManager) Missing textures in model better_deco:mangrove_sink_dark#facing=north,has_water=true,waterlogged=false:
    minecraft:textures/atlas/blocks.png:minecraft:0
[18:50:26] [Worker-Main-2/WARN] (net.minecraft.client.resources.model.ModelManager) Missing textures in model better_deco:light_spruce_sink#inventory:
    minecraft:textures/atlas/blocks.png:minecraft:0
[18:50:26] [Worker-Main-2/WARN] (net.minecraft.client.resources.model.ModelManager) Missing textures in model better_deco:crimson_sink_dark#facing=east,has_water=false,waterlogged=false:
    minecraft:textures/atlas/blocks.png:minecraft:0
[18:50:26] [Worker-Main-2/WARN] (net.minecraft.client.resources.model.ModelManager) Missing textures in model better_deco:bd/natures_spirit/wisteria_kitchen_drawer#facing=west,open=true:
    minecraft:textures/atlas/blocks.png:better_deco:block/bd/natures_spirit/furniture/kitchen_counter/wisteria_kitchen_drawer_open
[18:50:26] [Worker-Main-2/WARN] (net.minecraft.client.resources.model.ModelManager) Missing textures in model better_deco:bd/natures_spirit/coconut_kitchen_drawer#facing=north,open=true:
    minecraft:textures/atlas/blocks.png:better_deco:block/bd/natures_spirit/furniture/kitchen_counter/coconut_kitchen_drawer_open
[18:50:26] [Worker-Main-2/WARN] (net.minecraft.client.resources.model.ModelManager) Missing textures in model better_deco:light_birch_sink#facing=north,has_water=false,waterlogged=true:
    minecraft:textures/atlas/blocks.png:minecraft:0
[18:50:26] [Worker-Main-2/WARN] (net.minecraft.client.resources.model.ModelManager) Missing textures in model better_deco:light_jungle_sink#inventory:
    minecraft:textures/atlas/blocks.png:minecraft:0
[18:50:26] [Worker-Main-2/WARN] (net.minecraft.client.resources.model.ModelManager) Missing textures in model better_deco:crimson_sink_dark#facing=south,has_water=true,waterlogged=false:
    minecraft:textures/atlas/blocks.png:minecraft:0
[18:50:26] [Worker-Main-2/WARN] (net.minecraft.client.resources.model.ModelManager) Missing textures in model better_deco:white_sink#facing=south,has_water=false,waterlogged=false:
    minecraft:textures/atlas/blocks.png:minecraft:0
[18:50:26] [Worker-Main-2/WARN] (net.minecraft.client.resources.model.ModelManager) Missing textures in model better_deco:jungle_sink_dark#facing=east,has_water=true,waterlogged=true:
    minecraft:textures/atlas/blocks.png:minecraft:0
[18:50:26] [Worker-Main-2/WARN] (net.minecraft.client.resources.model.ModelManager) Missing textures in model better_deco:light_cherry_sink#facing=east,has_water=true,waterlogged=false:
    minecraft:textures/atlas/blocks.png:minecraft:0
[18:50:26] [Worker-Main-2/WARN] (net.minecraft.client.resources.model.ModelManager) Missing textures in model better_deco:bd/natures_spirit/saxaul_kitchen_drawer#facing=south,open=true:
    minecraft:textures/atlas/blocks.png:better_deco:block/bd/natures_spirit/furniture/kitchen_counter/saxaul_kitchen_drawer_open
[18:50:26] [Worker-Main-2/WARN] (net.minecraft.client.resources.model.ModelManager) Missing textures in model better_deco:warped_sink_dark#facing=west,has_water=false,waterlogged=true:
    minecraft:textures/atlas/blocks.png:minecraft:0
[18:50:26] [Worker-Main-2/WARN] (net.minecraft.client.resources.model.ModelManager) Missing textures in model better_deco:bd/natures_spirit/joshua_kitchen_drawer#facing=north,open=true:
    minecraft:textures/atlas/blocks.png:better_deco:block/bd/natures_spirit/furniture/kitchen_counter/joshua_kitchen_drawer_open
[18:50:26] [Worker-Main-2/WARN] (net.minecraft.client.resources.model.ModelManager) Missing textures in model better_deco:lime_sink#facing=north,has_water=false,waterlogged=true:
    minecraft:textures/atlas/blocks.png:minecraft:0
[18:50:26] [Worker-Main-2/WARN] (net.minecraft.client.resources.model.ModelManager) Missing textures in model better_deco:pink_sink#facing=west,has_water=true,waterlogged=false:
    minecraft:textures/atlas/blocks.png:minecraft:0
[18:50:26] [Worker-Main-2/WARN] (net.minecraft.client.resources.model.ModelManager) Missing textures in model better_deco:light_cherry_sink#facing=north,has_water=true,waterlogged=true:
    minecraft:textures/atlas/blocks.png:minecraft:0
[18:50:26] [Worker-Main-2/WARN] (net.minecraft.client.resources.model.ModelManager) Missing textures in model better_deco:light_cherry_sink#inventory:
    minecraft:textures/atlas/blocks.png:minecraft:0
[18:50:26] [Worker-Main-2/WARN] (net.minecraft.client.resources.model.ModelManager) Missing textures in model better_deco:orange_sink#facing=south,has_water=false,waterlogged=true:
    minecraft:textures/atlas/blocks.png:minecraft:0
[18:50:26] [Worker-Main-2/WARN] (net.minecraft.client.resources.model.ModelManager) Missing textures in model better_deco:purple_sink#facing=east,has_water=true,waterlogged=true:
    minecraft:textures/atlas/blocks.png:minecraft:0
[18:50:26] [Worker-Main-2/WARN] (net.minecraft.client.resources.model.ModelManager) Missing textures in model better_deco:pink_sink#facing=south,has_water=true,waterlogged=true:
    minecraft:textures/atlas/blocks.png:minecraft:0
[18:50:26] [Worker-Main-2/WARN] (net.minecraft.client.resources.model.ModelManager) Missing textures in model better_deco:green_sink#facing=south,has_water=false,waterlogged=true:
    minecraft:textures/atlas/blocks.png:minecraft:0
[18:50:26] [Worker-Main-2/WARN] (net.minecraft.client.resources.model.ModelManager) Missing textures in model better_deco:acacia_sink_dark#facing=north,has_water=false,waterlogged=true:
    minecraft:textures/atlas/blocks.png:minecraft:0
[18:50:26] [Worker-Main-2/WARN] (net.minecraft.client.resources.model.ModelManager) Missing textures in model better_deco:light_acacia_sink#facing=west,has_water=true,waterlogged=false:
    minecraft:textures/atlas/blocks.png:minecraft:0
[18:50:26] [Worker-Main-2/WARN] (net.minecraft.client.resources.model.ModelManager) Missing textures in model better_deco:bd/natures_spirit/ghaf_kitchen_drawer#facing=west,open=true:
    minecraft:textures/atlas/blocks.png:better_deco:block/bd/natures_spirit/furniture/kitchen_counter/ghaf_kitchen_drawer_open
[18:50:26] [Worker-Main-2/WARN] (net.minecraft.client.resources.model.ModelManager) Missing textures in model better_deco:bd/natures_spirit/maple_kitchen_drawer#facing=west,open=true:
    minecraft:textures/atlas/blocks.png:better_deco:block/bd/natures_spirit/furniture/kitchen_counter/maple_kitchen_drawer_open
[18:50:26] [Worker-Main-2/WARN] (net.minecraft.client.resources.model.ModelManager) Missing textures in model better_deco:bd/natures_spirit/cedar_kitchen_drawer#facing=north,open=true:
    minecraft:textures/atlas/blocks.png:better_deco:block/bd/natures_spirit/furniture/kitchen_counter/cedar_kitchen_drawer_open
[18:50:26] [Worker-Main-2/WARN] (net.minecraft.client.resources.model.ModelManager) Missing textures in model better_deco:bd/natures_spirit/willow_kitchen_drawer#facing=south,open=true:
    minecraft:textures/atlas/blocks.png:better_deco:block/bd/natures_spirit/furniture/kitchen_counter/willow_kitchen_drawer_open
[18:50:26] [Worker-Main-2/WARN] (net.minecraft.client.resources.model.ModelManager) Missing textures in model better_deco:bd/natures_spirit/palo_verde_kitchen_drawer#facing=west,open=true:
    minecraft:textures/atlas/blocks.png:better_deco:block/bd/natures_spirit/furniture/kitchen_counter/palo_verde_kitchen_drawer_open
[18:50:26] [Worker-Main-2/WARN] (net.minecraft.client.resources.model.ModelManager) Missing textures in model better_deco:gray_sink#facing=south,has_water=false,waterlogged=true:
    minecraft:textures/atlas/blocks.png:minecraft:0
[18:50:26] [Worker-Main-2/WARN] (net.minecraft.client.resources.model.ModelManager) Missing textures in model better_deco:red_sink#facing=north,has_water=true,waterlogged=false:
    minecraft:textures/atlas/blocks.png:minecraft:0
[18:50:26] [Render thread/WARN] (net.minecraft.client.sounds.SoundEngine) Missing sound for event: minecraft:item.goat_horn.play
[18:50:26] [Render thread/WARN] (net.minecraft.client.sounds.SoundEngine) Missing sound for event: minecraft:entity.goat.screaming.horn_break
[18:50:26] [Render thread/INFO] (com.mojang.blaze3d.audio.Library) OpenAL initialized on device OpenAL Soft on Headphone (Realtek(R) Audio)
[18:50:26] [Render thread/INFO] (net.minecraft.client.sounds.SoundEngine) Sound engine started
[18:50:26] [Render thread/INFO] (net.minecraft.client.renderer.texture.TextureAtlas) Created: 2048x1024x0 minecraft:textures/atlas/blocks.png-atlas
[18:50:26] [Render thread/INFO] (net.minecraft.client.renderer.texture.TextureAtlas) Created: 512x256x4 minecraft:textures/atlas/signs.png-atlas
[18:50:26] [Render thread/INFO] (net.minecraft.client.renderer.texture.TextureAtlas) Created: 512x512x4 minecraft:textures/atlas/shield_patterns.png-atlas
[18:50:26] [Render thread/INFO] (net.minecraft.client.renderer.texture.TextureAtlas) Created: 512x512x4 minecraft:textures/atlas/banner_patterns.png-atlas
[18:50:26] [Render thread/INFO] (net.minecraft.client.renderer.texture.TextureAtlas) Created: 1024x1024x4 minecraft:textures/atlas/armor_trims.png-atlas
[18:50:26] [Render thread/INFO] (net.minecraft.client.renderer.texture.TextureAtlas) Created: 128x64x4 minecraft:textures/atlas/decorated_pot.png-atlas
[18:50:26] [Render thread/INFO] (net.minecraft.client.renderer.texture.TextureAtlas) Created: 2048x1024x4 minecraft:textures/atlas/chest.png-atlas
[18:50:26] [Render thread/INFO] (net.minecraft.client.renderer.texture.TextureAtlas) Created: 512x256x4 minecraft:textures/atlas/shulker_boxes.png-atlas
[18:50:26] [Render thread/INFO] (net.minecraft.client.renderer.texture.TextureAtlas) Created: 512x256x4 minecraft:textures/atlas/beds.png-atlas
[18:50:26] [Render thread/DEBUG] (FabricLoader/Mixin) Mixing EntityModelsMixin from fabric-rendering-v1.mixins.json into net.minecraft.client.model.geom.LayerDefinitions
[18:50:26] [Render thread/DEBUG] (FabricLoader/Mixin) fabric-rendering-v1.mixins.json:EntityModelsMixin from mod fabric-rendering-v1: Class version 65 required is higher than the class version supported by the current version of Mixin (JAVA_17 supports class version 61)
[18:50:26] [Render thread/DEBUG] (FabricLoader/Mixin) fabric-rendering-v1.mixins.json:EntityModelsMixin from mod fabric-rendering-v1->@Inject::registerExtraModelData(Lorg/spongepowered/asm/mixin/injection/callback/CallbackInfoReturnable;Lcom/google/common/collect/ImmutableMap$Builder;)V doesn't use it's CallbackInfoReturnable
[18:50:26] [Render thread/DEBUG] (FabricLoader/Mixin) Mixing ThirdPersonRendererMixin from moonlight-common.mixins.json into net.minecraft.client.model.HumanoidModel
[18:50:26] [Render thread/DEBUG] (FabricLoader/Mixin) moonlight-common.mixins.json:ThirdPersonRendererMixin from mod moonlight: Class version 65 required is higher than the class version supported by the current version of Mixin (JAVA_17 supports class version 61)
[18:50:26] [Render thread/DEBUG] (FabricLoader/Mixin) moonlight-common.mixins.json:ThirdPersonRendererMixin from mod moonlight->@Inject::poseRightArm(Lnet/minecraft/world/entity/LivingEntity;Lorg/spongepowered/asm/mixin/injection/callback/CallbackInfo;)V does use it's CallbackInfo
[18:50:26] [Render thread/DEBUG] (FabricLoader/Mixin) moonlight-common.mixins.json:ThirdPersonRendererMixin from mod moonlight->@Inject::poseLeftArm(Lnet/minecraft/world/entity/LivingEntity;Lorg/spongepowered/asm/mixin/injection/callback/CallbackInfo;)V does use it's CallbackInfo
[18:50:26] [Render thread/DEBUG] (FabricLoader/Mixin) moonlight-common.mixins.json:ThirdPersonRendererMixin from mod moonlight->@Inject::setupAnim(Lnet/minecraft/world/entity/LivingEntity;FFFFFLorg/spongepowered/asm/mixin/injection/callback/CallbackInfo;)V doesn't use it's CallbackInfo
[18:50:26] [Render thread/DEBUG] (FabricLoader/Mixin) moonlight-common.mixins.json:ThirdPersonRendererMixin from mod moonlight->@Inject::setupAnim(Lnet/minecraft/world/entity/LivingEntity;FFFFFLorg/spongepowered/asm/mixin/injection/callback/CallbackInfo;)V has 0 override(s) in child classes
[18:50:26] [Render thread/DEBUG] (FabricLoader/Mixin) moonlight-common.mixins.json:ThirdPersonRendererMixin from mod moonlight->@Inject::setupAnim(Lnet/minecraft/world/entity/LivingEntity;FFFFFLorg/spongepowered/asm/mixin/injection/callback/CallbackInfo;)V won't be passed a CallbackInfo as a result
[18:50:26] [Render thread/DEBUG] (FabricLoader/Mixin) moonlight-common.mixins.json:ThirdPersonRendererMixin from mod moonlight->@Inject::setupAnim(Lnet/minecraft/world/entity/LivingEntity;FFFFFLorg/spongepowered/asm/mixin/injection/callback/CallbackInfo;)V doesn't use it's CallbackInfo
[18:50:26] [Render thread/DEBUG] (FabricLoader/Mixin) moonlight-common.mixins.json:ThirdPersonRendererMixin from mod moonlight->@Inject::setupAnim(Lnet/minecraft/world/entity/LivingEntity;FFFFFLorg/spongepowered/asm/mixin/injection/callback/CallbackInfo;)V has 0 override(s) in child classes
[18:50:26] [Render thread/DEBUG] (FabricLoader/Mixin) moonlight-common.mixins.json:ThirdPersonRendererMixin from mod moonlight->@Inject::setupAnim(Lnet/minecraft/world/entity/LivingEntity;FFFFFLorg/spongepowered/asm/mixin/injection/callback/CallbackInfo;)V won't be passed a CallbackInfo as a result
[18:50:26] [Render thread/DEBUG] (FabricLoader/Mixin) Mixing EntityRenderersMixin from fabric-rendering-v1.mixins.json into net.minecraft.client.renderer.entity.EntityRenderers
[18:50:26] [Render thread/DEBUG] (FabricLoader/Mixin) fabric-rendering-v1.mixins.json:EntityRenderersMixin from mod fabric-rendering-v1: Class version 65 required is higher than the class version supported by the current version of Mixin (JAVA_17 supports class version 61)
[18:50:26] [Render thread/DEBUG] (FabricLoader/Mixin) Renaming synthetic method lambda$onRegisterRenderers$0(Lnet/minecraft/world/entity/EntityType;Lnet/minecraft/client/renderer/entity/EntityRendererProvider;)V to md310282$fabric-rendering-v1$lambda$onRegisterRenderers$0$0 in fabric-rendering-v1.mixins.json:EntityRenderersMixin from mod fabric-rendering-v1
[18:50:26] [Render thread/DEBUG] (FabricLoader/Mixin) fabric-rendering-v1.mixins.json:EntityRenderersMixin from mod fabric-rendering-v1->@Inject::onRegisterRenderers(Lorg/spongepowered/asm/mixin/injection/callback/CallbackInfo;)V doesn't use it's CallbackInfo
[18:50:26] [Render thread/DEBUG] (FabricLoader/Mixin) Mixing LivingEntityRendererAccessor from fabric-rendering-v1.mixins.json into net.minecraft.client.renderer.entity.LivingEntityRenderer
[18:50:26] [Render thread/DEBUG] (FabricLoader/Mixin) fabric-rendering-v1.mixins.json:LivingEntityRendererAccessor from mod fabric-rendering-v1: Class version 65 required is higher than the class version supported by the current version of Mixin (JAVA_17 supports class version 61)
[18:50:26] [Render thread/DEBUG] (FabricLoader/Mixin) Mixing ArmorFeatureRendererMixin from fabric-rendering-v1.mixins.json into net.minecraft.client.renderer.entity.layers.HumanoidArmorLayer
[18:50:26] [Render thread/DEBUG] (FabricLoader/Mixin) fabric-rendering-v1.mixins.json:ArmorFeatureRendererMixin from mod fabric-rendering-v1: Class version 65 required is higher than the class version supported by the current version of Mixin (JAVA_17 supports class version 61)
[18:50:26] [Render thread/DEBUG] (FabricLoader/Mixin) fabric-rendering-v1.mixins.json:ArmorFeatureRendererMixin from mod fabric-rendering-v1->@Inject::renderArmor(Lcom/mojang/blaze3d/vertex/PoseStack;Lnet/minecraft/client/renderer/MultiBufferSource;Lnet/minecraft/world/entity/LivingEntity;Lnet/minecraft/world/entity/EquipmentSlot;ILnet/minecraft/client/model/HumanoidModel;Lorg/spongepowered/asm/mixin/injection/callback/CallbackInfo;)V does use it's CallbackInfo
[18:50:26] [Render thread/DEBUG] (FabricLoader/Mixin) Mixing HeadFeatureRendererMixin from fabric-rendering-v1.mixins.json into net.minecraft.client.renderer.entity.layers.CustomHeadLayer
[18:50:26] [Render thread/DEBUG] (FabricLoader/Mixin) fabric-rendering-v1.mixins.json:HeadFeatureRendererMixin from mod fabric-rendering-v1: Class version 65 required is higher than the class version supported by the current version of Mixin (JAVA_17 supports class version 61)
[18:50:26] [Render thread/DEBUG] (FabricLoader/Mixin) fabric-rendering-v1.mixins.json:HeadFeatureRendererMixin from mod fabric-rendering-v1->@Inject::disableRenderingForCustomArmor(Lcom/mojang/blaze3d/vertex/PoseStack;Lnet/minecraft/client/renderer/MultiBufferSource;ILnet/minecraft/world/entity/LivingEntity;FFFFFFLorg/spongepowered/asm/mixin/injection/callback/CallbackInfo;)V does use it's CallbackInfo
[18:50:26] [Render thread/DEBUG] (FabricLoader/Mixin) Mixing PlayerItemInHandLayerMixin from moonlight-common.mixins.json into net.minecraft.client.renderer.entity.layers.PlayerItemInHandLayer
[18:50:26] [Render thread/DEBUG] (FabricLoader/Mixin) moonlight-common.mixins.json:PlayerItemInHandLayerMixin from mod moonlight: Class version 65 required is higher than the class version supported by the current version of Mixin (JAVA_17 supports class version 61)
[18:50:26] [Render thread/DEBUG] (FabricLoader/Mixin) moonlight-common.mixins.json:PlayerItemInHandLayerMixin from mod moonlight->@Inject::poseRightArm(Lnet/minecraft/world/entity/LivingEntity;Lnet/minecraft/world/item/ItemStack;Lnet/minecraft/world/item/ItemDisplayContext;Lnet/minecraft/world/entity/HumanoidArm;Lcom/mojang/blaze3d/vertex/PoseStack;Lnet/minecraft/client/renderer/MultiBufferSource;ILorg/spongepowered/asm/mixin/injection/callback/CallbackInfo;)V does use it's CallbackInfo
[18:50:26] [Render thread/DEBUG] (FabricLoader/Mixin) Mixing CapeFeatureRendererMixin from fabric-rendering-v1.mixins.json into net.minecraft.client.renderer.entity.layers.CapeLayer
[18:50:26] [Render thread/DEBUG] (FabricLoader/Mixin) fabric-rendering-v1.mixins.json:CapeFeatureRendererMixin from mod fabric-rendering-v1: Class version 65 required is higher than the class version supported by the current version of Mixin (JAVA_17 supports class version 61)
[18:50:26] [Render thread/DEBUG] (FabricLoader/Mixin) fabric-rendering-v1.mixins.json:CapeFeatureRendererMixin from mod fabric-rendering-v1->@Inject::injectCapeRenderCheck(Lcom/mojang/blaze3d/vertex/PoseStack;Lnet/minecraft/client/renderer/MultiBufferSource;ILnet/minecraft/client/player/AbstractClientPlayer;FFFFFFLorg/spongepowered/asm/mixin/injection/callback/CallbackInfo;)V does use it's CallbackInfo
[18:50:26] [Render thread/INFO] (net.minecraft.client.renderer.texture.TextureAtlas) Created: 512x256x0 minecraft:textures/atlas/particles.png-atlas
[18:50:26] [Render thread/INFO] (net.minecraft.client.renderer.texture.TextureAtlas) Created: 512x256x0 minecraft:textures/atlas/paintings.png-atlas
[18:50:26] [Render thread/INFO] (net.minecraft.client.renderer.texture.TextureAtlas) Created: 256x128x0 minecraft:textures/atlas/mob_effects.png-atlas
[18:50:26] [Render thread/INFO] (net.minecraft.client.renderer.texture.TextureAtlas) Created: 256x256x0 minecraft:textures/atlas/map_decorations.png-atlas
[18:50:26] [Render thread/INFO] (net.minecraft.client.renderer.texture.TextureAtlas) Created: 1024x512x0 minecraft:textures/atlas/gui.png-atlas
[18:50:26] [Render thread/WARN] (net.minecraft.client.renderer.ShaderInstance) Shader rendertype_entity_translucent_emissive could not find sampler named Sampler2 in the specified shader program.
[18:50:26] [Render thread/DEBUG] (FabricLoader/Mixin) Mixing EffectInstanceMixin from moonlight.mixins.json into net.minecraft.client.renderer.EffectInstance
[18:50:26] [Render thread/DEBUG] (FabricLoader/Mixin) moonlight.mixins.json:EffectInstanceMixin from mod moonlight: Class version 65 required is higher than the class version supported by the current version of Mixin (JAVA_17 supports class version 61)
[18:50:26] [Render thread/INFO] (net.minecraft.client.renderer.texture.TextureAtlas) Created: 256x256x0 jei:textures/atlas/gui.png-atlas
[18:50:29] [Worker-Main-10/DEBUG] (FabricLoader/Mixin) Mixing GameRulesAccessor from fabric-game-rule-api-v1.mixins.json into net.minecraft.world.level.GameRules
[18:50:29] [Worker-Main-10/DEBUG] (FabricLoader/Mixin) fabric-game-rule-api-v1.mixins.json:GameRulesAccessor from mod fabric-game-rule-api-v1: Class version 65 required is higher than the class version supported by the current version of Mixin (JAVA_17 supports class version 61)
[18:50:29] [Worker-Main-10/DEBUG] (FabricLoader/Mixin) Renaming @Invoker method callRegister(Ljava/lang/String;Lnet/minecraft/world/level/GameRules$Category;Lnet/minecraft/world/level/GameRules$Type;)Lnet/minecraft/world/level/GameRules$Key; to callRegister$fabric-game-rule-api-v1_$md$310282$0 in fabric-game-rule-api-v1.mixins.json:GameRulesAccessor from mod fabric-game-rule-api-v1
[18:50:29] [Worker-Main-10/DEBUG] (FabricLoader/Mixin) Renaming @Accessor method getRuleTypes()Ljava/util/Map; to getRuleTypes$fabric-game-rule-api-v1_$md$310282$1 in fabric-game-rule-api-v1.mixins.json:GameRulesAccessor from mod fabric-game-rule-api-v1
[18:50:29] [Worker-Main-10/DEBUG] (FabricLoader/Mixin) Mixing GameRulesKeyMixin from fabric-game-rule-api-v1.mixins.json into net.minecraft.world.level.GameRules$Key
[18:50:29] [Worker-Main-10/DEBUG] (FabricLoader/Mixin) fabric-game-rule-api-v1.mixins.json:GameRulesKeyMixin from mod fabric-game-rule-api-v1: Class version 65 required is higher than the class version supported by the current version of Mixin (JAVA_17 supports class version 61)
[18:50:29] [Worker-Main-10/DEBUG] (FabricLoader/Mixin) Mixing GameRulesBooleanRuleAccessor from fabric-game-rule-api-v1.mixins.json into net.minecraft.world.level.GameRules$BooleanValue
[18:50:29] [Worker-Main-10/DEBUG] (FabricLoader/Mixin) fabric-game-rule-api-v1.mixins.json:GameRulesBooleanRuleAccessor from mod fabric-game-rule-api-v1: Class version 65 required is higher than the class version supported by the current version of Mixin (JAVA_17 supports class version 61)
[18:50:29] [Worker-Main-10/DEBUG] (FabricLoader/Mixin) Renaming @Invoker method invokeCreate(ZLjava/util/function/BiConsumer;)Lnet/minecraft/world/level/GameRules$Type; to invokeCreate$fabric-game-rule-api-v1_$md$310282$0 in fabric-game-rule-api-v1.mixins.json:GameRulesBooleanRuleAccessor from mod fabric-game-rule-api-v1
[18:50:29] [Worker-Main-10/DEBUG] (FabricLoader/Mixin) Mixing GameRulesIntRuleAccessor from fabric-game-rule-api-v1.mixins.json into net.minecraft.world.level.GameRules$IntegerValue
[18:50:29] [Worker-Main-10/DEBUG] (FabricLoader/Mixin) fabric-game-rule-api-v1.mixins.json:GameRulesIntRuleAccessor from mod fabric-game-rule-api-v1: Class version 65 required is higher than the class version supported by the current version of Mixin (JAVA_17 supports class version 61)
[18:50:29] [Render thread/DEBUG] (FabricLoader/Mixin) Mixing CreateWorldScreenMixin from fabric-resource-loader-v0.client.mixins.json into net.minecraft.client.gui.screens.worldselection.CreateWorldScreen
[18:50:29] [Render thread/DEBUG] (FabricLoader/Mixin) fabric-resource-loader-v0.client.mixins.json:CreateWorldScreenMixin from mod fabric-resource-loader-v0: Class version 65 required is higher than the class version supported by the current version of Mixin (JAVA_17 supports class version 61)
[18:50:29] [Render thread/DEBUG] (FabricLoader/Mixin) Mixing CreateWorldScreenMixin from moonlight.mixins.json into net.minecraft.client.gui.screens.worldselection.CreateWorldScreen
[18:50:29] [Render thread/DEBUG] (FabricLoader/Mixin) moonlight.mixins.json:CreateWorldScreenMixin from mod moonlight: Class version 65 required is higher than the class version supported by the current version of Mixin (JAVA_17 supports class version 61)
[18:50:29] [Render thread/DEBUG] (FabricLoader/Mixin) fabric-resource-loader-v0.client.mixins.json:CreateWorldScreenMixin from mod fabric-resource-loader-v0->@Inject::onScanPacks(Lorg/spongepowered/asm/mixin/injection/callback/CallbackInfoReturnable;)V doesn't use it's CallbackInfoReturnable
[18:50:29] [Render thread/DEBUG] (FabricLoader/Mixin) fabric-resource-loader-v0.client.mixins.json:CreateWorldScreenMixin from mod fabric-resource-loader-v0->@Inject::onScanPacks(Lorg/spongepowered/asm/mixin/injection/callback/CallbackInfoReturnable;)V has 0 override(s) in child classes
[18:50:29] [Render thread/DEBUG] (FabricLoader/Mixin) fabric-resource-loader-v0.client.mixins.json:CreateWorldScreenMixin from mod fabric-resource-loader-v0->@Inject::onScanPacks(Lorg/spongepowered/asm/mixin/injection/callback/CallbackInfoReturnable;)V won't be passed a CallbackInfoReturnable as a result
[18:50:30] [Render thread/DEBUG] (FabricLoader/Mixin) Mixing MixinWorldOpenFlows from terrablender.mixins.json into net.minecraft.client.gui.screens.worldselection.WorldOpenFlows
[18:50:30] [Render thread/DEBUG] (FabricLoader/Mixin) terrablender.mixins.json:MixinWorldOpenFlows from mod terrablender: Class version 65 required is higher than the class version supported by the current version of Mixin (JAVA_17 supports class version 61)
[18:50:30] [Render thread/DEBUG] (FabricLoader/Mixin) terrablender.mixins.json:MixinWorldOpenFlows from mod terrablender->@Inject::skipConfirmation(Lnet/minecraft/client/Minecraft;Lnet/minecraft/client/gui/screens/worldselection/CreateWorldScreen;Lcom/mojang/serialization/Lifecycle;Ljava/lang/Runnable;ZLorg/spongepowered/asm/mixin/injection/callback/CallbackInfo;)V does use it's CallbackInfo
[18:50:30] [Render thread/DEBUG] (FabricLoader/Mixin) Mixing ServerPackSourceMixin from moonlight.mixins.json into net.minecraft.server.packs.repository.ServerPacksSource
[18:50:30] [Render thread/DEBUG] (FabricLoader/Mixin) moonlight.mixins.json:ServerPackSourceMixin from mod moonlight: Class version 65 required is higher than the class version supported by the current version of Mixin (JAVA_17 supports class version 61)
[18:50:30] [Render thread/DEBUG] (FabricLoader/Mixin) Mixing DataPackContentsMixin from fabric-lifecycle-events-v1.mixins.json into net.minecraft.server.ReloadableServerResources
[18:50:30] [Render thread/DEBUG] (FabricLoader/Mixin) fabric-lifecycle-events-v1.mixins.json:DataPackContentsMixin from mod fabric-lifecycle-events-v1: Class version 65 required is higher than the class version supported by the current version of Mixin (JAVA_17 supports class version 61)
[18:50:30] [Render thread/DEBUG] (FabricLoader/Mixin) Mixing DataPackContentsMixin from fabric-resource-conditions-api-v1.mixins.json into net.minecraft.server.ReloadableServerResources
[18:50:30] [Render thread/DEBUG] (FabricLoader/Mixin) fabric-resource-conditions-api-v1.mixins.json:DataPackContentsMixin from mod fabric-resource-conditions-api-v1: Class version 65 required is higher than the class version supported by the current version of Mixin (JAVA_17 supports class version 61)
[18:50:30] [Render thread/DEBUG] (FabricLoader/Mixin) fabric-lifecycle-events-v1.mixins.json:DataPackContentsMixin from mod fabric-lifecycle-events-v1->@Inject::hookRefresh(Lorg/spongepowered/asm/mixin/injection/callback/CallbackInfo;)V doesn't use it's CallbackInfo
[18:50:30] [Render thread/DEBUG] (FabricLoader/Mixin) fabric-lifecycle-events-v1.mixins.json:DataPackContentsMixin from mod fabric-lifecycle-events-v1->@Inject::hookRefresh(Lorg/spongepowered/asm/mixin/injection/callback/CallbackInfo;)V has 0 override(s) in child classes
[18:50:30] [Render thread/DEBUG] (FabricLoader/Mixin) fabric-lifecycle-events-v1.mixins.json:DataPackContentsMixin from mod fabric-lifecycle-events-v1->@Inject::hookRefresh(Lorg/spongepowered/asm/mixin/injection/callback/CallbackInfo;)V won't be passed a CallbackInfo as a result
[18:50:30] [Render thread/DEBUG] (FabricLoader/Mixin) fabric-resource-conditions-api-v1.mixins.json:DataPackContentsMixin from mod fabric-resource-conditions-api-v1->@Inject::hookRefresh(Lorg/spongepowered/asm/mixin/injection/callback/CallbackInfo;)V doesn't use it's CallbackInfo
[18:50:30] [Render thread/DEBUG] (FabricLoader/Mixin) fabric-resource-conditions-api-v1.mixins.json:DataPackContentsMixin from mod fabric-resource-conditions-api-v1->@Inject::hookRefresh(Lorg/spongepowered/asm/mixin/injection/callback/CallbackInfo;)V has 0 override(s) in child classes
[18:50:30] [Render thread/DEBUG] (FabricLoader/Mixin) fabric-resource-conditions-api-v1.mixins.json:DataPackContentsMixin from mod fabric-resource-conditions-api-v1->@Inject::hookRefresh(Lorg/spongepowered/asm/mixin/injection/callback/CallbackInfo;)V won't be passed a CallbackInfo as a result
[18:50:30] [Render thread/DEBUG] (FabricLoader/Mixin) fabric-resource-conditions-api-v1.mixins.json:DataPackContentsMixin from mod fabric-resource-conditions-api-v1->@Inject::hookReload(Lnet/minecraft/server/packs/resources/ResourceManager;Lnet/minecraft/core/LayeredRegistryAccess;Lnet/minecraft/world/flag/FeatureFlagSet;Lnet/minecraft/commands/Commands$CommandSelection;ILjava/util/concurrent/Executor;Ljava/util/concurrent/Executor;Lorg/spongepowered/asm/mixin/injection/callback/CallbackInfoReturnable;)V doesn't use it's CallbackInfoReturnable
[18:50:30] [Render thread/DEBUG] (FabricLoader/Mixin) Mixing WorldLoaderMixin from moonlight-common.mixins.json into net.minecraft.server.WorldLoader
[18:50:30] [Render thread/DEBUG] (FabricLoader/Mixin) moonlight-common.mixins.json:WorldLoaderMixin from mod moonlight: Class version 65 required is higher than the class version supported by the current version of Mixin (JAVA_17 supports class version 61)
[18:50:30] [Render thread/DEBUG] (FabricLoader/Mixin) Mixing SaveLoadingMixin from fabric-registry-sync-v0.mixins.json into net.minecraft.server.WorldLoader
[18:50:30] [Render thread/DEBUG] (FabricLoader/Mixin) fabric-registry-sync-v0.mixins.json:SaveLoadingMixin from mod fabric-registry-sync-v0: Class version 65 required is higher than the class version supported by the current version of Mixin (JAVA_17 supports class version 61)
[18:50:30] [Render thread/DEBUG] (FabricLoader/Mixin) moonlight-common.mixins.json:WorldLoaderMixin from mod moonlight->@Inject::moonlight$serverDynamicPackEarlyReload(Lnet/minecraft/server/WorldLoader$InitConfig;Lnet/minecraft/server/WorldLoader$WorldDataSupplier;Lnet/minecraft/server/WorldLoader$ResultFactory;Ljava/util/concurrent/Executor;Ljava/util/concurrent/Executor;Lorg/spongepowered/asm/mixin/injection/callback/CallbackInfoReturnable;)V doesn't use it's CallbackInfoReturnable
[18:50:30] [Render thread/DEBUG] (FabricLoader/Mixin) Mixing ServerPlayerInteractionManagerMixin from fabric-events-interaction-v0.mixins.json into net.minecraft.server.level.ServerPlayerGameMode
[18:50:30] [Render thread/DEBUG] (FabricLoader/Mixin) fabric-events-interaction-v0.mixins.json:ServerPlayerInteractionManagerMixin from mod fabric-events-interaction-v0: Class version 65 required is higher than the class version supported by the current version of Mixin (JAVA_17 supports class version 61)
[18:50:30] [Render thread/DEBUG] (FabricLoader/Mixin) fabric-events-interaction-v0.mixins.json:ServerPlayerInteractionManagerMixin from mod fabric-events-interaction-v0->@Inject::startBlockBreak(Lnet/minecraft/core/BlockPos;Lnet/minecraft/network/protocol/game/ServerboundPlayerActionPacket$Action;Lnet/minecraft/core/Direction;IILorg/spongepowered/asm/mixin/injection/callback/CallbackInfo;)V does use it's CallbackInfo
[18:50:30] [Render thread/DEBUG] (FabricLoader/Mixin) fabric-events-interaction-v0.mixins.json:ServerPlayerInteractionManagerMixin from mod fabric-events-interaction-v0->@Inject::interactBlock(Lnet/minecraft/server/level/ServerPlayer;Lnet/minecraft/world/level/Level;Lnet/minecraft/world/item/ItemStack;Lnet/minecraft/world/InteractionHand;Lnet/minecraft/world/phys/BlockHitResult;Lorg/spongepowered/asm/mixin/injection/callback/CallbackInfoReturnable;)V does use it's CallbackInfoReturnable
[18:50:30] [Render thread/DEBUG] (FabricLoader/Mixin) fabric-events-interaction-v0.mixins.json:ServerPlayerInteractionManagerMixin from mod fabric-events-interaction-v0->@Inject::interactItem(Lnet/minecraft/server/level/ServerPlayer;Lnet/minecraft/world/level/Level;Lnet/minecraft/world/item/ItemStack;Lnet/minecraft/world/InteractionHand;Lorg/spongepowered/asm/mixin/injection/callback/CallbackInfoReturnable;)V does use it's CallbackInfoReturnable
[18:50:30] [Render thread/DEBUG] (FabricLoader/Mixin) fabric-events-interaction-v0.mixins.json:ServerPlayerInteractionManagerMixin from mod fabric-events-interaction-v0->@Inject::breakBlock(Lnet/minecraft/core/BlockPos;Lorg/spongepowered/asm/mixin/injection/callback/CallbackInfoReturnable;Lnet/minecraft/world/level/block/entity/BlockEntity;Lnet/minecraft/world/level/block/Block;Lnet/minecraft/world/level/block/state/BlockState;)V does use it's CallbackInfoReturnable
[18:50:30] [Render thread/DEBUG] (FabricLoader/Mixin) fabric-events-interaction-v0.mixins.json:ServerPlayerInteractionManagerMixin from mod fabric-events-interaction-v0->@Inject::onBlockBroken(Lnet/minecraft/core/BlockPos;Lorg/spongepowered/asm/mixin/injection/callback/CallbackInfoReturnable;Lnet/minecraft/world/level/block/entity/BlockEntity;Lnet/minecraft/world/level/block/Block;Lnet/minecraft/world/level/block/state/BlockState;Z)V doesn't use it's CallbackInfoReturnable
[18:50:30] [Render thread/DEBUG] (FabricLoader/Mixin) fabric-events-interaction-v0.mixins.json:ServerPlayerInteractionManagerMixin from mod fabric-events-interaction-v0->@Inject::onBlockBroken(Lnet/minecraft/core/BlockPos;Lorg/spongepowered/asm/mixin/injection/callback/CallbackInfoReturnable;Lnet/minecraft/world/level/block/entity/BlockEntity;Lnet/minecraft/world/level/block/Block;Lnet/minecraft/world/level/block/state/BlockState;Z)V has 0 override(s) in child classes
[18:50:30] [Render thread/DEBUG] (FabricLoader/Mixin) fabric-events-interaction-v0.mixins.json:ServerPlayerInteractionManagerMixin from mod fabric-events-interaction-v0->@Inject::onBlockBroken(Lnet/minecraft/core/BlockPos;Lorg/spongepowered/asm/mixin/injection/callback/CallbackInfoReturnable;Lnet/minecraft/world/level/block/entity/BlockEntity;Lnet/minecraft/world/level/block/Block;Lnet/minecraft/world/level/block/state/BlockState;Z)V won't be passed a CallbackInfoReturnable as a result
[18:50:30] [Render thread/DEBUG] (net.fabricmc.fabric.impl.resource.loader.ModResourcePackUtil) [Fabric] Starting internal pack sorting with: [better_deco, everycomp, everycomp:dynamic_resources, fabric, fabric-convention-tags-v2, fabric-gametest-api-v1, moonlight, natures_spirit, terrablender]
[18:50:30] [Render thread/DEBUG] (net.fabricmc.fabric.impl.resource.loader.ModResourcePackUtil) [Fabric] Removed all internal packs, result: [everycomp:dynamic_resources, fabric]
[18:50:30] [Render thread/DEBUG] (net.fabricmc.fabric.impl.resource.loader.ModResourcePackUtil) [Fabric] cur @ fabric, auto-enabled better_deco, currently enabled: [everycomp:dynamic_resources, fabric, better_deco]
[18:50:30] [Render thread/DEBUG] (net.fabricmc.fabric.impl.resource.loader.ModResourcePackUtil) [Fabric] cur @ fabric, auto-enabled everycomp, currently enabled: [everycomp:dynamic_resources, fabric, better_deco, everycomp]
[18:50:30] [Render thread/DEBUG] (net.fabricmc.fabric.impl.resource.loader.ModResourcePackUtil) [Fabric] cur @ fabric, auto-enabled fabric-convention-tags-v2, currently enabled: [everycomp:dynamic_resources, fabric, better_deco, everycomp, fabric-convention-tags-v2]
[18:50:30] [Render thread/DEBUG] (net.fabricmc.fabric.impl.resource.loader.ModResourcePackUtil) [Fabric] cur @ fabric, auto-enabled fabric-gametest-api-v1, currently enabled: [everycomp:dynamic_resources, fabric, better_deco, everycomp, fabric-convention-tags-v2, fabric-gametest-api-v1]
[18:50:30] [Render thread/DEBUG] (net.fabricmc.fabric.impl.resource.loader.ModResourcePackUtil) [Fabric] cur @ fabric, auto-enabled moonlight, currently enabled: [everycomp:dynamic_resources, fabric, better_deco, everycomp, fabric-convention-tags-v2, fabric-gametest-api-v1, moonlight]
[18:50:30] [Render thread/DEBUG] (net.fabricmc.fabric.impl.resource.loader.ModResourcePackUtil) [Fabric] cur @ fabric, auto-enabled natures_spirit, currently enabled: [everycomp:dynamic_resources, fabric, better_deco, everycomp, fabric-convention-tags-v2, fabric-gametest-api-v1, moonlight, natures_spirit]
[18:50:30] [Render thread/DEBUG] (net.fabricmc.fabric.impl.resource.loader.ModResourcePackUtil) [Fabric] cur @ fabric, auto-enabled terrablender, currently enabled: [everycomp:dynamic_resources, fabric, better_deco, everycomp, fabric-convention-tags-v2, fabric-gametest-api-v1, moonlight, natures_spirit, terrablender]
[18:50:30] [Render thread/DEBUG] (net.fabricmc.fabric.impl.resource.loader.ModResourcePackUtil) [Fabric] Final sorting result: [everycomp:dynamic_resources, fabric, better_deco, everycomp, fabric-convention-tags-v2, fabric-gametest-api-v1, moonlight, natures_spirit, terrablender]
[18:50:30] [Render thread/DEBUG] (net.fabricmc.fabric.impl.resource.loader.ModResourcePackUtil) [Fabric] Starting internal pack sorting with: [vanilla, fabric, better_deco, everycomp, fabric-convention-tags-v2, fabric-gametest-api-v1, moonlight, natures_spirit, terrablender, everycomp:dynamic_resources, natures_spirit:modified_badlands, natures_spirit:modified_birch_forest, natures_spirit:modified_dark_forest, natures_spirit:modified_desert, natures_spirit:modified_flower_forest, natures_spirit:modified_jungle, natures_spirit:modified_mountain_biomes, natures_spirit:modified_savannas, natures_spirit:modified_swamp, natures_spirit:modified_windswept_hills]
[18:50:30] [Render thread/DEBUG] (net.fabricmc.fabric.impl.resource.loader.ModResourcePackUtil) [Fabric] Removed all internal packs, result: [vanilla, fabric, everycomp:dynamic_resources, natures_spirit:modified_badlands, natures_spirit:modified_birch_forest, natures_spirit:modified_dark_forest, natures_spirit:modified_desert, natures_spirit:modified_flower_forest, natures_spirit:modified_jungle, natures_spirit:modified_mountain_biomes, natures_spirit:modified_savannas, natures_spirit:modified_swamp, natures_spirit:modified_windswept_hills]
[18:50:30] [Render thread/DEBUG] (net.fabricmc.fabric.impl.resource.loader.ModResourcePackUtil) [Fabric] cur @ fabric, auto-enabled better_deco, currently enabled: [vanilla, fabric, better_deco]
[18:50:30] [Render thread/DEBUG] (net.fabricmc.fabric.impl.resource.loader.ModResourcePackUtil) [Fabric] cur @ fabric, auto-enabled everycomp, currently enabled: [vanilla, fabric, better_deco, everycomp]
[18:50:30] [Render thread/DEBUG] (net.fabricmc.fabric.impl.resource.loader.ModResourcePackUtil) [Fabric] cur @ fabric, auto-enabled fabric-convention-tags-v2, currently enabled: [vanilla, fabric, better_deco, everycomp, fabric-convention-tags-v2]
[18:50:30] [Render thread/DEBUG] (net.fabricmc.fabric.impl.resource.loader.ModResourcePackUtil) [Fabric] cur @ fabric, auto-enabled fabric-gametest-api-v1, currently enabled: [vanilla, fabric, better_deco, everycomp, fabric-convention-tags-v2, fabric-gametest-api-v1]
[18:50:30] [Render thread/DEBUG] (net.fabricmc.fabric.impl.resource.loader.ModResourcePackUtil) [Fabric] cur @ fabric, auto-enabled moonlight, currently enabled: [vanilla, fabric, better_deco, everycomp, fabric-convention-tags-v2, fabric-gametest-api-v1, moonlight]
[18:50:30] [Render thread/DEBUG] (net.fabricmc.fabric.impl.resource.loader.ModResourcePackUtil) [Fabric] cur @ fabric, auto-enabled natures_spirit, currently enabled: [vanilla, fabric, better_deco, everycomp, fabric-convention-tags-v2, fabric-gametest-api-v1, moonlight, natures_spirit]
[18:50:30] [Render thread/DEBUG] (net.fabricmc.fabric.impl.resource.loader.ModResourcePackUtil) [Fabric] cur @ fabric, auto-enabled terrablender, currently enabled: [vanilla, fabric, better_deco, everycomp, fabric-convention-tags-v2, fabric-gametest-api-v1, moonlight, natures_spirit, terrablender]
[18:50:30] [Render thread/DEBUG] (net.fabricmc.fabric.impl.resource.loader.ModResourcePackUtil) [Fabric] Final sorting result: [vanilla, fabric, better_deco, everycomp, fabric-convention-tags-v2, fabric-gametest-api-v1, moonlight, natures_spirit, terrablender, everycomp:dynamic_resources, natures_spirit:modified_badlands, natures_spirit:modified_birch_forest, natures_spirit:modified_dark_forest, natures_spirit:modified_desert, natures_spirit:modified_flower_forest, natures_spirit:modified_jungle, natures_spirit:modified_mountain_biomes, natures_spirit:modified_savannas, natures_spirit:modified_swamp, natures_spirit:modified_windswept_hills]
[18:50:30] [Render thread/INFO] (Moonlight) Resource cache state for SERVER_DATA: up to date
[18:50:30] [Render thread/INFO] (Moonlight) Starting runtime resource generation for pack type SERVER_DATA with generators [everycomp:dynamic_resources]
[18:50:30] [Render thread/INFO] (Moonlight) Regenerating Dynamic SERVER_DATA Resources Provider [everycomp:dynamic_resources], requested by strategy REGEN_ON_EVERY_RELOAD
[18:50:30] [Render thread/INFO] (Every Compat) Every Compat is starting dynamic server resources generation tasks: 2 in batches of 12
[18:50:30] [pool-5-thread-1/ERROR] (Moonlight) Could not find resource better_deco:loot_table/blocks/oak_kitchen_counter.json
[18:50:30] [pool-5-thread-2/DEBUG] (FabricLoader/Mixin) Mixing TagBuilderMixin from fabric-data-generation-api-v1.mixins.json into net.minecraft.tags.TagBuilder
[18:50:30] [pool-5-thread-2/DEBUG] (FabricLoader/Mixin) fabric-data-generation-api-v1.mixins.json:TagBuilderMixin from mod fabric-data-generation-api-v1: Class version 65 required is higher than the class version supported by the current version of Mixin (JAVA_17 supports class version 61)
[18:50:30] [pool-5-thread-1/ERROR] (Every Compat) Failed to generate recipe @ better_deco:oak_kitchen_counter for better_deco:bd/natures_spirit/willow_kitchen_counter: Recipe class class net.tier1234.better_deco.recipe.FurniCraftingRecipe not supported. You must register it using RecipeTemplate.register()
[18:50:30] [pool-5-thread-1/ERROR] (Every Compat) Failed to generate recipe @ better_deco:oak_kitchen_counter for better_deco:bd/natures_spirit/larch_kitchen_counter: Recipe class class net.tier1234.better_deco.recipe.FurniCraftingRecipe not supported. You must register it using RecipeTemplate.register()
[18:50:30] [pool-5-thread-1/ERROR] (Every Compat) Failed to generate recipe @ better_deco:oak_kitchen_counter for better_deco:bd/natures_spirit/ghaf_kitchen_counter: Recipe class class net.tier1234.better_deco.recipe.FurniCraftingRecipe not supported. You must register it using RecipeTemplate.register()
[18:50:30] [pool-5-thread-1/ERROR] (Every Compat) Failed to generate recipe @ better_deco:oak_kitchen_counter for better_deco:bd/natures_spirit/redwood_kitchen_counter: Recipe class class net.tier1234.better_deco.recipe.FurniCraftingRecipe not supported. You must register it using RecipeTemplate.register()
[18:50:30] [pool-5-thread-1/ERROR] (Every Compat) Failed to generate recipe @ better_deco:oak_kitchen_counter for better_deco:bd/natures_spirit/fir_kitchen_counter: Recipe class class net.tier1234.better_deco.recipe.FurniCraftingRecipe not supported. You must register it using RecipeTemplate.register()
[18:50:30] [pool-5-thread-1/ERROR] (Every Compat) Failed to generate recipe @ better_deco:oak_kitchen_counter for better_deco:bd/natures_spirit/palo_verde_kitchen_counter: Recipe class class net.tier1234.better_deco.recipe.FurniCraftingRecipe not supported. You must register it using RecipeTemplate.register()
[18:50:30] [pool-5-thread-1/ERROR] (Every Compat) Failed to generate recipe @ better_deco:oak_kitchen_counter for better_deco:bd/natures_spirit/wisteria_kitchen_counter: Recipe class class net.tier1234.better_deco.recipe.FurniCraftingRecipe not supported. You must register it using RecipeTemplate.register()
[18:50:30] [pool-5-thread-1/ERROR] (Every Compat) Failed to generate recipe @ better_deco:oak_kitchen_counter for better_deco:bd/natures_spirit/cypress_kitchen_counter: Recipe class class net.tier1234.better_deco.recipe.FurniCraftingRecipe not supported. You must register it using RecipeTemplate.register()
[18:50:30] [pool-5-thread-1/ERROR] (Every Compat) Failed to generate recipe @ better_deco:oak_kitchen_counter for better_deco:bd/natures_spirit/maple_kitchen_counter: Recipe class class net.tier1234.better_deco.recipe.FurniCraftingRecipe not supported. You must register it using RecipeTemplate.register()
[18:50:30] [pool-5-thread-1/ERROR] (Every Compat) Failed to generate recipe @ better_deco:oak_kitchen_counter for better_deco:bd/natures_spirit/mahogany_kitchen_counter: Recipe class class net.tier1234.better_deco.recipe.FurniCraftingRecipe not supported. You must register it using RecipeTemplate.register()
[18:50:30] [pool-5-thread-1/ERROR] (Every Compat) Failed to generate recipe @ better_deco:oak_kitchen_counter for better_deco:bd/natures_spirit/saxaul_kitchen_counter: Recipe class class net.tier1234.better_deco.recipe.FurniCraftingRecipe not supported. You must register it using RecipeTemplate.register()
[18:50:30] [pool-5-thread-1/ERROR] (Every Compat) Failed to generate recipe @ better_deco:oak_kitchen_counter for better_deco:bd/natures_spirit/aspen_kitchen_counter: Recipe class class net.tier1234.better_deco.recipe.FurniCraftingRecipe not supported. You must register it using RecipeTemplate.register()
[18:50:30] [pool-5-thread-1/ERROR] (Every Compat) Failed to generate recipe @ better_deco:oak_kitchen_counter for better_deco:bd/natures_spirit/sugi_kitchen_counter: Recipe class class net.tier1234.better_deco.recipe.FurniCraftingRecipe not supported. You must register it using RecipeTemplate.register()
[18:50:30] [pool-5-thread-1/ERROR] (Every Compat) Failed to generate recipe @ better_deco:oak_kitchen_counter for better_deco:bd/natures_spirit/cedar_kitchen_counter: Recipe class class net.tier1234.better_deco.recipe.FurniCraftingRecipe not supported. You must register it using RecipeTemplate.register()
[18:50:30] [pool-5-thread-1/ERROR] (Every Compat) Failed to generate recipe @ better_deco:oak_kitchen_counter for better_deco:bd/natures_spirit/coconut_kitchen_counter: Recipe class class net.tier1234.better_deco.recipe.FurniCraftingRecipe not supported. You must register it using RecipeTemplate.register()
[18:50:30] [pool-5-thread-1/ERROR] (Every Compat) Failed to generate recipe @ better_deco:oak_kitchen_counter for better_deco:bd/natures_spirit/olive_kitchen_counter: Recipe class class net.tier1234.better_deco.recipe.FurniCraftingRecipe not supported. You must register it using RecipeTemplate.register()
[18:50:30] [pool-5-thread-1/ERROR] (Every Compat) Failed to generate recipe @ better_deco:oak_kitchen_counter for better_deco:bd/natures_spirit/joshua_kitchen_counter: Recipe class class net.tier1234.better_deco.recipe.FurniCraftingRecipe not supported. You must register it using RecipeTemplate.register()
[18:50:30] [pool-5-thread-1/ERROR] (Moonlight) Could not find resource better_deco:loot_table/blocks/oak_kitchen_drawer.json
[18:50:30] [pool-5-thread-1/ERROR] (Every Compat) Failed to generate recipe @ better_deco:oak_kitchen_drawer for better_deco:bd/natures_spirit/willow_kitchen_drawer: Recipe class class net.tier1234.better_deco.recipe.FurniCraftingRecipe not supported. You must register it using RecipeTemplate.register()
[18:50:30] [pool-5-thread-1/ERROR] (Every Compat) Failed to generate recipe @ better_deco:oak_kitchen_drawer for better_deco:bd/natures_spirit/larch_kitchen_drawer: Recipe class class net.tier1234.better_deco.recipe.FurniCraftingRecipe not supported. You must register it using RecipeTemplate.register()
[18:50:30] [pool-5-thread-1/ERROR] (Every Compat) Failed to generate recipe @ better_deco:oak_kitchen_drawer for better_deco:bd/natures_spirit/ghaf_kitchen_drawer: Recipe class class net.tier1234.better_deco.recipe.FurniCraftingRecipe not supported. You must register it using RecipeTemplate.register()
[18:50:30] [pool-5-thread-1/ERROR] (Every Compat) Failed to generate recipe @ better_deco:oak_kitchen_drawer for better_deco:bd/natures_spirit/redwood_kitchen_drawer: Recipe class class net.tier1234.better_deco.recipe.FurniCraftingRecipe not supported. You must register it using RecipeTemplate.register()
[18:50:30] [pool-5-thread-1/ERROR] (Every Compat) Failed to generate recipe @ better_deco:oak_kitchen_drawer for better_deco:bd/natures_spirit/fir_kitchen_drawer: Recipe class class net.tier1234.better_deco.recipe.FurniCraftingRecipe not supported. You must register it using RecipeTemplate.register()
[18:50:30] [pool-5-thread-1/ERROR] (Every Compat) Failed to generate recipe @ better_deco:oak_kitchen_drawer for better_deco:bd/natures_spirit/palo_verde_kitchen_drawer: Recipe class class net.tier1234.better_deco.recipe.FurniCraftingRecipe not supported. You must register it using RecipeTemplate.register()
[18:50:30] [pool-5-thread-1/ERROR] (Every Compat) Failed to generate recipe @ better_deco:oak_kitchen_drawer for better_deco:bd/natures_spirit/wisteria_kitchen_drawer: Recipe class class net.tier1234.better_deco.recipe.FurniCraftingRecipe not supported. You must register it using RecipeTemplate.register()
[18:50:30] [pool-5-thread-1/ERROR] (Every Compat) Failed to generate recipe @ better_deco:oak_kitchen_drawer for better_deco:bd/natures_spirit/cypress_kitchen_drawer: Recipe class class net.tier1234.better_deco.recipe.FurniCraftingRecipe not supported. You must register it using RecipeTemplate.register()
[18:50:30] [pool-5-thread-1/ERROR] (Every Compat) Failed to generate recipe @ better_deco:oak_kitchen_drawer for better_deco:bd/natures_spirit/maple_kitchen_drawer: Recipe class class net.tier1234.better_deco.recipe.FurniCraftingRecipe not supported. You must register it using RecipeTemplate.register()
[18:50:30] [pool-5-thread-1/ERROR] (Every Compat) Failed to generate recipe @ better_deco:oak_kitchen_drawer for better_deco:bd/natures_spirit/mahogany_kitchen_drawer: Recipe class class net.tier1234.better_deco.recipe.FurniCraftingRecipe not supported. You must register it using RecipeTemplate.register()
[18:50:30] [pool-5-thread-1/ERROR] (Every Compat) Failed to generate recipe @ better_deco:oak_kitchen_drawer for better_deco:bd/natures_spirit/saxaul_kitchen_drawer: Recipe class class net.tier1234.better_deco.recipe.FurniCraftingRecipe not supported. You must register it using RecipeTemplate.register()
[18:50:30] [pool-5-thread-1/ERROR] (Every Compat) Failed to generate recipe @ better_deco:oak_kitchen_drawer for better_deco:bd/natures_spirit/aspen_kitchen_drawer: Recipe class class net.tier1234.better_deco.recipe.FurniCraftingRecipe not supported. You must register it using RecipeTemplate.register()
[18:50:30] [pool-5-thread-1/ERROR] (Every Compat) Failed to generate recipe @ better_deco:oak_kitchen_drawer for better_deco:bd/natures_spirit/sugi_kitchen_drawer: Recipe class class net.tier1234.better_deco.recipe.FurniCraftingRecipe not supported. You must register it using RecipeTemplate.register()
[18:50:30] [pool-5-thread-1/ERROR] (Every Compat) Failed to generate recipe @ better_deco:oak_kitchen_drawer for better_deco:bd/natures_spirit/cedar_kitchen_drawer: Recipe class class net.tier1234.better_deco.recipe.FurniCraftingRecipe not supported. You must register it using RecipeTemplate.register()
[18:50:30] [pool-5-thread-1/ERROR] (Every Compat) Failed to generate recipe @ better_deco:oak_kitchen_drawer for better_deco:bd/natures_spirit/coconut_kitchen_drawer: Recipe class class net.tier1234.better_deco.recipe.FurniCraftingRecipe not supported. You must register it using RecipeTemplate.register()
[18:50:30] [pool-5-thread-1/ERROR] (Every Compat) Failed to generate recipe @ better_deco:oak_kitchen_drawer for better_deco:bd/natures_spirit/olive_kitchen_drawer: Recipe class class net.tier1234.better_deco.recipe.FurniCraftingRecipe not supported. You must register it using RecipeTemplate.register()
[18:50:30] [pool-5-thread-1/ERROR] (Every Compat) Failed to generate recipe @ better_deco:oak_kitchen_drawer for better_deco:bd/natures_spirit/joshua_kitchen_drawer: Recipe class class net.tier1234.better_deco.recipe.FurniCraftingRecipe not supported. You must register it using RecipeTemplate.register()
[18:50:30] [Render thread/INFO] (Moonlight) Generated runtime SERVER_DATA for pack everycomp:dynamic_resources in 37.57 ms
[18:50:30] [Render thread/INFO] (Moonlight) Finished runtime resources generation for 1 packs in a total of 38.86 ms 
[18:50:31] [Render thread/DEBUG] (FabricLoader/Mixin) Mixing EnchantmentBuilderAccessor from fabric-item-api-v1.mixins.json into net.minecraft.world.item.enchantment.Enchantment$Builder
[18:50:31] [Render thread/DEBUG] (FabricLoader/Mixin) fabric-item-api-v1.mixins.json:EnchantmentBuilderAccessor from mod fabric-item-api-v1: Class version 65 required is higher than the class version supported by the current version of Mixin (JAVA_17 supports class version 61)
[18:50:31] [Render thread/DEBUG] (FabricLoader/Mixin) Mixing DimensionOptionsRegistryHolderMixin from fabric-dimensions-v1.mixins.json into net.minecraft.world.level.levelgen.WorldDimensions
[18:50:31] [Render thread/DEBUG] (FabricLoader/Mixin) fabric-dimensions-v1.mixins.json:DimensionOptionsRegistryHolderMixin from mod fabric-dimensions-v1: Class version 65 required is higher than the class version supported by the current version of Mixin (JAVA_17 supports class version 61)
[18:50:31] [Render thread/DEBUG] (FabricLoader/Mixin) Mixing MixinPrimaryLevelData from terrablender.mixins.json into net.minecraft.world.level.storage.PrimaryLevelData
[18:50:31] [Render thread/DEBUG] (FabricLoader/Mixin) terrablender.mixins.json:MixinPrimaryLevelData from mod terrablender: Class version 65 required is higher than the class version supported by the current version of Mixin (JAVA_17 supports class version 61)
[18:50:31] [Render thread/DEBUG] (FabricLoader/Mixin) terrablender.mixins.json:MixinPrimaryLevelData from mod terrablender->@Inject::forceStable(Lorg/spongepowered/asm/mixin/injection/callback/CallbackInfoReturnable;)V does use it's CallbackInfoReturnable
[18:50:31] [Render thread/DEBUG] (FabricLoader/Mixin) Mixing ReloadableRegistriesMixin from fabric-resource-conditions-api-v1.mixins.json into net.minecraft.server.ReloadableServerRegistries
[18:50:31] [Render thread/DEBUG] (FabricLoader/Mixin) fabric-resource-conditions-api-v1.mixins.json:ReloadableRegistriesMixin from mod fabric-resource-conditions-api-v1: Class version 65 required is higher than the class version supported by the current version of Mixin (JAVA_17 supports class version 61)
[18:50:31] [Render thread/DEBUG] (FabricLoader/Mixin) Mixing ReloadableRegistriesMixin from fabric-loot-api-v3.mixins.json into net.minecraft.server.ReloadableServerRegistries
[18:50:31] [Render thread/DEBUG] (FabricLoader/Mixin) fabric-loot-api-v3.mixins.json:ReloadableRegistriesMixin from mod fabric-loot-api-v3: Class version 65 required is higher than the class version supported by the current version of Mixin (JAVA_17 supports class version 61)
[18:50:31] [Render thread/DEBUG] (FabricLoader/Mixin) Renaming synthetic method lambda$modifyLootTable$1(Lnet/minecraft/resources/ResourceLocation;Lnet/minecraft/resources/RegistryOps;Ljava/lang/Object;)Ljava/lang/Object; to md310282$fabric-loot-api-v3$lambda$modifyLootTable$1$0 in fabric-loot-api-v3.mixins.json:ReloadableRegistriesMixin from mod fabric-loot-api-v3
[18:50:31] [Render thread/DEBUG] (FabricLoader/Mixin) Renaming synthetic method lambda$removeOps$0(Lnet/minecraft/resources/RegistryOps;Ljava/util/List;)Ljava/util/List; to md310282$fabric-loot-api-v3$lambda$removeOps$0$1 in fabric-loot-api-v3.mixins.json:ReloadableRegistriesMixin from mod fabric-loot-api-v3
[18:50:31] [Render thread/DEBUG] (FabricLoader/Mixin) fabric-resource-conditions-api-v1.mixins.json:ReloadableRegistriesMixin from mod fabric-resource-conditions-api-v1->@Inject::storeWrapperLookup(Lnet/minecraft/core/LayeredRegistryAccess;Lnet/minecraft/server/packs/resources/ResourceManager;Ljava/util/concurrent/Executor;Lorg/spongepowered/asm/mixin/injection/callback/CallbackInfoReturnable;)V doesn't use it's CallbackInfoReturnable
[18:50:31] [Render thread/DEBUG] (FabricLoader/Mixin) fabric-resource-conditions-api-v1.mixins.json:ReloadableRegistriesMixin from mod fabric-resource-conditions-api-v1->@Inject::applyConditions(Lnet/minecraft/world/level/storage/loot/LootDataType;Lnet/minecraft/resources/RegistryOps;Lnet/minecraft/core/WritableRegistry;Lnet/minecraft/resources/ResourceLocation;Lcom/google/gson/JsonElement;Lorg/spongepowered/asm/mixin/injection/callback/CallbackInfo;)V does use it's CallbackInfo
[18:50:31] [Render thread/DEBUG] (FabricLoader/Mixin) fabric-loot-api-v3.mixins.json:ReloadableRegistriesMixin from mod fabric-loot-api-v3->@Inject::onLootTablesLoaded(Lnet/minecraft/world/level/storage/loot/LootDataType;Lnet/minecraft/server/packs/resources/ResourceManager;Lnet/minecraft/resources/RegistryOps;Lorg/spongepowered/asm/mixin/injection/callback/CallbackInfoReturnable;)V does use it's CallbackInfoReturnable
[18:50:31] [Worker-Main-9/DEBUG] (FabricLoader/Mixin) Mixing KeyedResourceReloadListenerMixin from fabric-resource-loader-v0.mixins.json into net.minecraft.world.item.crafting.RecipeManager
[18:50:31] [Worker-Main-9/DEBUG] (FabricLoader/Mixin) fabric-resource-loader-v0.mixins.json:KeyedResourceReloadListenerMixin from mod fabric-resource-loader-v0: Class version 65 required is higher than the class version supported by the current version of Mixin (JAVA_17 supports class version 61)
[18:50:31] [Worker-Main-9/DEBUG] (FabricLoader/Mixin) Mixing RecipeManagerMixin from fabric-resource-conditions-api-v1.mixins.json into net.minecraft.world.item.crafting.RecipeManager
[18:50:31] [Worker-Main-9/DEBUG] (FabricLoader/Mixin) fabric-resource-conditions-api-v1.mixins.json:RecipeManagerMixin from mod fabric-resource-conditions-api-v1: Class version 65 required is higher than the class version supported by the current version of Mixin (JAVA_17 supports class version 61)
[18:50:31] [Worker-Main-9/DEBUG] (FabricLoader/Mixin) Mixing KeyedResourceReloadListenerMixin from fabric-resource-loader-v0.mixins.json into net.minecraft.tags.TagManager
[18:50:31] [Worker-Main-9/DEBUG] (FabricLoader/Mixin) fabric-resource-loader-v0.mixins.json:KeyedResourceReloadListenerMixin from mod fabric-resource-loader-v0: Class version 65 required is higher than the class version supported by the current version of Mixin (JAVA_17 supports class version 61)
[18:50:31] [Worker-Main-9/DEBUG] (FabricLoader/Mixin) Mixing TagManagerLoaderMixin from fabric-resource-conditions-api-v1.mixins.json into net.minecraft.tags.TagManager
[18:50:31] [Worker-Main-9/DEBUG] (FabricLoader/Mixin) fabric-resource-conditions-api-v1.mixins.json:TagManagerLoaderMixin from mod fabric-resource-conditions-api-v1: Class version 65 required is higher than the class version supported by the current version of Mixin (JAVA_17 supports class version 61)
[18:50:31] [Worker-Main-9/DEBUG] (FabricLoader/Mixin) fabric-resource-conditions-api-v1.mixins.json:TagManagerLoaderMixin from mod fabric-resource-conditions-api-v1->@Inject::hookApply(Ljava/util/List;Ljava/lang/Void;Lorg/spongepowered/asm/mixin/injection/callback/CallbackInfo;)V doesn't use it's CallbackInfo
[18:50:31] [Worker-Main-9/DEBUG] (FabricLoader/Mixin) fabric-resource-conditions-api-v1.mixins.json:TagManagerLoaderMixin from mod fabric-resource-conditions-api-v1->@Inject::hookApply(Ljava/util/List;Ljava/lang/Void;Lorg/spongepowered/asm/mixin/injection/callback/CallbackInfo;)V has 0 override(s) in child classes
[18:50:31] [Worker-Main-9/DEBUG] (FabricLoader/Mixin) fabric-resource-conditions-api-v1.mixins.json:TagManagerLoaderMixin from mod fabric-resource-conditions-api-v1->@Inject::hookApply(Ljava/util/List;Ljava/lang/Void;Lorg/spongepowered/asm/mixin/injection/callback/CallbackInfo;)V won't be passed a CallbackInfo as a result
[18:50:31] [Worker-Main-9/DEBUG] (FabricLoader/Mixin) Mixing CommandManagerMixin from fabric-gametest-api-v1.mixins.json into net.minecraft.commands.Commands
[18:50:31] [Worker-Main-9/DEBUG] (FabricLoader/Mixin) fabric-gametest-api-v1.mixins.json:CommandManagerMixin from mod fabric-gametest-api-v1: Class version 65 required is higher than the class version supported by the current version of Mixin (JAVA_17 supports class version 61)
[18:50:31] [Worker-Main-9/DEBUG] (FabricLoader/Mixin) Mixing CommandManagerMixin from fabric-networking-api-v1.mixins.json into net.minecraft.commands.Commands
[18:50:31] [Worker-Main-9/DEBUG] (FabricLoader/Mixin) fabric-networking-api-v1.mixins.json:CommandManagerMixin from mod fabric-networking-api-v1: Class version 65 required is higher than the class version supported by the current version of Mixin (JAVA_17 supports class version 61)
[18:50:31] [Worker-Main-9/DEBUG] (FabricLoader/Mixin) Mixing CommandManagerMixin from fabric-command-api-v2.mixins.json into net.minecraft.commands.Commands
[18:50:31] [Worker-Main-9/DEBUG] (FabricLoader/Mixin) fabric-command-api-v2.mixins.json:CommandManagerMixin from mod fabric-command-api-v2: Class version 65 required is higher than the class version supported by the current version of Mixin (JAVA_17 supports class version 61)
[18:50:31] [Worker-Main-9/DEBUG] (FabricLoader/Mixin) fabric-gametest-api-v1.mixins.json:CommandManagerMixin from mod fabric-gametest-api-v1->@Inject::construct(Lnet/minecraft/commands/Commands$CommandSelection;Lnet/minecraft/commands/CommandBuildContext;Lorg/spongepowered/asm/mixin/injection/callback/CallbackInfo;)V doesn't use it's CallbackInfo
[18:50:31] [Worker-Main-9/DEBUG] (FabricLoader/Mixin) fabric-gametest-api-v1.mixins.json:CommandManagerMixin from mod fabric-gametest-api-v1->@Inject::construct(Lnet/minecraft/commands/Commands$CommandSelection;Lnet/minecraft/commands/CommandBuildContext;Lorg/spongepowered/asm/mixin/injection/callback/CallbackInfo;)V has 0 override(s) in child classes
[18:50:31] [Worker-Main-9/DEBUG] (FabricLoader/Mixin) fabric-gametest-api-v1.mixins.json:CommandManagerMixin from mod fabric-gametest-api-v1->@Inject::construct(Lnet/minecraft/commands/Commands$CommandSelection;Lnet/minecraft/commands/CommandBuildContext;Lorg/spongepowered/asm/mixin/injection/callback/CallbackInfo;)V won't be passed a CallbackInfo as a result
[18:50:31] [Worker-Main-9/DEBUG] (FabricLoader/Mixin) fabric-networking-api-v1.mixins.json:CommandManagerMixin from mod fabric-networking-api-v1->@Inject::init(Lnet/minecraft/commands/Commands$CommandSelection;Lnet/minecraft/commands/CommandBuildContext;Lorg/spongepowered/asm/mixin/injection/callback/CallbackInfo;)V doesn't use it's CallbackInfo
[18:50:31] [Worker-Main-9/DEBUG] (FabricLoader/Mixin) fabric-networking-api-v1.mixins.json:CommandManagerMixin from mod fabric-networking-api-v1->@Inject::init(Lnet/minecraft/commands/Commands$CommandSelection;Lnet/minecraft/commands/CommandBuildContext;Lorg/spongepowered/asm/mixin/injection/callback/CallbackInfo;)V has 0 override(s) in child classes
[18:50:31] [Worker-Main-9/DEBUG] (FabricLoader/Mixin) fabric-networking-api-v1.mixins.json:CommandManagerMixin from mod fabric-networking-api-v1->@Inject::init(Lnet/minecraft/commands/Commands$CommandSelection;Lnet/minecraft/commands/CommandBuildContext;Lorg/spongepowered/asm/mixin/injection/callback/CallbackInfo;)V won't be passed a CallbackInfo as a result
[18:50:31] [Worker-Main-9/DEBUG] (FabricLoader/Mixin) fabric-command-api-v2.mixins.json:CommandManagerMixin from mod fabric-command-api-v2->@Inject::fabric_addCommands(Lnet/minecraft/commands/Commands$CommandSelection;Lnet/minecraft/commands/CommandBuildContext;Lorg/spongepowered/asm/mixin/injection/callback/CallbackInfo;)V doesn't use it's CallbackInfo
[18:50:31] [Worker-Main-9/DEBUG] (FabricLoader/Mixin) fabric-command-api-v2.mixins.json:CommandManagerMixin from mod fabric-command-api-v2->@Inject::fabric_addCommands(Lnet/minecraft/commands/Commands$CommandSelection;Lnet/minecraft/commands/CommandBuildContext;Lorg/spongepowered/asm/mixin/injection/callback/CallbackInfo;)V has 0 override(s) in child classes
[18:50:31] [Worker-Main-9/DEBUG] (FabricLoader/Mixin) fabric-command-api-v2.mixins.json:CommandManagerMixin from mod fabric-command-api-v2->@Inject::fabric_addCommands(Lnet/minecraft/commands/Commands$CommandSelection;Lnet/minecraft/commands/CommandBuildContext;Lorg/spongepowered/asm/mixin/injection/callback/CallbackInfo;)V won't be passed a CallbackInfo as a result
[18:50:31] [Worker-Main-9/DEBUG] (FabricLoader/Mixin) Mixing DatapackCommandMixin from fabric-resource-loader-v0.mixins.json into net.minecraft.server.commands.DataPackCommand
[18:50:31] [Worker-Main-9/DEBUG] (FabricLoader/Mixin) fabric-resource-loader-v0.mixins.json:DatapackCommandMixin from mod fabric-resource-loader-v0: Class version 65 required is higher than the class version supported by the current version of Mixin (JAVA_17 supports class version 61)
[18:50:31] [Worker-Main-9/DEBUG] (FabricLoader/Mixin) Renaming synthetic method lambda$filterDisabledPackSuggestions$2(Lnet/minecraft/server/packs/repository/Pack;)Z to md310282$fabric-resource-loader-v0$lambda$filterDisabledPackSuggestions$2$0 in fabric-resource-loader-v0.mixins.json:DatapackCommandMixin from mod fabric-resource-loader-v0
[18:50:31] [Worker-Main-9/DEBUG] (FabricLoader/Mixin) Renaming synthetic method lambda$filterEnabledPackSuggestions$1(Lnet/minecraft/server/packs/repository/Pack;)Z to md310282$fabric-resource-loader-v0$lambda$filterEnabledPackSuggestions$1$1 in fabric-resource-loader-v0.mixins.json:DatapackCommandMixin from mod fabric-resource-loader-v0
[18:50:31] [Worker-Main-9/DEBUG] (FabricLoader/Mixin) Renaming synthetic method lambda$static$0(Ljava/lang/Object;)Lcom/mojang/brigadier/Message; to md310282$fabric-resource-loader-v0$lambda$static$0$2 in fabric-resource-loader-v0.mixins.json:DatapackCommandMixin from mod fabric-resource-loader-v0
[18:50:31] [Worker-Main-9/DEBUG] (FabricLoader/Mixin) fabric-resource-loader-v0.mixins.json:DatapackCommandMixin from mod fabric-resource-loader-v0->@Inject::errorOnInternalPack(Lcom/mojang/brigadier/context/CommandContext;Ljava/lang/String;ZLorg/spongepowered/asm/mixin/injection/callback/CallbackInfoReturnable;)V doesn't use it's CallbackInfoReturnable
[18:50:31] [Worker-Main-9/DEBUG] (FabricLoader/Mixin) Mixing EnchantCommandMixin from fabric-item-api-v1.mixins.json into net.minecraft.server.commands.EnchantCommand
[18:50:31] [Worker-Main-9/DEBUG] (FabricLoader/Mixin) fabric-item-api-v1.mixins.json:EnchantCommandMixin from mod fabric-item-api-v1: Class version 65 required is higher than the class version supported by the current version of Mixin (JAVA_17 supports class version 61)
[18:50:31] [Worker-Main-9/DEBUG] (FabricLoader/Mixin) Mixing GameRuleCommandAccessor from fabric-game-rule-api-v1.mixins.json into net.minecraft.server.commands.GameRuleCommand
[18:50:31] [Worker-Main-9/DEBUG] (FabricLoader/Mixin) fabric-game-rule-api-v1.mixins.json:GameRuleCommandAccessor from mod fabric-game-rule-api-v1: Class version 65 required is higher than the class version supported by the current version of Mixin (JAVA_17 supports class version 61)
[18:50:31] [Worker-Main-9/DEBUG] (FabricLoader/Mixin) Renaming @Invoker method invokeExecuteSet(Lcom/mojang/brigadier/context/CommandContext;Lnet/minecraft/world/level/GameRules$Key;)I to invokeExecuteSet$fabric-game-rule-api-v1_$md$310282$0 in fabric-game-rule-api-v1.mixins.json:GameRuleCommandAccessor from mod fabric-game-rule-api-v1
[18:50:31] [Worker-Main-9/DEBUG] (FabricLoader/Mixin) Renaming @Invoker method invokeExecuteQuery(Lnet/minecraft/commands/CommandSourceStack;Lnet/minecraft/world/level/GameRules$Key;)I to invokeExecuteQuery$fabric-game-rule-api-v1_$md$310282$1 in fabric-game-rule-api-v1.mixins.json:GameRuleCommandAccessor from mod fabric-game-rule-api-v1
[18:50:31] [Worker-Main-9/DEBUG] (FabricLoader/Mixin) Mixing GameRuleCommandVisitorMixin from fabric-game-rule-api-v1.mixins.json into net.minecraft.server.commands.GameRuleCommand$1
[18:50:31] [Worker-Main-9/DEBUG] (FabricLoader/Mixin) fabric-game-rule-api-v1.mixins.json:GameRuleCommandVisitorMixin from mod fabric-game-rule-api-v1: Class version 65 required is higher than the class version supported by the current version of Mixin (JAVA_17 supports class version 61)
[18:50:31] [Worker-Main-9/DEBUG] (FabricLoader/Mixin) fabric-game-rule-api-v1.mixins.json:GameRuleCommandVisitorMixin from mod fabric-game-rule-api-v1->@Inject::onRegisterCommand(Lnet/minecraft/world/level/GameRules$Key;Lnet/minecraft/world/level/GameRules$Type;Lorg/spongepowered/asm/mixin/injection/callback/CallbackInfo;)V does use it's CallbackInfo
[18:50:31] [Worker-Main-9/DEBUG] (FabricLoader/Mixin) Mixing HelpCommandAccessor from fabric-command-api-v2.mixins.json into net.minecraft.server.commands.HelpCommand
[18:50:31] [Worker-Main-9/DEBUG] (FabricLoader/Mixin) fabric-command-api-v2.mixins.json:HelpCommandAccessor from mod fabric-command-api-v2: Class version 65 required is higher than the class version supported by the current version of Mixin (JAVA_17 supports class version 61)
[18:50:31] [Worker-Main-9/DEBUG] (FabricLoader/Mixin) Renaming @Accessor method getFailedException()Lcom/mojang/brigadier/exceptions/SimpleCommandExceptionType; to getFailedException$fabric-command-api-v2_$md$310282$0 in fabric-command-api-v2.mixins.json:HelpCommandAccessor from mod fabric-command-api-v2
[18:50:31] [Worker-Main-9/DEBUG] (FabricLoader/Mixin) Mixing PlaceStructureCommandMixin from moonlight-common.mixins.json into net.minecraft.server.commands.PlaceCommand
[18:50:31] [Worker-Main-9/DEBUG] (FabricLoader/Mixin) moonlight-common.mixins.json:PlaceStructureCommandMixin from mod moonlight: Class version 65 required is higher than the class version supported by the current version of Mixin (JAVA_17 supports class version 61)
[18:50:31] [Worker-Main-9/DEBUG] (FabricLoader/Mixin) moonlight-common.mixins.json:PlaceStructureCommandMixin from mod moonlight->@Inject::ml$addDebugRenderers(Lnet/minecraft/commands/CommandSourceStack;Lnet/minecraft/core/Holder$Reference;Lnet/minecraft/core/BlockPos;Lorg/spongepowered/asm/mixin/injection/callback/CallbackInfoReturnable;)V doesn't use it's CallbackInfoReturnable
[18:50:31] [Worker-Main-9/DEBUG] (FabricLoader/Mixin) Mixing TeleportCommandMixin from moonlight-common.mixins.json into net.minecraft.server.commands.TeleportCommand
[18:50:31] [Worker-Main-9/DEBUG] (FabricLoader/Mixin) moonlight-common.mixins.json:TeleportCommandMixin from mod moonlight: Class version 65 required is higher than the class version supported by the current version of Mixin (JAVA_17 supports class version 61)
[18:50:31] [Worker-Main-9/DEBUG] (FabricLoader/Mixin) Mixing TestCommandMixin from fabric-gametest-api-v1.mixins.json into net.minecraft.gametest.framework.TestCommand
[18:50:31] [Worker-Main-9/DEBUG] (FabricLoader/Mixin) fabric-gametest-api-v1.mixins.json:TestCommandMixin from mod fabric-gametest-api-v1: Class version 65 required is higher than the class version supported by the current version of Mixin (JAVA_17 supports class version 61)
[18:50:31] [Worker-Main-9/DEBUG] (FabricLoader/Mixin) Mixing KeyedResourceReloadListenerMixin from fabric-resource-loader-v0.mixins.json into net.minecraft.server.ServerAdvancementManager
[18:50:31] [Worker-Main-9/DEBUG] (FabricLoader/Mixin) fabric-resource-loader-v0.mixins.json:KeyedResourceReloadListenerMixin from mod fabric-resource-loader-v0: Class version 65 required is higher than the class version supported by the current version of Mixin (JAVA_17 supports class version 61)
[18:50:31] [Worker-Main-9/DEBUG] (FabricLoader/Mixin) Mixing ServerAdvancementLoaderMixin from fabric-resource-conditions-api-v1.mixins.json into net.minecraft.server.ServerAdvancementManager
[18:50:31] [Worker-Main-9/DEBUG] (FabricLoader/Mixin) fabric-resource-conditions-api-v1.mixins.json:ServerAdvancementLoaderMixin from mod fabric-resource-conditions-api-v1: Class version 65 required is higher than the class version supported by the current version of Mixin (JAVA_17 supports class version 61)
[18:50:31] [Worker-Main-9/DEBUG] (FabricLoader/Mixin) Mixing KeyedResourceReloadListenerMixin from fabric-resource-loader-v0.mixins.json into net.minecraft.server.ServerFunctionLibrary
[18:50:31] [Worker-Main-9/DEBUG] (FabricLoader/Mixin) fabric-resource-loader-v0.mixins.json:KeyedResourceReloadListenerMixin from mod fabric-resource-loader-v0: Class version 65 required is higher than the class version supported by the current version of Mixin (JAVA_17 supports class version 61)
[18:50:31] [Worker-Main-8/ERROR] (net.minecraft.tags.TagLoader) Couldn't load tag c:stripped_wood as it is missing following references: #natures_spirit:stripped_wood (from natures_spirit)
[18:50:31] [Render thread/ERROR] (net.minecraft.world.item.crafting.RecipeManager) Parsing error loading recipe better_deco:ice_freezer
com.google.gson.JsonParseException: Not a JSON object: "minecraft:blue_ice"; No key id in MapLike[{"type":"better_deco:freezer","category":"misc","cookingtime":4000,"experience":1.0,"ingredient":{"item":"minecraft:packed_ice"},"result":"minecraft:blue_ice"}]
	at knot/com.mojang.serialization.DataResult$Error.getOrThrow(DataResult.java:287) ~[datafixerupper-8.0.16.jar:?]
	at knot/net.minecraft.world.item.crafting.RecipeManager.apply(RecipeManager.java:62) ~[minecraft-merged-87d26b32d0-1.21.1-loom.mappings.1_21_1.layered+hash.730628366-v2.jar:?]
	at knot/net.minecraft.world.item.crafting.RecipeManager.apply(RecipeManager.java:35) ~[minecraft-merged-87d26b32d0-1.21.1-loom.mappings.1_21_1.layered+hash.730628366-v2.jar:?]
	at knot/net.minecraft.server.packs.resources.SimplePreparableReloadListener.method_18790(SimplePreparableReloadListener.java:13) ~[minecraft-merged-87d26b32d0-1.21.1-loom.mappings.1_21_1.layered+hash.730628366-v2.jar:?]
	at java.base/java.util.concurrent.CompletableFuture$UniAccept.tryFire(CompletableFuture.java:718) ~[?:?]
	at java.base/java.util.concurrent.CompletableFuture$Completion.run(CompletableFuture.java:482) ~[?:?]
	at knot/net.minecraft.server.packs.resources.SimpleReloadInstance.method_18365(SimpleReloadInstance.java:69) ~[minecraft-merged-87d26b32d0-1.21.1-loom.mappings.1_21_1.layered+hash.730628366-v2.jar:?]
	at knot/net.minecraft.util.thread.BlockableEventLoop.doRunTask(BlockableEventLoop.java:162) ~[minecraft-merged-87d26b32d0-1.21.1-loom.mappings.1_21_1.layered+hash.730628366-v2.jar:?]
	at knot/net.minecraft.util.thread.ReentrantBlockableEventLoop.doRunTask(ReentrantBlockableEventLoop.java:23) ~[minecraft-merged-87d26b32d0-1.21.1-loom.mappings.1_21_1.layered+hash.730628366-v2.jar:?]
	at knot/net.minecraft.util.thread.BlockableEventLoop.pollTask(BlockableEventLoop.java:136) ~[minecraft-merged-87d26b32d0-1.21.1-loom.mappings.1_21_1.layered+hash.730628366-v2.jar:?]
	at knot/net.minecraft.util.thread.BlockableEventLoop.managedBlock(BlockableEventLoop.java:145) ~[minecraft-merged-87d26b32d0-1.21.1-loom.mappings.1_21_1.layered+hash.730628366-v2.jar:?]
	at knot/net.minecraft.client.gui.screens.worldselection.WorldOpenFlows.loadWorldDataBlocking(WorldOpenFlows.java:182) ~[minecraft-merged-87d26b32d0-1.21.1-loom.mappings.1_21_1.layered+hash.730628366-v2.jar:?]
	at knot/net.minecraft.client.gui.screens.worldselection.WorldOpenFlows.loadWorldStem(WorldOpenFlows.java:137) ~[minecraft-merged-87d26b32d0-1.21.1-loom.mappings.1_21_1.layered+hash.730628366-v2.jar:?]
	at knot/net.minecraft.client.gui.screens.worldselection.WorldOpenFlows.openWorldLoadLevelStem(WorldOpenFlows.java:323) ~[minecraft-merged-87d26b32d0-1.21.1-loom.mappings.1_21_1.layered+hash.730628366-v2.jar:?]
	at knot/net.minecraft.client.gui.screens.worldselection.WorldOpenFlows.openWorldCheckVersionCompatibility(WorldOpenFlows.java:313) ~[minecraft-merged-87d26b32d0-1.21.1-loom.mappings.1_21_1.layered+hash.730628366-v2.jar:?]
	at knot/net.minecraft.client.gui.screens.worldselection.WorldOpenFlows.openWorldLoadLevelData(WorldOpenFlows.java:278) ~[minecraft-merged-87d26b32d0-1.21.1-loom.mappings.1_21_1.layered+hash.730628366-v2.jar:?]
	at knot/net.minecraft.client.gui.screens.worldselection.WorldOpenFlows.openWorld(WorldOpenFlows.java:243) ~[minecraft-merged-87d26b32d0-1.21.1-loom.mappings.1_21_1.layered+hash.730628366-v2.jar:?]
	at knot/net.minecraft.client.gui.screens.worldselection.WorldSelectionList$WorldListEntry.joinWorld(WorldSelectionList.java:434) ~[minecraft-merged-87d26b32d0-1.21.1-loom.mappings.1_21_1.layered+hash.730628366-v2.jar:?]
	at knot/net.minecraft.client.gui.screens.worldselection.WorldSelectionList$WorldListEntry.mouseClicked(WorldSelectionList.java:411) ~[minecraft-merged-87d26b32d0-1.21.1-loom.mappings.1_21_1.layered+hash.730628366-v2.jar:?]
	at knot/net.minecraft.client.gui.components.AbstractSelectionList.mouseClicked(AbstractSelectionList.java:315) ~[minecraft-merged-87d26b32d0-1.21.1-loom.mappings.1_21_1.layered+hash.730628366-v2.jar:?]
	at knot/net.minecraft.client.gui.components.events.ContainerEventHandler.mouseClicked(ContainerEventHandler.java:38) ~[minecraft-merged-87d26b32d0-1.21.1-loom.mappings.1_21_1.layered+hash.730628366-v2.jar:?]
	at knot/net.minecraft.client.MouseHandler.method_1611(MouseHandler.java:107) ~[minecraft-merged-87d26b32d0-1.21.1-loom.mappings.1_21_1.layered+hash.730628366-v2.jar:?]
	at knot/net.minecraft.client.gui.screens.Screen.wrapScreenError(Screen.java:431) ~[minecraft-merged-87d26b32d0-1.21.1-loom.mappings.1_21_1.layered+hash.730628366-v2.jar:?]
	at knot/net.minecraft.client.MouseHandler.onPress(MouseHandler.java:107) ~[minecraft-merged-87d26b32d0-1.21.1-loom.mappings.1_21_1.layered+hash.730628366-v2.jar:?]
	at knot/net.minecraft.client.MouseHandler.method_22686(MouseHandler.java:196) ~[minecraft-merged-87d26b32d0-1.21.1-loom.mappings.1_21_1.layered+hash.730628366-v2.jar:?]
	at knot/net.minecraft.util.thread.BlockableEventLoop.execute(BlockableEventLoop.java:108) ~[minecraft-merged-87d26b32d0-1.21.1-loom.mappings.1_21_1.layered+hash.730628366-v2.jar:?]
	at knot/net.minecraft.client.MouseHandler.method_22684(MouseHandler.java:196) ~[minecraft-merged-87d26b32d0-1.21.1-loom.mappings.1_21_1.layered+hash.730628366-v2.jar:?]
	at knot/org.lwjgl.glfw.GLFWMouseButtonCallbackI.callback(GLFWMouseButtonCallbackI.java:43) [lwjgl-glfw-3.3.3.jar:?]
	at knot/org.lwjgl.system.JNI.invokeV(Native Method) ~[lwjgl-3.3.3.jar:?]
	at knot/org.lwjgl.glfw.GLFW.glfwWaitEventsTimeout(GLFW.java:3509) [lwjgl-glfw-3.3.3.jar:?]
	at knot/com.mojang.blaze3d.systems.RenderSystem.limitDisplayFPS(RenderSystem.java:184) [minecraft-merged-87d26b32d0-1.21.1-loom.mappings.1_21_1.layered+hash.730628366-v2.jar:?]
	at knot/net.minecraft.client.Minecraft.runTick(Minecraft.java:1310) [minecraft-merged-87d26b32d0-1.21.1-loom.mappings.1_21_1.layered+hash.730628366-v2.jar:?]
	at knot/net.minecraft.client.Minecraft.run(Minecraft.java:882) [minecraft-merged-87d26b32d0-1.21.1-loom.mappings.1_21_1.layered+hash.730628366-v2.jar:?]
	at knot/net.minecraft.client.main.Main.main(Main.java:256) [minecraft-merged-87d26b32d0-1.21.1-loom.mappings.1_21_1.layered+hash.730628366-v2.jar:?]
	at net.fabricmc.loader.impl.game.minecraft.MinecraftGameProvider.launch(MinecraftGameProvider.java:514) [fabric-loader-0.18.6.jar:?]
	at net.fabricmc.loader.impl.launch.knot.Knot.launch(Knot.java:72) [fabric-loader-0.18.6.jar:?]
	at net.fabricmc.loader.impl.launch.knot.KnotClient.main(KnotClient.java:23) [fabric-loader-0.18.6.jar:?]
	at net.fabricmc.devlaunchinjector.Main.main(Main.java:86) [dev-launch-injector-0.2.1+build.8.jar:?]
[18:50:31] [Render thread/INFO] (net.minecraft.world.item.crafting.RecipeManager) Loaded 2299 recipes
[18:50:32] [Render thread/INFO] (net.minecraft.advancements.AdvancementTree) Loaded 2067 advancements
[18:50:32] [Render thread/INFO] (Moonlight) Failed to load custom color set definition {"id":"quark:rune","colors":{"default":"quark:blank_rune"},"replace":false}. Ignoring
[18:50:32] [Render thread/INFO] (Moonlight) Failed to load custom color set definition {"id":"suppsquared:sack","colors":{"default":"supplementaries:sack"},"replace":false}. Ignoring
[18:50:32] [Render thread/INFO] (Moonlight) Failed to load custom color set definition {"id":"quark:shard","colors":{"default":"quark:clear_shard"},"replace":false}. Ignoring
[18:50:33] [Render thread/DEBUG] (FabricLoader/Mixin) Mixing PlayerListMixin from framework.mixins.json into net.minecraft.server.players.PlayerList
[18:50:33] [Render thread/DEBUG] (FabricLoader/Mixin) Mixing PlayerManagerMixin from fabric-networking-api-v1.mixins.json into net.minecraft.server.players.PlayerList
[18:50:33] [Render thread/DEBUG] (FabricLoader/Mixin) fabric-networking-api-v1.mixins.json:PlayerManagerMixin from mod fabric-networking-api-v1: Class version 65 required is higher than the class version supported by the current version of Mixin (JAVA_17 supports class version 61)
[18:50:33] [Render thread/DEBUG] (FabricLoader/Mixin) Mixing PlayerManagerMixin from fabric-lifecycle-events-v1.mixins.json into net.minecraft.server.players.PlayerList
[18:50:33] [Render thread/DEBUG] (FabricLoader/Mixin) fabric-lifecycle-events-v1.mixins.json:PlayerManagerMixin from mod fabric-lifecycle-events-v1: Class version 65 required is higher than the class version supported by the current version of Mixin (JAVA_17 supports class version 61)
[18:50:33] [Render thread/DEBUG] (FabricLoader/Mixin) Mixing PlayerListMixin from configured.fabric.mixins.json into net.minecraft.server.players.PlayerList
[18:50:33] [Render thread/DEBUG] (FabricLoader/Mixin) Mixing PlayerManagerMixin from fabric-message-api-v1.mixins.json into net.minecraft.server.players.PlayerList
[18:50:33] [Render thread/DEBUG] (FabricLoader/Mixin) fabric-message-api-v1.mixins.json:PlayerManagerMixin from mod fabric-message-api-v1: Class version 65 required is higher than the class version supported by the current version of Mixin (JAVA_17 supports class version 61)
[18:50:33] [Render thread/DEBUG] (FabricLoader/Mixin) Mixing PlayerManagerMixin from fabric-entity-events-v1.mixins.json into net.minecraft.server.players.PlayerList
[18:50:33] [Render thread/DEBUG] (FabricLoader/Mixin) fabric-entity-events-v1.mixins.json:PlayerManagerMixin from mod fabric-entity-events-v1: Class version 65 required is higher than the class version supported by the current version of Mixin (JAVA_17 supports class version 61)
[18:50:33] [Render thread/DEBUG] (FabricLoader/Mixin) framework.mixins.json:PlayerListMixin from mod framework->@Inject::frameworkOnPlayerJoin(Lnet/minecraft/network/Connection;Lnet/minecraft/server/level/ServerPlayer;Lnet/minecraft/server/network/CommonListenerCookie;Lorg/spongepowered/asm/mixin/injection/callback/CallbackInfo;)V doesn't use it's CallbackInfo
[18:50:33] [Render thread/DEBUG] (FabricLoader/Mixin) framework.mixins.json:PlayerListMixin from mod framework->@Inject::frameworkOnPlayerJoin(Lnet/minecraft/network/Connection;Lnet/minecraft/server/level/ServerPlayer;Lnet/minecraft/server/network/CommonListenerCookie;Lorg/spongepowered/asm/mixin/injection/callback/CallbackInfo;)V has 0 override(s) in child classes
[18:50:33] [Render thread/DEBUG] (FabricLoader/Mixin) framework.mixins.json:PlayerListMixin from mod framework->@Inject::frameworkOnPlayerJoin(Lnet/minecraft/network/Connection;Lnet/minecraft/server/level/ServerPlayer;Lnet/minecraft/server/network/CommonListenerCookie;Lorg/spongepowered/asm/mixin/injection/callback/CallbackInfo;)V won't be passed a CallbackInfo as a result
[18:50:33] [Render thread/DEBUG] (FabricLoader/Mixin) framework.mixins.json:PlayerListMixin from mod framework->@Inject::frameworkOnPlayerLeave(Lnet/minecraft/server/level/ServerPlayer;Lorg/spongepowered/asm/mixin/injection/callback/CallbackInfo;)V doesn't use it's CallbackInfo
[18:50:33] [Render thread/DEBUG] (FabricLoader/Mixin) framework.mixins.json:PlayerListMixin from mod framework->@Inject::frameworkOnPlayerLeave(Lnet/minecraft/server/level/ServerPlayer;Lorg/spongepowered/asm/mixin/injection/callback/CallbackInfo;)V has 0 override(s) in child classes
[18:50:33] [Render thread/DEBUG] (FabricLoader/Mixin) framework.mixins.json:PlayerListMixin from mod framework->@Inject::frameworkOnPlayerLeave(Lnet/minecraft/server/level/ServerPlayer;Lorg/spongepowered/asm/mixin/injection/callback/CallbackInfo;)V won't be passed a CallbackInfo as a result
[18:50:33] [Render thread/DEBUG] (FabricLoader/Mixin) fabric-networking-api-v1.mixins.json:PlayerManagerMixin from mod fabric-networking-api-v1->@Inject::handlePlayerConnection(Lnet/minecraft/network/Connection;Lnet/minecraft/server/level/ServerPlayer;Lnet/minecraft/server/network/CommonListenerCookie;Lorg/spongepowered/asm/mixin/injection/callback/CallbackInfo;)V doesn't use it's CallbackInfo
[18:50:33] [Render thread/DEBUG] (FabricLoader/Mixin) fabric-networking-api-v1.mixins.json:PlayerManagerMixin from mod fabric-networking-api-v1->@Inject::handlePlayerConnection(Lnet/minecraft/network/Connection;Lnet/minecraft/server/level/ServerPlayer;Lnet/minecraft/server/network/CommonListenerCookie;Lorg/spongepowered/asm/mixin/injection/callback/CallbackInfo;)V has 0 override(s) in child classes
[18:50:33] [Render thread/DEBUG] (FabricLoader/Mixin) fabric-networking-api-v1.mixins.json:PlayerManagerMixin from mod fabric-networking-api-v1->@Inject::handlePlayerConnection(Lnet/minecraft/network/Connection;Lnet/minecraft/server/level/ServerPlayer;Lnet/minecraft/server/network/CommonListenerCookie;Lorg/spongepowered/asm/mixin/injection/callback/CallbackInfo;)V won't be passed a CallbackInfo as a result
[18:50:33] [Render thread/DEBUG] (FabricLoader/Mixin) fabric-lifecycle-events-v1.mixins.json:PlayerManagerMixin from mod fabric-lifecycle-events-v1->@Inject::hookOnPlayerConnect(Lnet/minecraft/network/Connection;Lnet/minecraft/server/level/ServerPlayer;Lnet/minecraft/server/network/CommonListenerCookie;Lorg/spongepowered/asm/mixin/injection/callback/CallbackInfo;)V doesn't use it's CallbackInfo
[18:50:33] [Render thread/DEBUG] (FabricLoader/Mixin) fabric-lifecycle-events-v1.mixins.json:PlayerManagerMixin from mod fabric-lifecycle-events-v1->@Inject::hookOnPlayerConnect(Lnet/minecraft/network/Connection;Lnet/minecraft/server/level/ServerPlayer;Lnet/minecraft/server/network/CommonListenerCookie;Lorg/spongepowered/asm/mixin/injection/callback/CallbackInfo;)V has 0 override(s) in child classes
[18:50:33] [Render thread/DEBUG] (FabricLoader/Mixin) fabric-lifecycle-events-v1.mixins.json:PlayerManagerMixin from mod fabric-lifecycle-events-v1->@Inject::hookOnPlayerConnect(Lnet/minecraft/network/Connection;Lnet/minecraft/server/level/ServerPlayer;Lnet/minecraft/server/network/CommonListenerCookie;Lorg/spongepowered/asm/mixin/injection/callback/CallbackInfo;)V won't be passed a CallbackInfo as a result
[18:50:33] [Render thread/DEBUG] (FabricLoader/Mixin) fabric-lifecycle-events-v1.mixins.json:PlayerManagerMixin from mod fabric-lifecycle-events-v1->@Inject::hookOnDataPacksReloaded(Lorg/spongepowered/asm/mixin/injection/callback/CallbackInfo;)V doesn't use it's CallbackInfo
[18:50:33] [Render thread/DEBUG] (FabricLoader/Mixin) fabric-lifecycle-events-v1.mixins.json:PlayerManagerMixin from mod fabric-lifecycle-events-v1->@Inject::hookOnDataPacksReloaded(Lorg/spongepowered/asm/mixin/injection/callback/CallbackInfo;)V has 0 override(s) in child classes
[18:50:33] [Render thread/DEBUG] (FabricLoader/Mixin) fabric-lifecycle-events-v1.mixins.json:PlayerManagerMixin from mod fabric-lifecycle-events-v1->@Inject::hookOnDataPacksReloaded(Lorg/spongepowered/asm/mixin/injection/callback/CallbackInfo;)V won't be passed a CallbackInfo as a result
[18:50:33] [Render thread/DEBUG] (FabricLoader/Mixin) configured.fabric.mixins.json:PlayerListMixin from mod configured->@Inject::configuredNewPlayer(Lnet/minecraft/network/Connection;Lnet/minecraft/server/level/ServerPlayer;Lnet/minecraft/server/network/CommonListenerCookie;Lorg/spongepowered/asm/mixin/injection/callback/CallbackInfo;)V doesn't use it's CallbackInfo
[18:50:33] [Render thread/DEBUG] (FabricLoader/Mixin) configured.fabric.mixins.json:PlayerListMixin from mod configured->@Inject::configuredNewPlayer(Lnet/minecraft/network/Connection;Lnet/minecraft/server/level/ServerPlayer;Lnet/minecraft/server/network/CommonListenerCookie;Lorg/spongepowered/asm/mixin/injection/callback/CallbackInfo;)V has 0 override(s) in child classes
[18:50:33] [Render thread/DEBUG] (FabricLoader/Mixin) configured.fabric.mixins.json:PlayerListMixin from mod configured->@Inject::configuredNewPlayer(Lnet/minecraft/network/Connection;Lnet/minecraft/server/level/ServerPlayer;Lnet/minecraft/server/network/CommonListenerCookie;Lorg/spongepowered/asm/mixin/injection/callback/CallbackInfo;)V won't be passed a CallbackInfo as a result
[18:50:33] [Render thread/DEBUG] (FabricLoader/Mixin) fabric-message-api-v1.mixins.json:PlayerManagerMixin from mod fabric-message-api-v1->@Inject::onSendChatMessage(Lnet/minecraft/network/chat/PlayerChatMessage;Lnet/minecraft/server/level/ServerPlayer;Lnet/minecraft/network/chat/ChatType$Bound;Lorg/spongepowered/asm/mixin/injection/callback/CallbackInfo;)V does use it's CallbackInfo
[18:50:33] [Render thread/DEBUG] (FabricLoader/Mixin) fabric-message-api-v1.mixins.json:PlayerManagerMixin from mod fabric-message-api-v1->@Inject::onSendGameMessage(Lnet/minecraft/network/chat/Component;Ljava/util/function/Function;ZLorg/spongepowered/asm/mixin/injection/callback/CallbackInfo;)V does use it's CallbackInfo
[18:50:33] [Render thread/DEBUG] (FabricLoader/Mixin) fabric-message-api-v1.mixins.json:PlayerManagerMixin from mod fabric-message-api-v1->@Inject::onSendCommandMessage(Lnet/minecraft/network/chat/PlayerChatMessage;Lnet/minecraft/commands/CommandSourceStack;Lnet/minecraft/network/chat/ChatType$Bound;Lorg/spongepowered/asm/mixin/injection/callback/CallbackInfo;)V does use it's CallbackInfo
[18:50:33] [Render thread/DEBUG] (FabricLoader/Mixin) fabric-entity-events-v1.mixins.json:PlayerManagerMixin from mod fabric-entity-events-v1->@Inject::afterRespawn(Lnet/minecraft/server/level/ServerPlayer;ZLnet/minecraft/world/entity/Entity$RemovalReason;Lorg/spongepowered/asm/mixin/injection/callback/CallbackInfoReturnable;)V does use it's CallbackInfoReturnable
[18:50:33] [Render thread/DEBUG] (FabricLoader/Mixin) fabric-entity-events-v1.mixins.json:PlayerManagerMixin from mod fabric-entity-events-v1->@Inject::firePlayerJoinEvent(Lnet/minecraft/network/Connection;Lnet/minecraft/server/level/ServerPlayer;Lnet/minecraft/server/network/CommonListenerCookie;Lorg/spongepowered/asm/mixin/injection/callback/CallbackInfo;)V doesn't use it's CallbackInfo
[18:50:33] [Render thread/DEBUG] (FabricLoader/Mixin) fabric-entity-events-v1.mixins.json:PlayerManagerMixin from mod fabric-entity-events-v1->@Inject::firePlayerJoinEvent(Lnet/minecraft/network/Connection;Lnet/minecraft/server/level/ServerPlayer;Lnet/minecraft/server/network/CommonListenerCookie;Lorg/spongepowered/asm/mixin/injection/callback/CallbackInfo;)V has 0 override(s) in child classes
[18:50:33] [Render thread/DEBUG] (FabricLoader/Mixin) fabric-entity-events-v1.mixins.json:PlayerManagerMixin from mod fabric-entity-events-v1->@Inject::firePlayerJoinEvent(Lnet/minecraft/network/Connection;Lnet/minecraft/server/level/ServerPlayer;Lnet/minecraft/server/network/CommonListenerCookie;Lorg/spongepowered/asm/mixin/injection/callback/CallbackInfo;)V won't be passed a CallbackInfo as a result
[18:50:33] [Render thread/DEBUG] (FabricLoader/Mixin) fabric-entity-events-v1.mixins.json:PlayerManagerMixin from mod fabric-entity-events-v1->@Inject::firePlayerLeaveEvent(Lnet/minecraft/server/level/ServerPlayer;Lorg/spongepowered/asm/mixin/injection/callback/CallbackInfo;)V doesn't use it's CallbackInfo
[18:50:33] [Render thread/DEBUG] (FabricLoader/Mixin) fabric-entity-events-v1.mixins.json:PlayerManagerMixin from mod fabric-entity-events-v1->@Inject::firePlayerLeaveEvent(Lnet/minecraft/server/level/ServerPlayer;Lorg/spongepowered/asm/mixin/injection/callback/CallbackInfo;)V has 0 override(s) in child classes
[18:50:33] [Render thread/DEBUG] (FabricLoader/Mixin) fabric-entity-events-v1.mixins.json:PlayerManagerMixin from mod fabric-entity-events-v1->@Inject::firePlayerLeaveEvent(Lnet/minecraft/server/level/ServerPlayer;Lorg/spongepowered/asm/mixin/injection/callback/CallbackInfo;)V won't be passed a CallbackInfo as a result
[18:50:33] [Render thread/DEBUG] (FabricLoader/Mixin) Mixing BrewingRecipeRegistryBuilderMixin from fabric-content-registries-v0.mixins.json into net.minecraft.world.item.alchemy.PotionBrewing$Builder
[18:50:33] [Render thread/DEBUG] (FabricLoader/Mixin) fabric-content-registries-v0.mixins.json:BrewingRecipeRegistryBuilderMixin from mod fabric-content-registries-v0: Class version 65 required is higher than the class version supported by the current version of Mixin (JAVA_17 supports class version 61)
[18:50:33] [Render thread/DEBUG] (FabricLoader/Mixin) fabric-content-registries-v0.mixins.json:BrewingRecipeRegistryBuilderMixin from mod fabric-content-registries-v0->@Inject::build(Lorg/spongepowered/asm/mixin/injection/callback/CallbackInfoReturnable;)V doesn't use it's CallbackInfoReturnable
[18:50:33] [Render thread/DEBUG] (FabricLoader/Mixin) fabric-content-registries-v0.mixins.json:BrewingRecipeRegistryBuilderMixin from mod fabric-content-registries-v0->@Inject::build(Lorg/spongepowered/asm/mixin/injection/callback/CallbackInfoReturnable;)V has 0 override(s) in child classes
[18:50:33] [Render thread/DEBUG] (FabricLoader/Mixin) fabric-content-registries-v0.mixins.json:BrewingRecipeRegistryBuilderMixin from mod fabric-content-registries-v0->@Inject::build(Lorg/spongepowered/asm/mixin/injection/callback/CallbackInfoReturnable;)V won't be passed a CallbackInfoReturnable as a result
[18:50:34] [Render thread/INFO] (terrablender) Initialized TerraBlender biomes for level stem minecraft:overworld
[18:50:34] [Render thread/INFO] (terrablender) Initialized TerraBlender biomes for level stem minecraft:the_nether
[18:50:34] [Render thread/INFO] (net.fabricmc.fabric.impl.biome.modification.BiomeModificationImpl) Applied 0 biome modifications to 0 of 116 new biomes in 3.348 ms
[18:50:34] [Server thread/INFO] (Framework) Loading server configs...
[18:50:34] [Server thread/INFO] (net.minecraft.client.server.IntegratedServer) Starting integrated minecraft server version 1.21.1
[18:50:34] [Server thread/INFO] (net.minecraft.server.MinecraftServer) Generating keypair
[18:50:34] [Server thread/DEBUG] (FabricLoader/Mixin) Mixing ChunkGeneratingMixin from fabric-lifecycle-events-v1.mixins.json into net.minecraft.world.level.chunk.status.ChunkStatusTasks
[18:50:34] [Server thread/DEBUG] (FabricLoader/Mixin) fabric-lifecycle-events-v1.mixins.json:ChunkGeneratingMixin from mod fabric-lifecycle-events-v1: Class version 65 required is higher than the class version supported by the current version of Mixin (JAVA_17 supports class version 61)
[18:50:34] [Server thread/DEBUG] (FabricLoader/Mixin) fabric-lifecycle-events-v1.mixins.json:ChunkGeneratingMixin from mod fabric-lifecycle-events-v1->@Inject::onChunkLoad(Lnet/minecraft/world/level/chunk/ChunkAccess;Lnet/minecraft/world/level/chunk/status/WorldGenContext;Lnet/minecraft/server/level/GenerationChunkHolder;Lorg/spongepowered/asm/mixin/injection/callback/CallbackInfoReturnable;)V does use it's CallbackInfoReturnable
[18:50:34] [Server thread/DEBUG] (FabricLoader/Mixin) Mixing MapDataMixin from moonlight-common.mixins.json into net.minecraft.world.level.saveddata.maps.MapItemSavedData
[18:50:34] [Server thread/DEBUG] (FabricLoader/Mixin) moonlight-common.mixins.json:MapDataMixin from mod moonlight: Class version 65 required is higher than the class version supported by the current version of Mixin (JAVA_17 supports class version 61)
[18:50:34] [Server thread/DEBUG] (FabricLoader/Mixin) Renaming synthetic method lambda$save$5(Lnet/minecraft/nbt/CompoundTag;Lnet/minecraft/core/HolderLookup$Provider;Lnet/mehvahdjukaar/moonlight/api/map/CustomMapData$Type;Lnet/mehvahdjukaar/moonlight/api/map/CustomMapData;)V to md310282$moonlight$lambda$save$5$0 in moonlight-common.mixins.json:MapDataMixin from mod moonlight
[18:50:34] [Server thread/DEBUG] (FabricLoader/Mixin) Renaming synthetic method lambda$load$4(Lnet/minecraft/nbt/CompoundTag;Lnet/minecraft/core/HolderLookup$Provider;Lnet/mehvahdjukaar/moonlight/api/map/CustomMapData;)V to md310282$moonlight$lambda$load$4$1 in moonlight-common.mixins.json:MapDataMixin from mod moonlight
[18:50:34] [Server thread/DEBUG] (FabricLoader/Mixin) Renaming synthetic method lambda$load$3(Lnet/mehvahdjukaar/moonlight/api/map/ExpandedMapData;Lnet/mehvahdjukaar/moonlight/api/map/decoration/MLMapMarker;)V to md310282$moonlight$lambda$load$3$2 in moonlight-common.mixins.json:MapDataMixin from mod moonlight
[18:50:34] [Server thread/DEBUG] (FabricLoader/Mixin) Renaming synthetic method lambda$load$2(Ljava/lang/String;)V to md310282$moonlight$lambda$load$2$3 in moonlight-common.mixins.json:MapDataMixin from mod moonlight
[18:50:34] [Server thread/DEBUG] (FabricLoader/Mixin) Renaming synthetic method lambda$ml$setCustomDataDirty$1(Lnet/mehvahdjukaar/moonlight/api/map/CustomMapData$Type;Ljava/util/function/Consumer;Lnet/minecraft/world/level/saveddata/maps/MapItemSavedData$HoldingPlayer;)V to md310282$moonlight$lambda$ml$setCustomDataDirty$1$4 in moonlight-common.mixins.json:MapDataMixin from mod moonlight
[18:50:34] [Server thread/DEBUG] (FabricLoader/Mixin) Renaming synthetic method lambda$ml$setCustomDecorationsDirty$0(Lnet/minecraft/world/level/saveddata/maps/MapItemSavedData$HoldingPlayer;)V to md310282$moonlight$lambda$ml$setCustomDecorationsDirty$0$5 in moonlight-common.mixins.json:MapDataMixin from mod moonlight
[18:50:34] [Server thread/DEBUG] (FabricLoader/Mixin) moonlight-common.mixins.json:MapDataMixin from mod moonlight->@Inject::locked(Lorg/spongepowered/asm/mixin/injection/callback/CallbackInfoReturnable;)V does use it's CallbackInfoReturnable
[18:50:34] [Server thread/DEBUG] (FabricLoader/Mixin) moonlight-common.mixins.json:MapDataMixin from mod moonlight->@Inject::scaled(Lorg/spongepowered/asm/mixin/injection/callback/CallbackInfoReturnable;)V does use it's CallbackInfoReturnable
[18:50:34] [Server thread/DEBUG] (FabricLoader/Mixin) moonlight-common.mixins.json:MapDataMixin from mod moonlight->@Inject::tickCarriedBy(Lnet/minecraft/world/entity/player/Player;Lnet/minecraft/world/item/ItemStack;Lorg/spongepowered/asm/mixin/injection/callback/CallbackInfo;)V doesn't use it's CallbackInfo
[18:50:34] [Server thread/DEBUG] (FabricLoader/Mixin) moonlight-common.mixins.json:MapDataMixin from mod moonlight->@Inject::tickCarriedBy(Lnet/minecraft/world/entity/player/Player;Lnet/minecraft/world/item/ItemStack;Lorg/spongepowered/asm/mixin/injection/callback/CallbackInfo;)V has 0 override(s) in child classes
[18:50:34] [Server thread/DEBUG] (FabricLoader/Mixin) moonlight-common.mixins.json:MapDataMixin from mod moonlight->@Inject::tickCarriedBy(Lnet/minecraft/world/entity/player/Player;Lnet/minecraft/world/item/ItemStack;Lorg/spongepowered/asm/mixin/injection/callback/CallbackInfo;)V won't be passed a CallbackInfo as a result
[18:50:34] [Server thread/DEBUG] (FabricLoader/Mixin) moonlight-common.mixins.json:MapDataMixin from mod moonlight->@Inject::load(Lnet/minecraft/nbt/CompoundTag;Lnet/minecraft/core/HolderLookup$Provider;Lorg/spongepowered/asm/mixin/injection/callback/CallbackInfoReturnable;)V does use it's CallbackInfoReturnable
[18:50:34] [Server thread/DEBUG] (FabricLoader/Mixin) moonlight-common.mixins.json:MapDataMixin from mod moonlight->@Inject::save(Lnet/minecraft/nbt/CompoundTag;Lnet/minecraft/core/HolderLookup$Provider;Lorg/spongepowered/asm/mixin/injection/callback/CallbackInfoReturnable;)V does use it's CallbackInfoReturnable
[18:50:34] [Server thread/DEBUG] (FabricLoader/Mixin) moonlight-common.mixins.json:MapDataMixin from mod moonlight->@Inject::checkCustomDeco(Lnet/minecraft/world/level/BlockGetter;IILorg/spongepowered/asm/mixin/injection/callback/CallbackInfo;)V doesn't use it's CallbackInfo
[18:50:34] [Server thread/DEBUG] (FabricLoader/Mixin) moonlight-common.mixins.json:MapDataMixin from mod moonlight->@Inject::checkCustomDeco(Lnet/minecraft/world/level/BlockGetter;IILorg/spongepowered/asm/mixin/injection/callback/CallbackInfo;)V has 0 override(s) in child classes
[18:50:34] [Server thread/DEBUG] (FabricLoader/Mixin) moonlight-common.mixins.json:MapDataMixin from mod moonlight->@Inject::checkCustomDeco(Lnet/minecraft/world/level/BlockGetter;IILorg/spongepowered/asm/mixin/injection/callback/CallbackInfo;)V won't be passed a CallbackInfo as a result
[18:50:34] [Server thread/DEBUG] (FabricLoader/Mixin) moonlight-common.mixins.json:MapDataMixin from mod moonlight->@Inject::initCustomData(IIBZZZLnet/minecraft/resources/ResourceKey;Lorg/spongepowered/asm/mixin/injection/callback/CallbackInfo;)V doesn't use it's CallbackInfo
[18:50:34] [Server thread/DEBUG] (FabricLoader/Mixin) moonlight-common.mixins.json:MapDataMixin from mod moonlight->@Inject::initCustomData(IIBZZZLnet/minecraft/resources/ResourceKey;Lorg/spongepowered/asm/mixin/injection/callback/CallbackInfo;)V has 0 override(s) in child classes
[18:50:34] [Server thread/DEBUG] (FabricLoader/Mixin) moonlight-common.mixins.json:MapDataMixin from mod moonlight->@Inject::initCustomData(IIBZZZLnet/minecraft/resources/ResourceKey;Lorg/spongepowered/asm/mixin/injection/callback/CallbackInfo;)V won't be passed a CallbackInfo as a result
[18:50:34] [Server thread/DEBUG] (FabricLoader/Mixin) Mixing ServerWorldServerEntityHandlerMixin from fabric-lifecycle-events-v1.mixins.json into net.minecraft.server.level.ServerLevel$EntityCallbacks
[18:50:34] [Server thread/DEBUG] (FabricLoader/Mixin) fabric-lifecycle-events-v1.mixins.json:ServerWorldServerEntityHandlerMixin from mod fabric-lifecycle-events-v1: Class version 65 required is higher than the class version supported by the current version of Mixin (JAVA_17 supports class version 61)
[18:50:34] [Server thread/DEBUG] (FabricLoader/Mixin) fabric-lifecycle-events-v1.mixins.json:ServerWorldServerEntityHandlerMixin from mod fabric-lifecycle-events-v1->@Inject::invokeEntityLoadEvent(Lnet/minecraft/world/entity/Entity;Lorg/spongepowered/asm/mixin/injection/callback/CallbackInfo;)V doesn't use it's CallbackInfo
[18:50:34] [Server thread/DEBUG] (FabricLoader/Mixin) fabric-lifecycle-events-v1.mixins.json:ServerWorldServerEntityHandlerMixin from mod fabric-lifecycle-events-v1->@Inject::invokeEntityUnloadEvent(Lnet/minecraft/world/entity/Entity;Lorg/spongepowered/asm/mixin/injection/callback/CallbackInfo;)V doesn't use it's CallbackInfo
[18:50:34] [Server thread/DEBUG] (FabricLoader/Mixin) Mixing PersistentStateManagerMixin from fabric-object-builder-v1.mixins.json into net.minecraft.world.level.storage.DimensionDataStorage
[18:50:34] [Server thread/DEBUG] (FabricLoader/Mixin) fabric-object-builder-v1.mixins.json:PersistentStateManagerMixin from mod fabric-object-builder-api-v1: Class version 65 required is higher than the class version supported by the current version of Mixin (JAVA_17 supports class version 61)
[18:50:34] [Server thread/DEBUG] (FabricLoader/Mixin) Mixing accessor.ServerChunkLoadingManagerAccessor from fabric-networking-api-v1.mixins.json into net.minecraft.server.level.ChunkMap
[18:50:34] [Server thread/DEBUG] (FabricLoader/Mixin) fabric-networking-api-v1.mixins.json:accessor.ServerChunkLoadingManagerAccessor from mod fabric-networking-api-v1: Class version 65 required is higher than the class version supported by the current version of Mixin (JAVA_17 supports class version 61)
[18:50:34] [Server thread/DEBUG] (FabricLoader/Mixin) Mixing ServerChunkLoadingManagerMixin from fabric-lifecycle-events-v1.mixins.json into net.minecraft.server.level.ChunkMap
[18:50:34] [Server thread/DEBUG] (FabricLoader/Mixin) fabric-lifecycle-events-v1.mixins.json:ServerChunkLoadingManagerMixin from mod fabric-lifecycle-events-v1: Class version 65 required is higher than the class version supported by the current version of Mixin (JAVA_17 supports class version 61)
[18:50:34] [Server thread/DEBUG] (FabricLoader/Mixin) fabric-lifecycle-events-v1.mixins.json:ServerChunkLoadingManagerMixin from mod fabric-lifecycle-events-v1->@Inject::onChunkUnload(Lnet/minecraft/server/level/ChunkHolder;JLorg/spongepowered/asm/mixin/injection/callback/CallbackInfo;)V doesn't use it's CallbackInfo
[18:50:34] [Server thread/DEBUG] (FabricLoader/Mixin) fabric-lifecycle-events-v1.mixins.json:ServerChunkLoadingManagerMixin from mod fabric-lifecycle-events-v1->@Inject::onChunkUnload(Lnet/minecraft/server/level/ChunkHolder;JLorg/spongepowered/asm/mixin/injection/callback/CallbackInfo;)V has 0 override(s) in child classes
[18:50:34] [Server thread/DEBUG] (FabricLoader/Mixin) fabric-lifecycle-events-v1.mixins.json:ServerChunkLoadingManagerMixin from mod fabric-lifecycle-events-v1->@Inject::onChunkUnload(Lnet/minecraft/server/level/ChunkHolder;JLorg/spongepowered/asm/mixin/injection/callback/CallbackInfo;)V won't be passed a CallbackInfo as a result
[18:50:34] [Server thread/DEBUG] (FabricLoader/Mixin) Mixing ChunkHolderMixin from fabric-lifecycle-events-v1.mixins.json into net.minecraft.server.level.ChunkHolder
[18:50:34] [Server thread/DEBUG] (FabricLoader/Mixin) fabric-lifecycle-events-v1.mixins.json:ChunkHolderMixin from mod fabric-lifecycle-events-v1: Class version 65 required is higher than the class version supported by the current version of Mixin (JAVA_17 supports class version 61)
[18:50:34] [Server thread/DEBUG] (FabricLoader/Mixin) fabric-lifecycle-events-v1.mixins.json:ChunkHolderMixin from mod fabric-lifecycle-events-v1->@Inject::updateFutures$inaccessibleToFull(Lnet/minecraft/server/level/ChunkMap;Ljava/util/concurrent/Executor;Lorg/spongepowered/asm/mixin/injection/callback/CallbackInfo;)V doesn't use it's CallbackInfo
[18:50:34] [Server thread/DEBUG] (FabricLoader/Mixin) fabric-lifecycle-events-v1.mixins.json:ChunkHolderMixin from mod fabric-lifecycle-events-v1->@Inject::updateFutures$inaccessibleToFull(Lnet/minecraft/server/level/ChunkMap;Ljava/util/concurrent/Executor;Lorg/spongepowered/asm/mixin/injection/callback/CallbackInfo;)V has 0 override(s) in child classes
[18:50:34] [Server thread/DEBUG] (FabricLoader/Mixin) fabric-lifecycle-events-v1.mixins.json:ChunkHolderMixin from mod fabric-lifecycle-events-v1->@Inject::updateFutures$inaccessibleToFull(Lnet/minecraft/server/level/ChunkMap;Ljava/util/concurrent/Executor;Lorg/spongepowered/asm/mixin/injection/callback/CallbackInfo;)V won't be passed a CallbackInfo as a result
[18:50:34] [Server thread/DEBUG] (FabricLoader/Mixin) fabric-lifecycle-events-v1.mixins.json:ChunkHolderMixin from mod fabric-lifecycle-events-v1->@Inject::updateFutures$fullToBlockTicking(Lnet/minecraft/server/level/ChunkMap;Ljava/util/concurrent/Executor;Lorg/spongepowered/asm/mixin/injection/callback/CallbackInfo;)V doesn't use it's CallbackInfo
[18:50:34] [Server thread/DEBUG] (FabricLoader/Mixin) fabric-lifecycle-events-v1.mixins.json:ChunkHolderMixin from mod fabric-lifecycle-events-v1->@Inject::updateFutures$fullToBlockTicking(Lnet/minecraft/server/level/ChunkMap;Ljava/util/concurrent/Executor;Lorg/spongepowered/asm/mixin/injection/callback/CallbackInfo;)V has 0 override(s) in child classes
[18:50:34] [Server thread/DEBUG] (FabricLoader/Mixin) fabric-lifecycle-events-v1.mixins.json:ChunkHolderMixin from mod fabric-lifecycle-events-v1->@Inject::updateFutures$fullToBlockTicking(Lnet/minecraft/server/level/ChunkMap;Ljava/util/concurrent/Executor;Lorg/spongepowered/asm/mixin/injection/callback/CallbackInfo;)V won't be passed a CallbackInfo as a result
[18:50:34] [Server thread/DEBUG] (FabricLoader/Mixin) fabric-lifecycle-events-v1.mixins.json:ChunkHolderMixin from mod fabric-lifecycle-events-v1->@Inject::updateFutures$blockTickingToEntityTicking(Lnet/minecraft/server/level/ChunkMap;Ljava/util/concurrent/Executor;Lorg/spongepowered/asm/mixin/injection/callback/CallbackInfo;)V doesn't use it's CallbackInfo
[18:50:34] [Server thread/DEBUG] (FabricLoader/Mixin) fabric-lifecycle-events-v1.mixins.json:ChunkHolderMixin from mod fabric-lifecycle-events-v1->@Inject::updateFutures$blockTickingToEntityTicking(Lnet/minecraft/server/level/ChunkMap;Ljava/util/concurrent/Executor;Lorg/spongepowered/asm/mixin/injection/callback/CallbackInfo;)V has 0 override(s) in child classes
[18:50:34] [Server thread/DEBUG] (FabricLoader/Mixin) fabric-lifecycle-events-v1.mixins.json:ChunkHolderMixin from mod fabric-lifecycle-events-v1->@Inject::updateFutures$blockTickingToEntityTicking(Lnet/minecraft/server/level/ChunkMap;Ljava/util/concurrent/Executor;Lorg/spongepowered/asm/mixin/injection/callback/CallbackInfo;)V won't be passed a CallbackInfo as a result
[18:50:34] [Server thread/DEBUG] (FabricLoader/Mixin) fabric-lifecycle-events-v1.mixins.json:ChunkHolderMixin from mod fabric-lifecycle-events-v1->@Inject::decreaseLevel(Lnet/minecraft/server/level/ChunkMap;Lnet/minecraft/server/level/FullChunkStatus;Lorg/spongepowered/asm/mixin/injection/callback/CallbackInfo;)V doesn't use it's CallbackInfo
[18:50:34] [Server thread/DEBUG] (FabricLoader/Mixin) fabric-lifecycle-events-v1.mixins.json:ChunkHolderMixin from mod fabric-lifecycle-events-v1->@Inject::decreaseLevel(Lnet/minecraft/server/level/ChunkMap;Lnet/minecraft/server/level/FullChunkStatus;Lorg/spongepowered/asm/mixin/injection/callback/CallbackInfo;)V has 0 override(s) in child classes
[18:50:34] [Server thread/DEBUG] (FabricLoader/Mixin) fabric-lifecycle-events-v1.mixins.json:ChunkHolderMixin from mod fabric-lifecycle-events-v1->@Inject::decreaseLevel(Lnet/minecraft/server/level/ChunkMap;Lnet/minecraft/server/level/FullChunkStatus;Lorg/spongepowered/asm/mixin/injection/callback/CallbackInfo;)V won't be passed a CallbackInfo as a result
[18:50:34] [Server thread/DEBUG] (FabricLoader/Mixin) Mixing NoiseConfigMixin from fabric-biome-api-v1.mixins.json into net.minecraft.world.level.levelgen.RandomState
[18:50:34] [Server thread/DEBUG] (FabricLoader/Mixin) fabric-biome-api-v1.mixins.json:NoiseConfigMixin from mod fabric-biome-api-v1: Class version 65 required is higher than the class version supported by the current version of Mixin (JAVA_17 supports class version 61)
[18:50:34] [Server thread/DEBUG] (FabricLoader/Mixin) fabric-biome-api-v1.mixins.json:NoiseConfigMixin from mod fabric-biome-api-v1->@Inject::init(Lnet/minecraft/world/level/levelgen/NoiseGeneratorSettings;Lnet/minecraft/core/HolderGetter;JLorg/spongepowered/asm/mixin/injection/callback/CallbackInfo;)V doesn't use it's CallbackInfo
[18:50:34] [Server thread/DEBUG] (FabricLoader/Mixin) Mixing SurfaceBuilderMixin from naturespirit.mixins.json into net.minecraft.world.level.levelgen.SurfaceSystem
[18:50:34] [Server thread/DEBUG] (FabricLoader/Mixin) naturespirit.mixins.json:SurfaceBuilderMixin from mod natures_spirit->@Inject::injectNoise(Lnet/minecraft/world/level/levelgen/RandomState;Lnet/minecraft/world/level/block/state/BlockState;ILnet/minecraft/world/level/levelgen/PositionalRandomFactory;Lorg/spongepowered/asm/mixin/injection/callback/CallbackInfo;)V doesn't use it's CallbackInfo
[18:50:34] [Server thread/DEBUG] (FabricLoader/Mixin) naturespirit.mixins.json:SurfaceBuilderMixin from mod natures_spirit->@Inject::injectNoise(Lnet/minecraft/world/level/levelgen/RandomState;Lnet/minecraft/world/level/block/state/BlockState;ILnet/minecraft/world/level/levelgen/PositionalRandomFactory;Lorg/spongepowered/asm/mixin/injection/callback/CallbackInfo;)V has 0 override(s) in child classes
[18:50:34] [Server thread/DEBUG] (FabricLoader/Mixin) naturespirit.mixins.json:SurfaceBuilderMixin from mod natures_spirit->@Inject::injectNoise(Lnet/minecraft/world/level/levelgen/RandomState;Lnet/minecraft/world/level/block/state/BlockState;ILnet/minecraft/world/level/levelgen/PositionalRandomFactory;Lorg/spongepowered/asm/mixin/injection/callback/CallbackInfo;)V won't be passed a CallbackInfo as a result
[18:50:34] [Server thread/DEBUG] (FabricLoader/Mixin) naturespirit.mixins.json:SurfaceBuilderMixin from mod natures_spirit->@Inject::injectPillars(Lnet/minecraft/world/level/levelgen/RandomState;Lnet/minecraft/world/level/biome/BiomeManager;Lnet/minecraft/core/Registry;ZLnet/minecraft/world/level/levelgen/WorldGenerationContext;Lnet/minecraft/world/level/chunk/ChunkAccess;Lnet/minecraft/world/level/levelgen/NoiseChunk;Lnet/minecraft/world/level/levelgen/SurfaceRules$RuleSource;Lorg/spongepowered/asm/mixin/injection/callback/CallbackInfo;)V doesn't use it's CallbackInfo
[18:50:34] [Server thread/DEBUG] (FabricLoader/Mixin) naturespirit.mixins.json:SurfaceBuilderMixin from mod natures_spirit->@Inject::injectPillars(Lnet/minecraft/world/level/levelgen/RandomState;Lnet/minecraft/world/level/biome/BiomeManager;Lnet/minecraft/core/Registry;ZLnet/minecraft/world/level/levelgen/WorldGenerationContext;Lnet/minecraft/world/level/chunk/ChunkAccess;Lnet/minecraft/world/level/levelgen/NoiseChunk;Lnet/minecraft/world/level/levelgen/SurfaceRules$RuleSource;Lorg/spongepowered/asm/mixin/injection/callback/CallbackInfo;)V has 0 override(s) in child classes
[18:50:34] [Server thread/DEBUG] (FabricLoader/Mixin) naturespirit.mixins.json:SurfaceBuilderMixin from mod natures_spirit->@Inject::injectPillars(Lnet/minecraft/world/level/levelgen/RandomState;Lnet/minecraft/world/level/biome/BiomeManager;Lnet/minecraft/core/Registry;ZLnet/minecraft/world/level/levelgen/WorldGenerationContext;Lnet/minecraft/world/level/chunk/ChunkAccess;Lnet/minecraft/world/level/levelgen/NoiseChunk;Lnet/minecraft/world/level/levelgen/SurfaceRules$RuleSource;Lorg/spongepowered/asm/mixin/injection/callback/CallbackInfo;)V won't be passed a CallbackInfo as a result
[18:50:34] [Server thread/DEBUG] (FabricLoader/Mixin) Mixing MultiNoiseUtilMultiNoiseSamplerMixin from fabric-biome-api-v1.mixins.json into net.minecraft.world.level.biome.Climate$Sampler
[18:50:34] [Server thread/DEBUG] (FabricLoader/Mixin) fabric-biome-api-v1.mixins.json:MultiNoiseUtilMultiNoiseSamplerMixin from mod fabric-biome-api-v1: Class version 65 required is higher than the class version supported by the current version of Mixin (JAVA_17 supports class version 61)
[18:50:36] [Server thread/INFO] (net.minecraft.server.MinecraftServer) Preparing start region for dimension minecraft:overworld
[18:50:36] [Server thread/DEBUG] (FabricLoader/Mixin) Mixing ChunkSerializerMixin from fabric-data-attachment-api-v1.mixins.json into net.minecraft.world.level.chunk.storage.ChunkSerializer
[18:50:36] [Server thread/DEBUG] (FabricLoader/Mixin) fabric-data-attachment-api-v1.mixins.json:ChunkSerializerMixin from mod fabric-data-attachment-api-v1: Class version 65 required is higher than the class version supported by the current version of Mixin (JAVA_17 supports class version 61)
[18:50:36] [Server thread/DEBUG] (FabricLoader/Mixin) Mixing ChunkSerializerMixin from fabric-registry-sync-v0.mixins.json into net.minecraft.world.level.chunk.storage.ChunkSerializer
[18:50:36] [Server thread/DEBUG] (FabricLoader/Mixin) fabric-registry-sync-v0.mixins.json:ChunkSerializerMixin from mod fabric-registry-sync-v0: Class version 65 required is higher than the class version supported by the current version of Mixin (JAVA_17 supports class version 61)
[18:50:36] [Server thread/DEBUG] (FabricLoader/Mixin) fabric-data-attachment-api-v1.mixins.json:ChunkSerializerMixin from mod fabric-data-attachment-api-v1->@Inject::writeChunkAttachments(Lnet/minecraft/server/level/ServerLevel;Lnet/minecraft/world/level/chunk/ChunkAccess;Lorg/spongepowered/asm/mixin/injection/callback/CallbackInfoReturnable;)V does use it's CallbackInfoReturnable
[18:50:36] [Server thread/DEBUG] (FabricLoader/Mixin) Mixing WrapperProtoChunkMixin from fabric-data-attachment-api-v1.mixins.json into net.minecraft.world.level.chunk.ImposterProtoChunk
[18:50:36] [Server thread/DEBUG] (FabricLoader/Mixin) fabric-data-attachment-api-v1.mixins.json:WrapperProtoChunkMixin from mod fabric-data-attachment-api-v1: Class version 65 required is higher than the class version supported by the current version of Mixin (JAVA_17 supports class version 61)
[18:50:36] [Server thread/DEBUG] (FabricLoader/Mixin) Mixing ChunkSectionMixin from fabric-block-api-v1.mixins.json into net.minecraft.world.level.chunk.LevelChunkSection
[18:50:36] [Server thread/DEBUG] (FabricLoader/Mixin) fabric-block-api-v1.mixins.json:ChunkSectionMixin from mod fabric-block-api-v1: Class version 65 required is higher than the class version supported by the current version of Mixin (JAVA_17 supports class version 61)
[18:50:36] [Server thread/DEBUG] (FabricLoader/Mixin) Mixing ChunkSectionBlockStateCounterMixin from fabric-block-api-v1.mixins.json into net.minecraft.world.level.chunk.LevelChunkSection$1BlockCounter
[18:50:36] [Server thread/DEBUG] (FabricLoader/Mixin) fabric-block-api-v1.mixins.json:ChunkSectionBlockStateCounterMixin from mod fabric-block-api-v1: Class version 65 required is higher than the class version supported by the current version of Mixin (JAVA_17 supports class version 61)
[18:50:36] [Render thread/INFO] (net.minecraft.server.level.progress.LoggerChunkProgressListener) Preparing spawn area: 0%
[18:50:36] [Server thread/DEBUG] (FabricLoader/Mixin) Mixing DebugPacketsMixin from moonlight-common.mixins.json into net.minecraft.network.protocol.game.DebugPackets
[18:50:36] [Server thread/DEBUG] (FabricLoader/Mixin) moonlight-common.mixins.json:DebugPacketsMixin from mod moonlight: Class version 65 required is higher than the class version supported by the current version of Mixin (JAVA_17 supports class version 61)
[18:50:36] [Server thread/DEBUG] (FabricLoader/Mixin) moonlight-common.mixins.json:DebugPacketsMixin from mod moonlight->@Inject::ml$sendPathfindingDebug(Lnet/minecraft/world/level/Level;Lnet/minecraft/world/entity/Mob;Lnet/minecraft/world/level/pathfinder/Path;FLorg/spongepowered/asm/mixin/injection/callback/CallbackInfo;)V doesn't use it's CallbackInfo
[18:50:36] [Server thread/DEBUG] (FabricLoader/Mixin) moonlight-common.mixins.json:DebugPacketsMixin from mod moonlight->@Inject::ml$neighborUpdatesDebug(Lnet/minecraft/world/level/Level;Lnet/minecraft/core/BlockPos;Lorg/spongepowered/asm/mixin/injection/callback/CallbackInfo;)V doesn't use it's CallbackInfo
[18:50:36] [Server thread/DEBUG] (FabricLoader/Mixin) moonlight-common.mixins.json:DebugPacketsMixin from mod moonlight->@Inject::ml$gameEvent(Lnet/minecraft/world/level/Level;Lnet/minecraft/core/Holder;Lnet/minecraft/world/phys/Vec3;Lorg/spongepowered/asm/mixin/injection/callback/CallbackInfo;)V doesn't use it's CallbackInfo
[18:50:36] [Server thread/DEBUG] (FabricLoader/Mixin) moonlight-common.mixins.json:DebugPacketsMixin from mod moonlight->@Inject::ml$gameEventListener(Lnet/minecraft/world/level/Level;Lnet/minecraft/world/level/gameevent/GameEventListener;Lorg/spongepowered/asm/mixin/injection/callback/CallbackInfo;)V doesn't use it's CallbackInfo
[18:50:36] [Server thread/DEBUG] (FabricLoader/Mixin) moonlight-common.mixins.json:DebugPacketsMixin from mod moonlight->@Inject::ml$breeze(Lnet/minecraft/world/entity/monster/breeze/Breeze;Lorg/spongepowered/asm/mixin/injection/callback/CallbackInfo;)V doesn't use it's CallbackInfo
[18:50:36] [Server thread/DEBUG] (FabricLoader/Mixin) moonlight-common.mixins.json:DebugPacketsMixin from mod moonlight->@Inject::ml$goalDebug(Lnet/minecraft/world/level/Level;Lnet/minecraft/world/entity/Mob;Lnet/minecraft/world/entity/ai/goal/GoalSelector;Lorg/spongepowered/asm/mixin/injection/callback/CallbackInfo;)V doesn't use it's CallbackInfo
[18:50:36] [Server thread/DEBUG] (FabricLoader/Mixin) moonlight-common.mixins.json:DebugPacketsMixin from mod moonlight->@Inject::ml$StructureDebug(Lnet/minecraft/world/level/WorldGenLevel;Lnet/minecraft/world/level/levelgen/structure/StructureStart;Lorg/spongepowered/asm/mixin/injection/callback/CallbackInfo;)V doesn't use it's CallbackInfo
[18:50:36] [Server thread/DEBUG] (FabricLoader/Mixin) Mixing accessor.BrainAccessor from moonlight-common.mixins.json into net.minecraft.world.entity.ai.Brain
[18:50:36] [Server thread/DEBUG] (FabricLoader/Mixin) moonlight-common.mixins.json:accessor.BrainAccessor from mod moonlight: Class version 65 required is higher than the class version supported by the current version of Mixin (JAVA_17 supports class version 61)
[18:50:36] [Server thread/DEBUG] (FabricLoader/Mixin) Mixing LandPathNodeMakerMixin from fabric-content-registries-v0.mixins.json into net.minecraft.world.level.pathfinder.WalkNodeEvaluator
[18:50:36] [Server thread/DEBUG] (FabricLoader/Mixin) fabric-content-registries-v0.mixins.json:LandPathNodeMakerMixin from mod fabric-content-registries-v0: Class version 65 required is higher than the class version supported by the current version of Mixin (JAVA_17 supports class version 61)
[18:50:36] [Server thread/DEBUG] (FabricLoader/Mixin) fabric-content-registries-v0.mixins.json:LandPathNodeMakerMixin from mod fabric-content-registries-v0->@Inject::getCommonNodeType(Lnet/minecraft/world/level/BlockGetter;Lnet/minecraft/core/BlockPos;Lorg/spongepowered/asm/mixin/injection/callback/CallbackInfoReturnable;)V does use it's CallbackInfoReturnable
[18:50:36] [Render thread/INFO] (net.minecraft.server.level.progress.LoggerChunkProgressListener) Time elapsed: 545 ms
[18:50:36] [Server thread/WARN] (net.fabricmc.fabric.impl.tag.convention.v2.TranslationConventionLogWarnings) 
	Dev warning - Untranslated Item Tags detected. Please translate your item tags so other mods such as recipe viewers can properly display your tag's name.
	The format desired is tag.item.<namespace>.<path> for the translation key with slashes in path turned into periods.
	To disable this message, set this system property in your runs: `-Dfabric-tag-conventions-v2.missingTagTranslationWarning=SILENCED`.
	To see individual untranslated item tags found, set the system property to `-Dfabric-tag-conventions-v2.missingTagTranslationWarning=VERBOSE`.
	Default is `SHORT`.

[18:50:37] [Server thread/DEBUG] (FabricLoader/Mixin) Mixing accessor.EntityTrackerAccessor from fabric-networking-api-v1.mixins.json into net.minecraft.server.level.ChunkMap$TrackedEntity
[18:50:37] [Server thread/DEBUG] (FabricLoader/Mixin) fabric-networking-api-v1.mixins.json:accessor.EntityTrackerAccessor from mod fabric-networking-api-v1: Class version 65 required is higher than the class version supported by the current version of Mixin (JAVA_17 supports class version 61)
[18:50:37] [Server thread/DEBUG] (FabricLoader/Mixin) Mixing EntityTrackerEntryMixin from fabric-networking-api-v1.mixins.json into net.minecraft.server.level.ServerEntity
[18:50:37] [Server thread/DEBUG] (FabricLoader/Mixin) fabric-networking-api-v1.mixins.json:EntityTrackerEntryMixin from mod fabric-networking-api-v1: Class version 65 required is higher than the class version supported by the current version of Mixin (JAVA_17 supports class version 61)
[18:50:37] [Server thread/DEBUG] (FabricLoader/Mixin) Mixing EntityTrackerEntryMixin from fabric-data-attachment-api-v1.mixins.json into net.minecraft.server.level.ServerEntity
[18:50:37] [Server thread/DEBUG] (FabricLoader/Mixin) fabric-data-attachment-api-v1.mixins.json:EntityTrackerEntryMixin from mod fabric-data-attachment-api-v1: Class version 65 required is higher than the class version supported by the current version of Mixin (JAVA_17 supports class version 61)
[18:50:37] [Server thread/DEBUG] (FabricLoader/Mixin) fabric-networking-api-v1.mixins.json:EntityTrackerEntryMixin from mod fabric-networking-api-v1->@Inject::onStartTracking(Lnet/minecraft/server/level/ServerPlayer;Lorg/spongepowered/asm/mixin/injection/callback/CallbackInfo;)V doesn't use it's CallbackInfo
[18:50:37] [Server thread/DEBUG] (FabricLoader/Mixin) fabric-networking-api-v1.mixins.json:EntityTrackerEntryMixin from mod fabric-networking-api-v1->@Inject::onStartTracking(Lnet/minecraft/server/level/ServerPlayer;Lorg/spongepowered/asm/mixin/injection/callback/CallbackInfo;)V has 0 override(s) in child classes
[18:50:37] [Server thread/DEBUG] (FabricLoader/Mixin) fabric-networking-api-v1.mixins.json:EntityTrackerEntryMixin from mod fabric-networking-api-v1->@Inject::onStartTracking(Lnet/minecraft/server/level/ServerPlayer;Lorg/spongepowered/asm/mixin/injection/callback/CallbackInfo;)V won't be passed a CallbackInfo as a result
[18:50:37] [Server thread/DEBUG] (FabricLoader/Mixin) fabric-networking-api-v1.mixins.json:EntityTrackerEntryMixin from mod fabric-networking-api-v1->@Inject::onStopTracking(Lnet/minecraft/server/level/ServerPlayer;Lorg/spongepowered/asm/mixin/injection/callback/CallbackInfo;)V doesn't use it's CallbackInfo
[18:50:37] [Server thread/DEBUG] (FabricLoader/Mixin) fabric-networking-api-v1.mixins.json:EntityTrackerEntryMixin from mod fabric-networking-api-v1->@Inject::onStopTracking(Lnet/minecraft/server/level/ServerPlayer;Lorg/spongepowered/asm/mixin/injection/callback/CallbackInfo;)V has 0 override(s) in child classes
[18:50:37] [Server thread/DEBUG] (FabricLoader/Mixin) fabric-networking-api-v1.mixins.json:EntityTrackerEntryMixin from mod fabric-networking-api-v1->@Inject::onStopTracking(Lnet/minecraft/server/level/ServerPlayer;Lorg/spongepowered/asm/mixin/injection/callback/CallbackInfo;)V won't be passed a CallbackInfo as a result
[18:50:37] [Server thread/DEBUG] (FabricLoader/Mixin) fabric-data-attachment-api-v1.mixins.json:EntityTrackerEntryMixin from mod fabric-data-attachment-api-v1->@Inject::syncAttachmentsAfterSpawn(Lnet/minecraft/server/level/ServerPlayer;Lorg/spongepowered/asm/mixin/injection/callback/CallbackInfo;)V doesn't use it's CallbackInfo
[18:50:37] [Server thread/DEBUG] (FabricLoader/Mixin) fabric-data-attachment-api-v1.mixins.json:EntityTrackerEntryMixin from mod fabric-data-attachment-api-v1->@Inject::syncAttachmentsAfterSpawn(Lnet/minecraft/server/level/ServerPlayer;Lorg/spongepowered/asm/mixin/injection/callback/CallbackInfo;)V has 0 override(s) in child classes
[18:50:37] [Server thread/DEBUG] (FabricLoader/Mixin) fabric-data-attachment-api-v1.mixins.json:EntityTrackerEntryMixin from mod fabric-data-attachment-api-v1->@Inject::syncAttachmentsAfterSpawn(Lnet/minecraft/server/level/ServerPlayer;Lorg/spongepowered/asm/mixin/injection/callback/CallbackInfo;)V won't be passed a CallbackInfo as a result
[18:50:37] [Server thread/INFO] (net.minecraft.client.server.IntegratedServer) Changing view distance to 12, from 10
[18:50:37] [Server thread/INFO] (net.minecraft.client.server.IntegratedServer) Changing simulation distance to 12, from 0
[18:50:37] [Server thread/DEBUG] (FabricLoader/Mixin) Mixing EnchantmentHelperMixin from fabric-item-api-v1.mixins.json into net.minecraft.world.item.enchantment.EnchantmentHelper
[18:50:37] [Server thread/DEBUG] (FabricLoader/Mixin) fabric-item-api-v1.mixins.json:EnchantmentHelperMixin from mod fabric-item-api-v1: Class version 65 required is higher than the class version supported by the current version of Mixin (JAVA_17 supports class version 61)
[18:50:37] [Render thread/DEBUG] (io.netty.channel.MultithreadEventLoopGroup) -Dio.netty.eventLoopThreads: 24
[18:50:37] [Render thread/DEBUG] (io.netty.util.concurrent.GlobalEventExecutor) -Dio.netty.globalEventExecutor.quietPeriodSeconds: 1
[18:50:37] [Render thread/DEBUG] (io.netty.util.internal.InternalThreadLocalMap) -Dio.netty.threadLocalMap.stringBuilder.initialSize: 1024
[18:50:37] [Render thread/DEBUG] (io.netty.util.internal.InternalThreadLocalMap) -Dio.netty.threadLocalMap.stringBuilder.maxSize: 4096
[18:50:37] [Render thread/DEBUG] (io.netty.util.internal.PlatformDependent0) -Dio.netty.noUnsafe: false
[18:50:37] [Render thread/DEBUG] (io.netty.util.internal.PlatformDependent0) Java version: 21
[18:50:37] [Render thread/DEBUG] (io.netty.util.internal.PlatformDependent0) sun.misc.Unsafe.theUnsafe: available
[18:50:37] [Render thread/DEBUG] (io.netty.util.internal.PlatformDependent0) sun.misc.Unsafe.copyMemory: available
[18:50:37] [Render thread/DEBUG] (io.netty.util.internal.PlatformDependent0) sun.misc.Unsafe.storeFence: available
[18:50:37] [Render thread/DEBUG] (io.netty.util.internal.PlatformDependent0) java.nio.Buffer.address: available
[18:50:37] [Render thread/DEBUG] (io.netty.util.internal.PlatformDependent0) direct buffer constructor: unavailable: Reflective setAccessible(true) disabled
[18:50:37] [Render thread/DEBUG] (io.netty.util.internal.PlatformDependent0) java.nio.Bits.unaligned: available, true
[18:50:37] [Render thread/DEBUG] (io.netty.util.internal.PlatformDependent0) jdk.internal.misc.Unsafe.allocateUninitializedArray(int): unavailable: class io.netty.util.internal.PlatformDependent0$7 cannot access class jdk.internal.misc.Unsafe (in module java.base) because module java.base does not export jdk.internal.misc to unnamed module @a3d8174
[18:50:37] [Render thread/DEBUG] (io.netty.util.internal.PlatformDependent0) java.nio.DirectByteBuffer.<init>(long, {int,long}): unavailable
[18:50:37] [Render thread/DEBUG] (io.netty.util.internal.PlatformDependent) sun.misc.Unsafe: available
[18:50:37] [Render thread/DEBUG] (io.netty.util.internal.PlatformDependent) maxDirectMemory: 4118806528 bytes (maybe)
[18:50:37] [Render thread/DEBUG] (io.netty.util.internal.PlatformDependent) -Dio.netty.tmpdir: C:\Users\HP\AppData\Local\Temp (java.io.tmpdir)
[18:50:37] [Render thread/DEBUG] (io.netty.util.internal.PlatformDependent) -Dio.netty.bitMode: 64 (sun.arch.data.model)
[18:50:37] [Render thread/DEBUG] (io.netty.util.internal.PlatformDependent) Platform: Windows
[18:50:37] [Render thread/DEBUG] (io.netty.util.internal.PlatformDependent) -Dio.netty.maxDirectMemory: -1 bytes
[18:50:37] [Render thread/DEBUG] (io.netty.util.internal.PlatformDependent) -Dio.netty.uninitializedArrayAllocationThreshold: -1
[18:50:37] [Render thread/DEBUG] (io.netty.util.internal.CleanerJava9) java.nio.ByteBuffer.cleaner(): available
[18:50:37] [Render thread/DEBUG] (io.netty.util.internal.PlatformDependent) -Dio.netty.noPreferDirect: false
[18:50:37] [Render thread/DEBUG] (io.netty.channel.nio.NioEventLoop) -Dio.netty.noKeySetOptimization: false
[18:50:37] [Render thread/DEBUG] (io.netty.channel.nio.NioEventLoop) -Dio.netty.selectorAutoRebuildThreshold: 512
[18:50:37] [Render thread/DEBUG] (io.netty.util.internal.PlatformDependent) org.jctools-core.MpscChunkedArrayQueue: available
[18:50:37] [Render thread/DEBUG] (io.netty.channel.DefaultChannelId) -Dio.netty.processId: 6168 (auto-detected)
[18:50:37] [Render thread/DEBUG] (io.netty.util.NetUtil) -Djava.net.preferIPv4Stack: false
[18:50:37] [Render thread/DEBUG] (io.netty.util.NetUtil) -Djava.net.preferIPv6Addresses: false
[18:50:37] [Render thread/DEBUG] (io.netty.util.NetUtilInitializations) Loopback interface: loopback_0 (Software Loopback Interface 1, 0:0:0:0:0:0:0:1)
[18:50:37] [Render thread/DEBUG] (io.netty.util.NetUtil) Failed to get SOMAXCONN from sysctl and file \proc\sys\net\core\somaxconn. Default: 200
[18:50:37] [Render thread/DEBUG] (io.netty.channel.DefaultChannelId) -Dio.netty.machineId: bc:0f:f3:ff:fe:74:91:b4 (auto-detected)
[18:50:37] [Render thread/DEBUG] (io.netty.buffer.PooledByteBufAllocator) -Dio.netty.allocator.numHeapArenas: 24
[18:50:37] [Render thread/DEBUG] (io.netty.buffer.PooledByteBufAllocator) -Dio.netty.allocator.numDirectArenas: 24
[18:50:37] [Render thread/DEBUG] (io.netty.buffer.PooledByteBufAllocator) -Dio.netty.allocator.pageSize: 8192
[18:50:37] [Render thread/DEBUG] (io.netty.buffer.PooledByteBufAllocator) -Dio.netty.allocator.maxOrder: 9
[18:50:37] [Render thread/DEBUG] (io.netty.buffer.PooledByteBufAllocator) -Dio.netty.allocator.chunkSize: 4194304
[18:50:37] [Render thread/DEBUG] (io.netty.buffer.PooledByteBufAllocator) -Dio.netty.allocator.smallCacheSize: 256
[18:50:37] [Render thread/DEBUG] (io.netty.buffer.PooledByteBufAllocator) -Dio.netty.allocator.normalCacheSize: 64
[18:50:37] [Render thread/DEBUG] (io.netty.buffer.PooledByteBufAllocator) -Dio.netty.allocator.maxCachedBufferCapacity: 32768
[18:50:37] [Render thread/DEBUG] (io.netty.buffer.PooledByteBufAllocator) -Dio.netty.allocator.cacheTrimInterval: 8192
[18:50:37] [Render thread/DEBUG] (io.netty.buffer.PooledByteBufAllocator) -Dio.netty.allocator.cacheTrimIntervalMillis: 0
[18:50:37] [Render thread/DEBUG] (io.netty.buffer.PooledByteBufAllocator) -Dio.netty.allocator.useCacheForAllThreads: false
[18:50:37] [Render thread/DEBUG] (io.netty.buffer.PooledByteBufAllocator) -Dio.netty.allocator.maxCachedByteBuffersPerChunk: 1023
[18:50:37] [Render thread/DEBUG] (io.netty.buffer.ByteBufUtil) -Dio.netty.allocator.type: pooled
[18:50:37] [Render thread/DEBUG] (io.netty.buffer.ByteBufUtil) -Dio.netty.threadLocalDirectBufferSize: 0
[18:50:37] [Render thread/DEBUG] (io.netty.buffer.ByteBufUtil) -Dio.netty.maxThreadLocalCharBufferSize: 16384
[18:50:37] [Render thread/DEBUG] (FabricLoader/Mixin) Mixing ingredient.EncoderHandlerMixin from fabric-recipe-api-v1.mixins.json into net.minecraft.network.PacketEncoder
[18:50:37] [Render thread/DEBUG] (FabricLoader/Mixin) fabric-recipe-api-v1.mixins.json:ingredient.EncoderHandlerMixin from mod fabric-recipe-api-v1: Class version 65 required is higher than the class version supported by the current version of Mixin (JAVA_17 supports class version 61)
[18:50:37] [Render thread/DEBUG] (FabricLoader/Mixin) fabric-recipe-api-v1.mixins.json:ingredient.EncoderHandlerMixin from mod fabric-recipe-api-v1->@Inject::capturePacketEncoder(Lio/netty/channel/ChannelHandlerContext;Lnet/minecraft/network/protocol/Packet;Lio/netty/buffer/ByteBuf;Lorg/spongepowered/asm/mixin/injection/callback/CallbackInfo;)V doesn't use it's CallbackInfo
[18:50:37] [Render thread/DEBUG] (FabricLoader/Mixin) fabric-recipe-api-v1.mixins.json:ingredient.EncoderHandlerMixin from mod fabric-recipe-api-v1->@Inject::capturePacketEncoder(Lio/netty/channel/ChannelHandlerContext;Lnet/minecraft/network/protocol/Packet;Lio/netty/buffer/ByteBuf;Lorg/spongepowered/asm/mixin/injection/callback/CallbackInfo;)V has 0 override(s) in child classes
[18:50:37] [Render thread/DEBUG] (FabricLoader/Mixin) fabric-recipe-api-v1.mixins.json:ingredient.EncoderHandlerMixin from mod fabric-recipe-api-v1->@Inject::capturePacketEncoder(Lio/netty/channel/ChannelHandlerContext;Lnet/minecraft/network/protocol/Packet;Lio/netty/buffer/ByteBuf;Lorg/spongepowered/asm/mixin/injection/callback/CallbackInfo;)V won't be passed a CallbackInfo as a result
[18:50:37] [Render thread/DEBUG] (FabricLoader/Mixin) fabric-recipe-api-v1.mixins.json:ingredient.EncoderHandlerMixin from mod fabric-recipe-api-v1->@Inject::releasePacketEncoder(Lio/netty/channel/ChannelHandlerContext;Lnet/minecraft/network/protocol/Packet;Lio/netty/buffer/ByteBuf;Lorg/spongepowered/asm/mixin/injection/callback/CallbackInfo;)V doesn't use it's CallbackInfo
[18:50:37] [Render thread/DEBUG] (FabricLoader/Mixin) fabric-recipe-api-v1.mixins.json:ingredient.EncoderHandlerMixin from mod fabric-recipe-api-v1->@Inject::releasePacketEncoder(Lio/netty/channel/ChannelHandlerContext;Lnet/minecraft/network/protocol/Packet;Lio/netty/buffer/ByteBuf;Lorg/spongepowered/asm/mixin/injection/callback/CallbackInfo;)V has 0 override(s) in child classes
[18:50:37] [Render thread/DEBUG] (FabricLoader/Mixin) fabric-recipe-api-v1.mixins.json:ingredient.EncoderHandlerMixin from mod fabric-recipe-api-v1->@Inject::releasePacketEncoder(Lio/netty/channel/ChannelHandlerContext;Lnet/minecraft/network/protocol/Packet;Lio/netty/buffer/ByteBuf;Lorg/spongepowered/asm/mixin/injection/callback/CallbackInfo;)V won't be passed a CallbackInfo as a result
[18:50:37] [Render thread/DEBUG] (FabricLoader/Mixin) fabric-recipe-api-v1.mixins.json:ingredient.EncoderHandlerMixin from mod fabric-recipe-api-v1->@Inject::releasePacketEncoder(Lio/netty/channel/ChannelHandlerContext;Lnet/minecraft/network/protocol/Packet;Lio/netty/buffer/ByteBuf;Lorg/spongepowered/asm/mixin/injection/callback/CallbackInfo;)V doesn't use it's CallbackInfo
[18:50:37] [Render thread/DEBUG] (FabricLoader/Mixin) fabric-recipe-api-v1.mixins.json:ingredient.EncoderHandlerMixin from mod fabric-recipe-api-v1->@Inject::releasePacketEncoder(Lio/netty/channel/ChannelHandlerContext;Lnet/minecraft/network/protocol/Packet;Lio/netty/buffer/ByteBuf;Lorg/spongepowered/asm/mixin/injection/callback/CallbackInfo;)V has 0 override(s) in child classes
[18:50:37] [Render thread/DEBUG] (FabricLoader/Mixin) fabric-recipe-api-v1.mixins.json:ingredient.EncoderHandlerMixin from mod fabric-recipe-api-v1->@Inject::releasePacketEncoder(Lio/netty/channel/ChannelHandlerContext;Lnet/minecraft/network/protocol/Packet;Lio/netty/buffer/ByteBuf;Lorg/spongepowered/asm/mixin/injection/callback/CallbackInfo;)V won't be passed a CallbackInfo as a result
[18:50:37] [Render thread/DEBUG] (FabricLoader/Mixin) Mixing PacketCodecDispatcherMixin from fabric-networking-api-v1.mixins.json into net.minecraft.network.codec.IdDispatchCodec
[18:50:37] [Render thread/DEBUG] (FabricLoader/Mixin) fabric-networking-api-v1.mixins.json:PacketCodecDispatcherMixin from mod fabric-networking-api-v1: Class version 65 required is higher than the class version supported by the current version of Mixin (JAVA_17 supports class version 61)
[18:50:37] [Render thread/DEBUG] (FabricLoader/Mixin) fabric-networking-api-v1.mixins.json:PacketCodecDispatcherMixin from mod fabric-networking-api-v1->@Inject::encode(Lio/netty/buffer/ByteBuf;Ljava/lang/Object;Lorg/spongepowered/asm/mixin/injection/callback/CallbackInfo;)V doesn't use it's CallbackInfo
[18:50:37] [Render thread/DEBUG] (FabricLoader/Mixin) fabric-networking-api-v1.mixins.json:PacketCodecDispatcherMixin from mod fabric-networking-api-v1->@Inject::encode(Lio/netty/buffer/ByteBuf;Ljava/lang/Object;Lorg/spongepowered/asm/mixin/injection/callback/CallbackInfo;)V has 0 override(s) in child classes
[18:50:37] [Render thread/DEBUG] (FabricLoader/Mixin) fabric-networking-api-v1.mixins.json:PacketCodecDispatcherMixin from mod fabric-networking-api-v1->@Inject::encode(Lio/netty/buffer/ByteBuf;Ljava/lang/Object;Lorg/spongepowered/asm/mixin/injection/callback/CallbackInfo;)V won't be passed a CallbackInfo as a result
[18:50:37] [Render thread/DEBUG] (FabricLoader/Mixin) Mixing LoginQueryResponseC2SPacketMixin from fabric-networking-api-v1.mixins.json into net.minecraft.network.protocol.login.ServerboundCustomQueryAnswerPacket
[18:50:37] [Render thread/DEBUG] (FabricLoader/Mixin) fabric-networking-api-v1.mixins.json:LoginQueryResponseC2SPacketMixin from mod fabric-networking-api-v1: Class version 65 required is higher than the class version supported by the current version of Mixin (JAVA_17 supports class version 61)
[18:50:37] [Render thread/DEBUG] (FabricLoader/Mixin) fabric-networking-api-v1.mixins.json:LoginQueryResponseC2SPacketMixin from mod fabric-networking-api-v1->@Inject::readResponse(ILnet/minecraft/network/FriendlyByteBuf;Lorg/spongepowered/asm/mixin/injection/callback/CallbackInfoReturnable;)V does use it's CallbackInfoReturnable
[18:50:37] [Render thread/DEBUG] (FabricLoader/Mixin) Mixing LoginQueryRequestS2CPacketMixin from fabric-networking-api-v1.mixins.json into net.minecraft.network.protocol.login.ClientboundCustomQueryPacket
[18:50:37] [Render thread/DEBUG] (FabricLoader/Mixin) fabric-networking-api-v1.mixins.json:LoginQueryRequestS2CPacketMixin from mod fabric-networking-api-v1: Class version 65 required is higher than the class version supported by the current version of Mixin (JAVA_17 supports class version 61)
[18:50:37] [Render thread/DEBUG] (FabricLoader/Mixin) fabric-networking-api-v1.mixins.json:LoginQueryRequestS2CPacketMixin from mod fabric-networking-api-v1->@Inject::readPayload(Lnet/minecraft/resources/ResourceLocation;Lnet/minecraft/network/FriendlyByteBuf;Lorg/spongepowered/asm/mixin/injection/callback/CallbackInfoReturnable;)V does use it's CallbackInfoReturnable
[18:50:37] [Render thread/DEBUG] (io.netty.util.Recycler) -Dio.netty.recycler.maxCapacityPerThread: 4096
[18:50:37] [Render thread/DEBUG] (io.netty.util.Recycler) -Dio.netty.recycler.ratio: 8
[18:50:37] [Render thread/DEBUG] (io.netty.util.Recycler) -Dio.netty.recycler.chunkSize: 32
[18:50:37] [Render thread/DEBUG] (io.netty.util.Recycler) -Dio.netty.recycler.blocking: false
[18:50:37] [Render thread/DEBUG] (io.netty.util.Recycler) -Dio.netty.recycler.batchFastThreadLocalOnly: true
[18:50:37] [Netty Local Client IO #0/DEBUG] (io.netty.buffer.AbstractByteBuf) -Dio.netty.buffer.checkAccessible: true
[18:50:37] [Netty Local Client IO #0/DEBUG] (io.netty.buffer.AbstractByteBuf) -Dio.netty.buffer.checkBounds: true
[18:50:37] [Netty Local Client IO #0/DEBUG] (io.netty.util.ResourceLeakDetectorFactory) Loaded default ResourceLeakDetector: io.netty.util.ResourceLeakDetector@2470a4de
[18:50:37] [Netty Local Client IO #0/DEBUG] (FabricLoader/Mixin) Mixing VarIntsAccessor from fabric-data-attachment-api-v1.mixins.json into net.minecraft.network.VarInt
[18:50:37] [Netty Local Client IO #0/DEBUG] (FabricLoader/Mixin) fabric-data-attachment-api-v1.mixins.json:VarIntsAccessor from mod fabric-data-attachment-api-v1: Class version 65 required is higher than the class version supported by the current version of Mixin (JAVA_17 supports class version 61)
[18:50:37] [Netty Local Client IO #0/DEBUG] (FabricLoader/Mixin) Renaming @Accessor method getMaxByteSize()I to getMaxByteSize$fabric-data-attachment-api-v1_$md$310282$0 in fabric-data-attachment-api-v1.mixins.json:VarIntsAccessor from mod fabric-data-attachment-api-v1
[18:50:37] [Netty Server IO #1/DEBUG] (FabricLoader/Mixin) Mixing ServerLoginNetworkHandlerMixin from fabric-networking-api-v1.mixins.json into net.minecraft.server.network.ServerLoginPacketListenerImpl
[18:50:37] [Netty Server IO #1/DEBUG] (FabricLoader/Mixin) fabric-networking-api-v1.mixins.json:ServerLoginNetworkHandlerMixin from mod fabric-networking-api-v1: Class version 65 required is higher than the class version supported by the current version of Mixin (JAVA_17 supports class version 61)
[18:50:37] [Netty Server IO #1/DEBUG] (FabricLoader/Mixin) Mixing accessor.ServerLoginNetworkHandlerAccessor from fabric-networking-api-v1.mixins.json into net.minecraft.server.network.ServerLoginPacketListenerImpl
[18:50:37] [Netty Server IO #1/DEBUG] (FabricLoader/Mixin) fabric-networking-api-v1.mixins.json:accessor.ServerLoginNetworkHandlerAccessor from mod fabric-networking-api-v1: Class version 65 required is higher than the class version supported by the current version of Mixin (JAVA_17 supports class version 61)
[18:50:37] [Netty Server IO #1/DEBUG] (FabricLoader/Mixin) fabric-networking-api-v1.mixins.json:ServerLoginNetworkHandlerMixin from mod fabric-networking-api-v1->@Inject::initAddon(Lorg/spongepowered/asm/mixin/injection/callback/CallbackInfo;)V doesn't use it's CallbackInfo
[18:50:37] [Netty Server IO #1/DEBUG] (FabricLoader/Mixin) fabric-networking-api-v1.mixins.json:ServerLoginNetworkHandlerMixin from mod fabric-networking-api-v1->@Inject::initAddon(Lorg/spongepowered/asm/mixin/injection/callback/CallbackInfo;)V has 0 override(s) in child classes
[18:50:37] [Netty Server IO #1/DEBUG] (FabricLoader/Mixin) fabric-networking-api-v1.mixins.json:ServerLoginNetworkHandlerMixin from mod fabric-networking-api-v1->@Inject::initAddon(Lorg/spongepowered/asm/mixin/injection/callback/CallbackInfo;)V won't be passed a CallbackInfo as a result
[18:50:37] [Netty Server IO #1/DEBUG] (FabricLoader/Mixin) fabric-networking-api-v1.mixins.json:ServerLoginNetworkHandlerMixin from mod fabric-networking-api-v1->@Inject::handleCustomPayloadReceivedAsync(Lnet/minecraft/network/protocol/login/ServerboundCustomQueryAnswerPacket;Lorg/spongepowered/asm/mixin/injection/callback/CallbackInfo;)V does use it's CallbackInfo
[18:50:37] [Netty Local Client IO #0/DEBUG] (FabricLoader/Mixin) Mixing SelectKnownPacksC2SPacketMixin from fabric-resource-loader-v0.mixins.json into net.minecraft.network.protocol.configuration.ServerboundSelectKnownPacks
[18:50:37] [Netty Local Client IO #0/DEBUG] (FabricLoader/Mixin) fabric-resource-loader-v0.mixins.json:SelectKnownPacksC2SPacketMixin from mod fabric-resource-loader-v0: Class version 65 required is higher than the class version supported by the current version of Mixin (JAVA_17 supports class version 61)
[18:50:37] [Netty Local Client IO #0/DEBUG] (FabricLoader/Mixin) Mixing CustomPayloadS2CPacketMixin from fabric-networking-api-v1.mixins.json into net.minecraft.network.protocol.common.ClientboundCustomPayloadPacket
[18:50:37] [Netty Local Client IO #0/DEBUG] (FabricLoader/Mixin) fabric-networking-api-v1.mixins.json:CustomPayloadS2CPacketMixin from mod fabric-networking-api-v1: Class version 65 required is higher than the class version supported by the current version of Mixin (JAVA_17 supports class version 61)
[18:50:37] [Netty Local Client IO #0/DEBUG] (FabricLoader/Mixin) Renaming synthetic method lambda$wrapConfigCodec$1(Lnet/minecraft/network/FriendlyByteBuf;Lnet/minecraft/resources/ResourceLocation;)Lnet/minecraft/network/protocol/common/custom/CustomPacketPayload$TypeAndCodec; to md310282$fabric-networking-api-v1$lambda$wrapConfigCodec$1$0 in fabric-networking-api-v1.mixins.json:CustomPayloadS2CPacketMixin from mod fabric-networking-api-v1
[18:50:37] [Netty Local Client IO #0/DEBUG] (FabricLoader/Mixin) Renaming synthetic method lambda$wrapPlayCodec$0(Lnet/minecraft/network/RegistryFriendlyByteBuf;Lnet/minecraft/resources/ResourceLocation;)Lnet/minecraft/network/protocol/common/custom/CustomPacketPayload$TypeAndCodec; to md310282$fabric-networking-api-v1$lambda$wrapPlayCodec$0$1 in fabric-networking-api-v1.mixins.json:CustomPayloadS2CPacketMixin from mod fabric-networking-api-v1
[18:50:37] [Netty Server IO #1/DEBUG] (ServerConfigurationNetworkAddon for Player934) Handling inbound packet from channel with name "minecraft:brand"
[18:50:37] [Netty Local Client IO #0/DEBUG] (ClientPlayNetworkAddon for Player934) Handling inbound packet from channel with name "minecraft:register"
[18:50:37] [Netty Server IO #1/DEBUG] (ServerConfigurationNetworkAddon for Player934) Handling inbound packet from channel with name "minecraft:register"
[18:50:37] [Netty Local Client IO #0/DEBUG] (ClientPlayNetworkAddon for Player934) Handling inbound packet from channel with name "minecraft:brand"
[18:50:37] [Netty Server IO #1/DEBUG] (FabricLoader/Mixin) Mixing SynchronizeRegistriesTaskMixin from fabric-resource-loader-v0.mixins.json into net.minecraft.server.network.config.SynchronizeRegistriesTask
[18:50:37] [Netty Server IO #1/DEBUG] (FabricLoader/Mixin) fabric-resource-loader-v0.mixins.json:SynchronizeRegistriesTaskMixin from mod fabric-resource-loader-v0: Class version 65 required is higher than the class version supported by the current version of Mixin (JAVA_17 supports class version 61)
[18:50:37] [Netty Server IO #1/DEBUG] (FabricLoader/Mixin) fabric-resource-loader-v0.mixins.json:SynchronizeRegistriesTaskMixin from mod fabric-resource-loader-v0->@Inject::onSelectKnownPacks(Ljava/util/List;Ljava/util/function/Consumer;Lorg/spongepowered/asm/mixin/injection/callback/CallbackInfo;)V does use it's CallbackInfo
[18:50:37] [Netty Server IO #1/DEBUG] (FabricLoader/Mixin) fabric-resource-loader-v0.mixins.json:SynchronizeRegistriesTaskMixin from mod fabric-resource-loader-v0->@Inject::syncRegistryAndTags(Ljava/util/function/Consumer;Ljava/util/Set;Lorg/spongepowered/asm/mixin/injection/callback/CallbackInfo;)V doesn't use it's CallbackInfo
[18:50:37] [Netty Server IO #1/DEBUG] (FabricLoader/Mixin) fabric-resource-loader-v0.mixins.json:SynchronizeRegistriesTaskMixin from mod fabric-resource-loader-v0->@Inject::syncRegistryAndTags(Ljava/util/function/Consumer;Ljava/util/Set;Lorg/spongepowered/asm/mixin/injection/callback/CallbackInfo;)V has 0 override(s) in child classes
[18:50:37] [Netty Server IO #1/DEBUG] (FabricLoader/Mixin) fabric-resource-loader-v0.mixins.json:SynchronizeRegistriesTaskMixin from mod fabric-resource-loader-v0->@Inject::syncRegistryAndTags(Ljava/util/function/Consumer;Ljava/util/Set;Lorg/spongepowered/asm/mixin/injection/callback/CallbackInfo;)V won't be passed a CallbackInfo as a result
[18:50:37] [Netty Server IO #1/DEBUG] (FabricLoader/Mixin) fabric-resource-loader-v0.mixins.json:SynchronizeRegistriesTaskMixin from mod fabric-resource-loader-v0->@Inject::sendPacket(Ljava/util/function/Consumer;Lorg/spongepowered/asm/mixin/injection/callback/CallbackInfo;)V does use it's CallbackInfo
[18:50:37] [Render thread/DEBUG] (ClientPlayNetworkAddon for Player934) Handling inbound packet from channel with name "minecraft:brand"
[18:50:37] [Netty Server IO #1/DEBUG] (Framework) Sending configuration task 'framework:configuration/config_data'
[18:50:37] [Netty Server IO #1/DEBUG] (Framework) Sending configuration task 'framework:configuration/synced_entity_data'
[18:50:37] [Netty Server IO #1/DEBUG] (Framework) Sending configuration task 'framework:configuration/ping'
[18:50:37] [Netty Local Client IO #0/DEBUG] (ClientPlayNetworkAddon for Player934) Handling inbound packet from channel with name "framework:configuration/synced_entity_data"
[18:50:37] [Netty Server IO #1/DEBUG] (Framework) Sending configuration task 'framework:play/ping'
[18:50:37] [Netty Local Client IO #0/DEBUG] (Framework) Received synced key mappings from server
[18:50:37] [Netty Local Client IO #0/DEBUG] (ClientPlayNetworkAddon for Player934) Handling inbound packet from channel with name "framework:configuration/ping"
[18:50:37] [Netty Local Client IO #0/DEBUG] (ClientPlayNetworkAddon for Player934) Handling inbound packet from channel with name "framework:play/ping"
[18:50:37] [Netty Local Client IO #0/DEBUG] (ClientPlayNetworkAddon for Player934) Handling inbound packet from channel with name "c:version"
[18:50:37] [Netty Local Client IO #0/DEBUG] (ClientPlayNetworkAddon for Player934) Negotiated common packet version 1
[18:50:37] [Netty Server IO #1/DEBUG] (ServerConfigurationNetworkAddon for Player934) Handling inbound packet from channel with name "c:version"
[18:50:37] [Netty Server IO #1/DEBUG] (ServerConfigurationNetworkAddon for Player934) Negotiated common packet version 1
[18:50:37] [Netty Local Client IO #0/DEBUG] (ClientPlayNetworkAddon for Player934) Handling inbound packet from channel with name "c:register"
[18:50:37] [Netty Local Client IO #0/DEBUG] (fabric-networking-api-v1) Received accepted channels from the server
[18:50:37] [Netty Server IO #1/DEBUG] (ServerConfigurationNetworkAddon for Player934) Handling inbound packet from channel with name "c:register"
[18:50:37] [Netty Server IO #1/DEBUG] (fabric-networking-api-v1) Received accepted channels from the client for play phase
[18:50:37] [Netty Local Client IO #0/DEBUG] (ClientPlayNetworkAddon for Player934) Handling inbound packet from channel with name "fabric:accepted_attachments_v1"
[18:50:37] [Netty Server IO #1/DEBUG] (ServerConfigurationNetworkAddon for Player934) Handling inbound packet from channel with name "fabric:accepted_attachments_v1"
[18:50:37] [Netty Local Client IO #0/DEBUG] (ClientPlayNetworkAddon for Player934) Handling inbound packet from channel with name "fabric:custom_ingredient_sync"
[18:50:37] [Netty Server IO #1/DEBUG] (ServerConfigurationNetworkAddon for Player934) Handling inbound packet from channel with name "fabric:custom_ingredient_sync"
[18:50:37] [Render thread/DEBUG] (FabricLoader/Mixin) Mixing ClientDataPackManagerMixin from fabric-resource-loader-v0.client.mixins.json into net.minecraft.client.multiplayer.KnownPacksManager
[18:50:37] [Render thread/DEBUG] (FabricLoader/Mixin) fabric-resource-loader-v0.client.mixins.json:ClientDataPackManagerMixin from mod fabric-resource-loader-v0: Class version 65 required is higher than the class version supported by the current version of Mixin (JAVA_17 supports class version 61)
[18:50:37] [Render thread/DEBUG] (net.fabricmc.fabric.impl.resource.loader.ModResourcePackUtil) [Fabric] Starting internal pack sorting with: []
[18:50:37] [Render thread/DEBUG] (net.fabricmc.fabric.impl.resource.loader.ModResourcePackUtil) [Fabric] Removed all internal packs, result: []
[18:50:37] [Render thread/DEBUG] (net.fabricmc.fabric.impl.resource.loader.ModResourcePackUtil) [Fabric] Final sorting result: []
[18:50:37] [Render thread/DEBUG] (net.fabricmc.fabric.impl.resource.loader.ModResourcePackUtil) [Fabric] Starting internal pack sorting with: [vanilla, better_deco, everycomp, fabric-convention-tags-v2, fabric-gametest-api-v1, moonlight, natures_spirit, terrablender, natures_spirit:modified_badlands, natures_spirit:modified_birch_forest, natures_spirit:modified_dark_forest, natures_spirit:modified_desert, natures_spirit:modified_flower_forest, natures_spirit:modified_jungle, natures_spirit:modified_mountain_biomes, natures_spirit:modified_savannas, natures_spirit:modified_swamp, natures_spirit:modified_windswept_hills]
[18:50:37] [Render thread/DEBUG] (net.fabricmc.fabric.impl.resource.loader.ModResourcePackUtil) [Fabric] Removed all internal packs, result: [vanilla, better_deco, everycomp, fabric-convention-tags-v2, fabric-gametest-api-v1, moonlight, natures_spirit, terrablender, natures_spirit:modified_badlands, natures_spirit:modified_birch_forest, natures_spirit:modified_dark_forest, natures_spirit:modified_desert, natures_spirit:modified_flower_forest, natures_spirit:modified_jungle, natures_spirit:modified_mountain_biomes, natures_spirit:modified_savannas, natures_spirit:modified_swamp, natures_spirit:modified_windswept_hills]
[18:50:37] [Render thread/DEBUG] (net.fabricmc.fabric.impl.resource.loader.ModResourcePackUtil) [Fabric] Final sorting result: [vanilla, better_deco, everycomp, fabric-convention-tags-v2, fabric-gametest-api-v1, moonlight, natures_spirit, terrablender, natures_spirit:modified_badlands, natures_spirit:modified_birch_forest, natures_spirit:modified_dark_forest, natures_spirit:modified_desert, natures_spirit:modified_flower_forest, natures_spirit:modified_jungle, natures_spirit:modified_mountain_biomes, natures_spirit:modified_savannas, natures_spirit:modified_swamp, natures_spirit:modified_windswept_hills]
[18:50:37] [Server thread/DEBUG] (SynchronizeRegistriesTaskMixin) Synchronizing registries with common known packs: [fabric:natures_spirit:modified_dark_forest:2.2.5-1.21.1, fabric:natures_spirit:modified_flower_forest:2.2.5-1.21.1, fabric:natures_spirit:2.2.5-1.21.1, fabric:moonlight:1.21.1-3.0.7, minecraft:core:1.21.1, fabric:natures_spirit:modified_birch_forest:2.2.5-1.21.1, fabric:fabric-gametest-api-v1:2.0.5+6fc22b9919, fabric:fabric-convention-tags-v2:2.12.0+c3656daa19, fabric:terrablender:4.1.0.8, fabric:natures_spirit:modified_badlands:2.2.5-1.21.1, fabric:natures_spirit:modified_swamp:2.2.5-1.21.1, fabric:better_deco:1.1.2, fabric:natures_spirit:modified_desert:2.2.5-1.21.1, fabric:natures_spirit:modified_savannas:2.2.5-1.21.1, fabric:natures_spirit:modified_mountain_biomes:2.2.5-1.21.1, fabric:natures_spirit:modified_windswept_hills:2.2.5-1.21.1, fabric:natures_spirit:modified_jungle:2.2.5-1.21.1, fabric:everycomp:1.21-2.11.40]
[18:50:37] [Render thread/DEBUG] (FabricLoader/Mixin) Mixing ClientRegistriesDynamicRegistriesMixin from fabric-registry-sync-v0.client.mixins.json into net.minecraft.client.multiplayer.RegistryDataCollector$ContentsCollector
[18:50:37] [Render thread/DEBUG] (FabricLoader/Mixin) fabric-registry-sync-v0.client.mixins.json:ClientRegistriesDynamicRegistriesMixin from mod fabric-registry-sync-v0: Class version 65 required is higher than the class version supported by the current version of Mixin (JAVA_17 supports class version 61)
[18:50:37] [Render thread/DEBUG] (FabricLoader/Mixin) Renaming synthetic method lambda$skipEmptyRegistries$0(Lnet/minecraft/resources/RegistryDataLoader$RegistryData;)Z to md310282$fabric-registry-sync-v0$lambda$skipEmptyRegistries$0$0 in fabric-registry-sync-v0.client.mixins.json:ClientRegistriesDynamicRegistriesMixin from mod fabric-registry-sync-v0
[18:50:37] [Render thread/DEBUG] (FabricLoader/Mixin) Mixing ClientTagLoaderMixin from fabric-lifecycle-events-v1.client.mixins.json into net.minecraft.client.multiplayer.TagCollector
[18:50:37] [Render thread/DEBUG] (FabricLoader/Mixin) fabric-lifecycle-events-v1.client.mixins.json:ClientTagLoaderMixin from mod fabric-lifecycle-events-v1: Class version 65 required is higher than the class version supported by the current version of Mixin (JAVA_17 supports class version 61)
[18:50:37] [Render thread/DEBUG] (FabricLoader/Mixin) fabric-lifecycle-events-v1.client.mixins.json:ClientTagLoaderMixin from mod fabric-lifecycle-events-v1->@Inject::invokeTagsLoaded(Lnet/minecraft/core/RegistryAccess;ZLorg/spongepowered/asm/mixin/injection/callback/CallbackInfo;)V doesn't use it's CallbackInfo
[18:50:37] [Render thread/DEBUG] (FabricLoader/Mixin) fabric-lifecycle-events-v1.client.mixins.json:ClientTagLoaderMixin from mod fabric-lifecycle-events-v1->@Inject::invokeTagsLoaded(Lnet/minecraft/core/RegistryAccess;ZLorg/spongepowered/asm/mixin/injection/callback/CallbackInfo;)V has 0 override(s) in child classes
[18:50:37] [Render thread/DEBUG] (FabricLoader/Mixin) fabric-lifecycle-events-v1.client.mixins.json:ClientTagLoaderMixin from mod fabric-lifecycle-events-v1->@Inject::invokeTagsLoaded(Lnet/minecraft/core/RegistryAccess;ZLorg/spongepowered/asm/mixin/injection/callback/CallbackInfo;)V won't be passed a CallbackInfo as a result
[18:50:37] [Render thread/DEBUG] (FabricLoader/Mixin) Mixing MapItemDataPacketMixin from moonlight-common.mixins.json into net.minecraft.network.protocol.game.ClientboundMapItemDataPacket
[18:50:37] [Render thread/DEBUG] (FabricLoader/Mixin) moonlight-common.mixins.json:MapItemDataPacketMixin from mod moonlight: Class version 65 required is higher than the class version supported by the current version of Mixin (JAVA_17 supports class version 61)
[18:50:37] [Render thread/DEBUG] (FabricLoader/Mixin) Renaming synthetic method lambda$moonlight$modifyMapPacketCodec$5(Lnet/minecraft/network/protocol/game/ClientboundMapItemDataPacket;Ljava/util/Optional;Ljava/util/Optional;Lnet/minecraft/resources/ResourceLocation;Ljava/lang/Integer;Ljava/lang/Integer;)Lnet/minecraft/network/protocol/game/ClientboundMapItemDataPacket; to md310282$moonlight$lambda$moonlight$modifyMapPacketCodec$5$0 in moonlight-common.mixins.json:MapItemDataPacketMixin from mod moonlight
[18:50:37] [Render thread/DEBUG] (FabricLoader/Mixin) Renaming synthetic method lambda$moonlight$modifyMapPacketCodec$4(Lnet/minecraft/network/protocol/game/ClientboundMapItemDataPacket;)Ljava/lang/Integer; to md310282$moonlight$lambda$moonlight$modifyMapPacketCodec$4$1 in moonlight-common.mixins.json:MapItemDataPacketMixin from mod moonlight
[18:50:37] [Render thread/DEBUG] (FabricLoader/Mixin) Renaming synthetic method lambda$moonlight$modifyMapPacketCodec$3(Lnet/minecraft/network/protocol/game/ClientboundMapItemDataPacket;)Ljava/lang/Integer; to md310282$moonlight$lambda$moonlight$modifyMapPacketCodec$3$2 in moonlight-common.mixins.json:MapItemDataPacketMixin from mod moonlight
[18:50:37] [Render thread/DEBUG] (FabricLoader/Mixin) Renaming synthetic method lambda$moonlight$modifyMapPacketCodec$2(Lnet/minecraft/network/protocol/game/ClientboundMapItemDataPacket;)Lnet/minecraft/resources/ResourceLocation; to md310282$moonlight$lambda$moonlight$modifyMapPacketCodec$2$3 in moonlight-common.mixins.json:MapItemDataPacketMixin from mod moonlight
[18:50:37] [Render thread/DEBUG] (FabricLoader/Mixin) Renaming synthetic method lambda$moonlight$modifyMapPacketCodec$1(Lnet/minecraft/network/protocol/game/ClientboundMapItemDataPacket;)Ljava/util/Optional; to md310282$moonlight$lambda$moonlight$modifyMapPacketCodec$1$4 in moonlight-common.mixins.json:MapItemDataPacketMixin from mod moonlight
[18:50:37] [Render thread/DEBUG] (FabricLoader/Mixin) Renaming synthetic method lambda$moonlight$modifyMapPacketCodec$0(Lnet/minecraft/network/protocol/game/ClientboundMapItemDataPacket;)Ljava/util/Optional; to md310282$moonlight$lambda$moonlight$modifyMapPacketCodec$0$5 in moonlight-common.mixins.json:MapItemDataPacketMixin from mod moonlight
[18:50:37] [Render thread/DEBUG] (FabricLoader/Mixin) moonlight-common.mixins.json:MapItemDataPacketMixin from mod moonlight->@Inject::moonlight$addExtraCenterAndDimension(Lnet/minecraft/world/level/saveddata/maps/MapId;BZLjava/util/Optional;Ljava/util/Optional;Lorg/spongepowered/asm/mixin/injection/callback/CallbackInfo;)V doesn't use it's CallbackInfo
[18:50:37] [Render thread/DEBUG] (FabricLoader/Mixin) moonlight-common.mixins.json:MapItemDataPacketMixin from mod moonlight->@Inject::handleExtraData(Lnet/minecraft/world/level/saveddata/maps/MapItemSavedData;Lorg/spongepowered/asm/mixin/injection/callback/CallbackInfo;)V doesn't use it's CallbackInfo
[18:50:37] [Render thread/DEBUG] (FabricLoader/Mixin) Mixing ClientCommandSourceMixin from fabric-command-api-v2.client.mixins.json into net.minecraft.client.multiplayer.ClientSuggestionProvider
[18:50:37] [Render thread/DEBUG] (FabricLoader/Mixin) fabric-command-api-v2.client.mixins.json:ClientCommandSourceMixin from mod fabric-command-api-v2: Class version 65 required is higher than the class version supported by the current version of Mixin (JAVA_17 supports class version 61)
[18:50:37] [Server thread/DEBUG] (FabricLoader/Mixin) Mixing PlayerAdvancementTrackerMixin from fabric-events-interaction-v0.mixins.json into net.minecraft.server.PlayerAdvancements
[18:50:37] [Server thread/DEBUG] (FabricLoader/Mixin) fabric-events-interaction-v0.mixins.json:PlayerAdvancementTrackerMixin from mod fabric-events-interaction-v0: Class version 65 required is higher than the class version supported by the current version of Mixin (JAVA_17 supports class version 61)
[18:50:37] [Server thread/DEBUG] (FabricLoader/Mixin) fabric-events-interaction-v0.mixins.json:PlayerAdvancementTrackerMixin from mod fabric-events-interaction-v0->@Inject::preventOwnerOverride(Lnet/minecraft/server/level/ServerPlayer;Lorg/spongepowered/asm/mixin/injection/callback/CallbackInfo;)V does use it's CallbackInfo
[18:50:37] [Server thread/DEBUG] (FabricLoader/Mixin) fabric-events-interaction-v0.mixins.json:PlayerAdvancementTrackerMixin from mod fabric-events-interaction-v0->@Inject::preventGrantCriterion(Lnet/minecraft/advancements/AdvancementHolder;Ljava/lang/String;Lorg/spongepowered/asm/mixin/injection/callback/CallbackInfoReturnable;)V does use it's CallbackInfoReturnable
[18:50:37] [Server thread/INFO] (net.minecraft.server.players.PlayerList) Player934[local:E:b05763e1] logged in with entity id 15 at (2.3460126981076264, 113.49390748022948, -11.175541445199306)
[18:50:37] [Server thread/DEBUG] (FabricLoader/Mixin) Mixing ChunkDataSenderMixin from fabric-data-attachment-api-v1.mixins.json into net.minecraft.server.network.PlayerChunkSender
[18:50:37] [Server thread/DEBUG] (FabricLoader/Mixin) fabric-data-attachment-api-v1.mixins.json:ChunkDataSenderMixin from mod fabric-data-attachment-api-v1: Class version 65 required is higher than the class version supported by the current version of Mixin (JAVA_17 supports class version 61)
[18:50:37] [Netty Local Client IO #0/DEBUG] (ClientPlayNetworkAddon for Player934) Handling inbound packet from channel with name "moonlight:bidi_sync_configs"
[18:50:37] [Netty Local Client IO #0/DEBUG] (ClientPlayNetworkAddon for Player934) Handling inbound packet from channel with name "moonlight:s2c_send_login"
[18:50:37] [Netty Local Client IO #0/DEBUG] (ClientPlayNetworkAddon for Player934) Handling inbound packet from channel with name "minecraft:register"
[18:50:37] [Netty Local Client IO #0/DEBUG] (ClientPlayNetworkAddon for Player934) Handling inbound packet from channel with name "moonlight:s2c_finalize_fluids"
[18:50:37] [Netty Local Client IO #0/DEBUG] (ClientPlayNetworkAddon for Player934) Handling inbound packet from channel with name "moonlight:s2c_sync_data_map"
[18:50:37] [Netty Local Client IO #0/DEBUG] (ClientPlayNetworkAddon for Player934) Handling inbound packet from channel with name "moonlight:s2c_sync_data_map"
[18:50:37] [Netty Local Client IO #0/DEBUG] (ClientPlayNetworkAddon for Player934) Handling inbound packet from channel with name "moonlight:s2c_sync_data_map"
[18:50:37] [Netty Local Client IO #0/DEBUG] (ClientPlayNetworkAddon for Player934) Handling inbound packet from channel with name "moonlight:s2c_sync_data_map"
[18:50:37] [Render thread/DEBUG] (FabricLoader/Mixin) Mixing ClientPlayerInteractionManagerMixin from fabric-events-interaction-v0.client.mixins.json into net.minecraft.client.multiplayer.MultiPlayerGameMode
[18:50:37] [Render thread/DEBUG] (FabricLoader/Mixin) fabric-events-interaction-v0.client.mixins.json:ClientPlayerInteractionManagerMixin from mod fabric-events-interaction-v0: Class version 65 required is higher than the class version supported by the current version of Mixin (JAVA_17 supports class version 61)
[18:50:37] [Render thread/DEBUG] (FabricLoader/Mixin) Renaming synthetic method lambda$interactItem$2(Lnet/minecraft/world/InteractionHand;Lnet/minecraft/world/entity/player/Player;I)Lnet/minecraft/network/protocol/Packet; to md310282$fabric-events-interaction-v0$lambda$interactItem$2$0 in fabric-events-interaction-v0.client.mixins.json:ClientPlayerInteractionManagerMixin from mod fabric-events-interaction-v0
[18:50:37] [Render thread/DEBUG] (FabricLoader/Mixin) Renaming synthetic method lambda$interactBlock$1(Lnet/minecraft/world/InteractionHand;Lnet/minecraft/world/phys/BlockHitResult;I)Lnet/minecraft/network/protocol/Packet; to md310282$fabric-events-interaction-v0$lambda$interactBlock$1$1 in fabric-events-interaction-v0.client.mixins.json:ClientPlayerInteractionManagerMixin from mod fabric-events-interaction-v0
[18:50:37] [Render thread/DEBUG] (FabricLoader/Mixin) Renaming synthetic method lambda$fabric_fireAttackBlockCallback$0(Lnet/minecraft/core/BlockPos;Lnet/minecraft/core/Direction;I)Lnet/minecraft/network/protocol/Packet; to md310282$fabric-events-interaction-v0$lambda$fabric_fireAttackBlockCallback$0$2 in fabric-events-interaction-v0.client.mixins.json:ClientPlayerInteractionManagerMixin from mod fabric-events-interaction-v0
[18:50:37] [Render thread/DEBUG] (FabricLoader/Mixin) Mixing ClientPlayerInteractionManagerMixin from fabric-item-api-v1.client.mixins.json into net.minecraft.client.multiplayer.MultiPlayerGameMode
[18:50:37] [Render thread/DEBUG] (FabricLoader/Mixin) fabric-item-api-v1.client.mixins.json:ClientPlayerInteractionManagerMixin from mod fabric-item-api-v1: Class version 65 required is higher than the class version supported by the current version of Mixin (JAVA_17 supports class version 61)
[18:50:37] [Render thread/DEBUG] (FabricLoader/Mixin) fabric-events-interaction-v0.client.mixins.json:ClientPlayerInteractionManagerMixin from mod fabric-events-interaction-v0->@Inject::attackBlock(Lnet/minecraft/core/BlockPos;Lnet/minecraft/core/Direction;Lorg/spongepowered/asm/mixin/injection/callback/CallbackInfoReturnable;)V does use it's CallbackInfoReturnable
[18:50:37] [Render thread/DEBUG] (FabricLoader/Mixin) fabric-events-interaction-v0.client.mixins.json:ClientPlayerInteractionManagerMixin from mod fabric-events-interaction-v0->@Inject::method_2902(Lnet/minecraft/core/BlockPos;Lnet/minecraft/core/Direction;Lorg/spongepowered/asm/mixin/injection/callback/CallbackInfoReturnable;)V does use it's CallbackInfoReturnable
[18:50:37] [Render thread/DEBUG] (FabricLoader/Mixin) fabric-events-interaction-v0.client.mixins.json:ClientPlayerInteractionManagerMixin from mod fabric-events-interaction-v0->@Inject::fabric$onBlockBroken(Lnet/minecraft/core/BlockPos;Lorg/spongepowered/asm/mixin/injection/callback/CallbackInfoReturnable;Lnet/minecraft/world/level/Level;Lnet/minecraft/world/level/block/state/BlockState;)V doesn't use it's CallbackInfoReturnable
[18:50:37] [Render thread/DEBUG] (FabricLoader/Mixin) fabric-events-interaction-v0.client.mixins.json:ClientPlayerInteractionManagerMixin from mod fabric-events-interaction-v0->@Inject::fabric$onBlockBroken(Lnet/minecraft/core/BlockPos;Lorg/spongepowered/asm/mixin/injection/callback/CallbackInfoReturnable;Lnet/minecraft/world/level/Level;Lnet/minecraft/world/level/block/state/BlockState;)V has 0 override(s) in child classes
[18:50:37] [Render thread/DEBUG] (FabricLoader/Mixin) fabric-events-interaction-v0.client.mixins.json:ClientPlayerInteractionManagerMixin from mod fabric-events-interaction-v0->@Inject::fabric$onBlockBroken(Lnet/minecraft/core/BlockPos;Lorg/spongepowered/asm/mixin/injection/callback/CallbackInfoReturnable;Lnet/minecraft/world/level/Level;Lnet/minecraft/world/level/block/state/BlockState;)V won't be passed a CallbackInfoReturnable as a result
[18:50:37] [Render thread/DEBUG] (FabricLoader/Mixin) fabric-events-interaction-v0.client.mixins.json:ClientPlayerInteractionManagerMixin from mod fabric-events-interaction-v0->@Inject::interactBlock(Lnet/minecraft/client/player/LocalPlayer;Lnet/minecraft/world/InteractionHand;Lnet/minecraft/world/phys/BlockHitResult;Lorg/spongepowered/asm/mixin/injection/callback/CallbackInfoReturnable;)V does use it's CallbackInfoReturnable
[18:50:37] [Render thread/DEBUG] (FabricLoader/Mixin) fabric-events-interaction-v0.client.mixins.json:ClientPlayerInteractionManagerMixin from mod fabric-events-interaction-v0->@Inject::interactItem(Lnet/minecraft/world/entity/player/Player;Lnet/minecraft/world/InteractionHand;Lorg/spongepowered/asm/mixin/injection/callback/CallbackInfoReturnable;)V does use it's CallbackInfoReturnable
[18:50:37] [Render thread/DEBUG] (FabricLoader/Mixin) fabric-events-interaction-v0.client.mixins.json:ClientPlayerInteractionManagerMixin from mod fabric-events-interaction-v0->@Inject::attackEntity(Lnet/minecraft/world/entity/player/Player;Lnet/minecraft/world/entity/Entity;Lorg/spongepowered/asm/mixin/injection/callback/CallbackInfo;)V does use it's CallbackInfo
[18:50:38] [Render thread/DEBUG] (FabricLoader/Mixin) Mixing ClientChunkManagerMixin from fabric-lifecycle-events-v1.client.mixins.json into net.minecraft.client.multiplayer.ClientChunkCache
[18:50:38] [Render thread/DEBUG] (FabricLoader/Mixin) fabric-lifecycle-events-v1.client.mixins.json:ClientChunkManagerMixin from mod fabric-lifecycle-events-v1: Class version 65 required is higher than the class version supported by the current version of Mixin (JAVA_17 supports class version 61)
[18:50:38] [Render thread/DEBUG] (FabricLoader/Mixin) fabric-lifecycle-events-v1.client.mixins.json:ClientChunkManagerMixin from mod fabric-lifecycle-events-v1->@Inject::onChunkLoad(IILnet/minecraft/network/FriendlyByteBuf;Lnet/minecraft/nbt/CompoundTag;Ljava/util/function/Consumer;Lorg/spongepowered/asm/mixin/injection/callback/CallbackInfoReturnable;)V does use it's CallbackInfoReturnable
[18:50:38] [Render thread/DEBUG] (FabricLoader/Mixin) fabric-lifecycle-events-v1.client.mixins.json:ClientChunkManagerMixin from mod fabric-lifecycle-events-v1->@Inject::onChunkUnload(IILnet/minecraft/network/FriendlyByteBuf;Lnet/minecraft/nbt/CompoundTag;Ljava/util/function/Consumer;Lorg/spongepowered/asm/mixin/injection/callback/CallbackInfoReturnable;ILnet/minecraft/world/level/chunk/LevelChunk;Lnet/minecraft/world/level/ChunkPos;)V doesn't use it's CallbackInfoReturnable
[18:50:38] [Render thread/DEBUG] (FabricLoader/Mixin) fabric-lifecycle-events-v1.client.mixins.json:ClientChunkManagerMixin from mod fabric-lifecycle-events-v1->@Inject::onChunkUnload(IILnet/minecraft/network/FriendlyByteBuf;Lnet/minecraft/nbt/CompoundTag;Ljava/util/function/Consumer;Lorg/spongepowered/asm/mixin/injection/callback/CallbackInfoReturnable;ILnet/minecraft/world/level/chunk/LevelChunk;Lnet/minecraft/world/level/ChunkPos;)V has 0 override(s) in child classes
[18:50:38] [Render thread/DEBUG] (FabricLoader/Mixin) fabric-lifecycle-events-v1.client.mixins.json:ClientChunkManagerMixin from mod fabric-lifecycle-events-v1->@Inject::onChunkUnload(IILnet/minecraft/network/FriendlyByteBuf;Lnet/minecraft/nbt/CompoundTag;Ljava/util/function/Consumer;Lorg/spongepowered/asm/mixin/injection/callback/CallbackInfoReturnable;ILnet/minecraft/world/level/chunk/LevelChunk;Lnet/minecraft/world/level/ChunkPos;)V won't be passed a CallbackInfoReturnable as a result
[18:50:38] [Render thread/DEBUG] (FabricLoader/Mixin) fabric-lifecycle-events-v1.client.mixins.json:ClientChunkManagerMixin from mod fabric-lifecycle-events-v1->@Inject::onChunkUnload(Lnet/minecraft/world/level/ChunkPos;Lorg/spongepowered/asm/mixin/injection/callback/CallbackInfo;ILnet/minecraft/world/level/chunk/LevelChunk;)V doesn't use it's CallbackInfo
[18:50:38] [Render thread/DEBUG] (FabricLoader/Mixin) fabric-lifecycle-events-v1.client.mixins.json:ClientChunkManagerMixin from mod fabric-lifecycle-events-v1->@Inject::onChunkUnload(Lnet/minecraft/world/level/ChunkPos;Lorg/spongepowered/asm/mixin/injection/callback/CallbackInfo;ILnet/minecraft/world/level/chunk/LevelChunk;)V has 0 override(s) in child classes
[18:50:38] [Render thread/DEBUG] (FabricLoader/Mixin) fabric-lifecycle-events-v1.client.mixins.json:ClientChunkManagerMixin from mod fabric-lifecycle-events-v1->@Inject::onChunkUnload(Lnet/minecraft/world/level/ChunkPos;Lorg/spongepowered/asm/mixin/injection/callback/CallbackInfo;ILnet/minecraft/world/level/chunk/LevelChunk;)V won't be passed a CallbackInfo as a result
[18:50:38] [Render thread/DEBUG] (FabricLoader/Mixin) fabric-lifecycle-events-v1.client.mixins.json:ClientChunkManagerMixin from mod fabric-lifecycle-events-v1->@Inject::onUpdateLoadDistance(ILorg/spongepowered/asm/mixin/injection/callback/CallbackInfo;IILnet/minecraft/client/multiplayer/ClientChunkCache$Storage;ILnet/minecraft/world/level/chunk/LevelChunk;Lnet/minecraft/world/level/ChunkPos;)V doesn't use it's CallbackInfo
[18:50:38] [Render thread/DEBUG] (FabricLoader/Mixin) fabric-lifecycle-events-v1.client.mixins.json:ClientChunkManagerMixin from mod fabric-lifecycle-events-v1->@Inject::onUpdateLoadDistance(ILorg/spongepowered/asm/mixin/injection/callback/CallbackInfo;IILnet/minecraft/client/multiplayer/ClientChunkCache$Storage;ILnet/minecraft/world/level/chunk/LevelChunk;Lnet/minecraft/world/level/ChunkPos;)V has 0 override(s) in child classes
[18:50:38] [Render thread/DEBUG] (FabricLoader/Mixin) fabric-lifecycle-events-v1.client.mixins.json:ClientChunkManagerMixin from mod fabric-lifecycle-events-v1->@Inject::onUpdateLoadDistance(ILorg/spongepowered/asm/mixin/injection/callback/CallbackInfo;IILnet/minecraft/client/multiplayer/ClientChunkCache$Storage;ILnet/minecraft/world/level/chunk/LevelChunk;Lnet/minecraft/world/level/ChunkPos;)V won't be passed a CallbackInfo as a result
[18:50:38] [Render thread/DEBUG] (FabricLoader/Mixin) Mixing ClientWorldClientEntityHandlerMixin from fabric-lifecycle-events-v1.client.mixins.json into net.minecraft.client.multiplayer.ClientLevel$EntityCallbacks
[18:50:38] [Render thread/DEBUG] (FabricLoader/Mixin) fabric-lifecycle-events-v1.client.mixins.json:ClientWorldClientEntityHandlerMixin from mod fabric-lifecycle-events-v1: Class version 65 required is higher than the class version supported by the current version of Mixin (JAVA_17 supports class version 61)
[18:50:38] [Render thread/DEBUG] (FabricLoader/Mixin) fabric-lifecycle-events-v1.client.mixins.json:ClientWorldClientEntityHandlerMixin from mod fabric-lifecycle-events-v1->@Inject::invokeLoadEntity(Lnet/minecraft/world/entity/Entity;Lorg/spongepowered/asm/mixin/injection/callback/CallbackInfo;)V doesn't use it's CallbackInfo
[18:50:38] [Render thread/DEBUG] (FabricLoader/Mixin) fabric-lifecycle-events-v1.client.mixins.json:ClientWorldClientEntityHandlerMixin from mod fabric-lifecycle-events-v1->@Inject::invokeUnloadEntity(Lnet/minecraft/world/entity/Entity;Lorg/spongepowered/asm/mixin/injection/callback/CallbackInfo;)V doesn't use it's CallbackInfo
[18:50:38] [Render thread/DEBUG] (FabricLoader/Mixin) Mixing DimensionEffectsAccessor from fabric-rendering-v1.mixins.json into net.minecraft.client.renderer.DimensionSpecialEffects
[18:50:38] [Render thread/DEBUG] (FabricLoader/Mixin) fabric-rendering-v1.mixins.json:DimensionEffectsAccessor from mod fabric-rendering-v1: Class version 65 required is higher than the class version supported by the current version of Mixin (JAVA_17 supports class version 61)
[18:50:38] [Render thread/DEBUG] (FabricLoader/Mixin) Renaming @Accessor method getIdentifierMap()Lit/unimi/dsi/fastutil/objects/Object2ObjectMap; to getIdentifierMap$fabric-rendering-v1_$md$310282$0 in fabric-rendering-v1.mixins.json:DimensionEffectsAccessor from mod fabric-rendering-v1
[18:50:38] [Server thread/INFO] (net.minecraft.server.MinecraftServer) Player934 joined the game
[18:50:38] [Render thread/DEBUG] (FabricLoader/Mixin) Mixing SectionBuilderMixin from fabric-renderer-indigo.mixins.json into net.minecraft.client.renderer.chunk.SectionCompiler
[18:50:38] [Render thread/DEBUG] (FabricLoader/Mixin) Renaming synthetic method lambda$hookBuild$0(Ljava/util/Map;Lnet/minecraft/client/renderer/SectionBufferBuilderPack;Lnet/minecraft/client/renderer/RenderType;)Lcom/mojang/blaze3d/vertex/BufferBuilder; to md310282$fabric-renderer-indigo$lambda$hookBuild$0$0 in fabric-renderer-indigo.mixins.json:SectionBuilderMixin from mod fabric-renderer-indigo
[18:50:38] [Render thread/DEBUG] (FabricLoader/Mixin) fabric-renderer-indigo.mixins.json:SectionBuilderMixin from mod fabric-renderer-indigo->@Inject::hookBuild(Lnet/minecraft/core/SectionPos;Lnet/minecraft/client/renderer/chunk/RenderChunkRegion;Lcom/mojang/blaze3d/vertex/VertexSorting;Lnet/minecraft/client/renderer/SectionBufferBuilderPack;Lorg/spongepowered/asm/mixin/injection/callback/CallbackInfoReturnable;)V doesn't use it's CallbackInfoReturnable
[18:50:38] [Render thread/DEBUG] (FabricLoader/Mixin) fabric-renderer-indigo.mixins.json:SectionBuilderMixin from mod fabric-renderer-indigo->@Inject::hookBuild(Lnet/minecraft/core/SectionPos;Lnet/minecraft/client/renderer/chunk/RenderChunkRegion;Lcom/mojang/blaze3d/vertex/VertexSorting;Lnet/minecraft/client/renderer/SectionBufferBuilderPack;Lorg/spongepowered/asm/mixin/injection/callback/CallbackInfoReturnable;)V has 0 override(s) in child classes
[18:50:38] [Render thread/DEBUG] (FabricLoader/Mixin) fabric-renderer-indigo.mixins.json:SectionBuilderMixin from mod fabric-renderer-indigo->@Inject::hookBuild(Lnet/minecraft/core/SectionPos;Lnet/minecraft/client/renderer/chunk/RenderChunkRegion;Lcom/mojang/blaze3d/vertex/VertexSorting;Lnet/minecraft/client/renderer/SectionBufferBuilderPack;Lorg/spongepowered/asm/mixin/injection/callback/CallbackInfoReturnable;)V won't be passed a CallbackInfoReturnable as a result
[18:50:38] [Render thread/DEBUG] (FabricLoader/Mixin) fabric-renderer-indigo.mixins.json:SectionBuilderMixin from mod fabric-renderer-indigo->@Inject::hookBuildReturn(Lnet/minecraft/core/SectionPos;Lnet/minecraft/client/renderer/chunk/RenderChunkRegion;Lcom/mojang/blaze3d/vertex/VertexSorting;Lnet/minecraft/client/renderer/SectionBufferBuilderPack;Lorg/spongepowered/asm/mixin/injection/callback/CallbackInfoReturnable;)V doesn't use it's CallbackInfoReturnable
[18:50:38] [Render thread/DEBUG] (FabricLoader/Mixin) fabric-renderer-indigo.mixins.json:SectionBuilderMixin from mod fabric-renderer-indigo->@Inject::hookBuildReturn(Lnet/minecraft/core/SectionPos;Lnet/minecraft/client/renderer/chunk/RenderChunkRegion;Lcom/mojang/blaze3d/vertex/VertexSorting;Lnet/minecraft/client/renderer/SectionBufferBuilderPack;Lorg/spongepowered/asm/mixin/injection/callback/CallbackInfoReturnable;)V has 0 override(s) in child classes
[18:50:38] [Render thread/DEBUG] (FabricLoader/Mixin) fabric-renderer-indigo.mixins.json:SectionBuilderMixin from mod fabric-renderer-indigo->@Inject::hookBuildReturn(Lnet/minecraft/core/SectionPos;Lnet/minecraft/client/renderer/chunk/RenderChunkRegion;Lcom/mojang/blaze3d/vertex/VertexSorting;Lnet/minecraft/client/renderer/SectionBufferBuilderPack;Lorg/spongepowered/asm/mixin/injection/callback/CallbackInfoReturnable;)V won't be passed a CallbackInfoReturnable as a result
[18:50:38] [Render thread/DEBUG] (FabricLoader/Mixin) Mixing RenderLayersMixin from fabric-blockrenderlayer-v1.mixins.json into net.minecraft.client.renderer.ItemBlockRenderTypes
[18:50:38] [Render thread/DEBUG] (FabricLoader/Mixin) fabric-blockrenderlayer-v1.mixins.json:RenderLayersMixin from mod fabric-blockrenderlayer-v1: Class version 65 required is higher than the class version supported by the current version of Mixin (JAVA_17 supports class version 61)
[18:50:38] [Render thread/DEBUG] (FabricLoader/Mixin) fabric-blockrenderlayer-v1.mixins.json:RenderLayersMixin from mod fabric-blockrenderlayer-v1->@Inject::onInitialize(Lorg/spongepowered/asm/mixin/injection/callback/CallbackInfo;)V doesn't use it's CallbackInfo
[18:50:38] [Netty Local Client IO #0/DEBUG] (ClientPlayNetworkAddon for Player934) Handling inbound packet from channel with name "configured:session_data"
[18:50:38] [Render thread/DEBUG] (FabricLoader/Mixin) Mixing HangingSignEditScreenMixin from fabric-object-builder-v1.client.mixins.json into net.minecraft.client.gui.screens.inventory.HangingSignEditScreen
[18:50:38] [Render thread/DEBUG] (FabricLoader/Mixin) fabric-object-builder-v1.client.mixins.json:HangingSignEditScreenMixin from mod fabric-object-builder-api-v1: Class version 65 required is higher than the class version supported by the current version of Mixin (JAVA_17 supports class version 61)
[18:50:38] [Render thread/DEBUG] (FabricLoader/Mixin) Renaming synthetic method lambda$init$0(Ljava/lang/String;)Ljava/lang/String; to md310282$fabric-object-builder-api-v1$lambda$init$0$0 in fabric-object-builder-v1.client.mixins.json:HangingSignEditScreenMixin from mod fabric-object-builder-api-v1
[18:50:38] [Netty Server IO #1/DEBUG] (ServerPlayNetworkAddon for literal{Player934}[style={clickEvent=ClickEvent{action=SUGGEST_COMMAND, value='/tell Player934 '},hoverEvent=TypedHoverEvent[action=<action show_entity>, value=net.minecraft.network.chat.HoverEvent$EntityTooltipInfo@6c5e8259],insertion=Player934}]) Handling inbound packet from channel with name "minecraft:register"
[18:50:38] [Render thread/WARN] (net.minecraft.client.ClientRecipeBook) Unknown recipe category: better_deco:oven/better_deco:porkchop_oven
[18:50:38] [Render thread/WARN] (net.minecraft.client.ClientRecipeBook) Unknown recipe category: better_deco:oven/better_deco:salmon_oven
[18:50:38] [Render thread/WARN] (net.minecraft.client.ClientRecipeBook) Unknown recipe category: better_deco:oven/better_deco:kelp_oven
[18:50:38] [Render thread/WARN] (net.minecraft.client.ClientRecipeBook) Unknown recipe category: better_deco:oven/better_deco:potato_oven
[18:50:38] [Render thread/WARN] (net.minecraft.client.ClientRecipeBook) Unknown recipe category: better_deco:oven/better_deco:rabbit_oven
[18:50:38] [Render thread/WARN] (net.minecraft.client.ClientRecipeBook) Unknown recipe category: better_deco:oven/better_deco:chicken_oven
[18:50:38] [Render thread/WARN] (net.minecraft.client.ClientRecipeBook) Unknown recipe category: better_deco:oven/better_deco:steak_oven
[18:50:38] [Render thread/WARN] (net.minecraft.client.ClientRecipeBook) Unknown recipe category: better_deco:oven/better_deco:cod_oven
[18:50:38] [Render thread/WARN] (net.minecraft.client.ClientRecipeBook) Unknown recipe category: better_deco:oven/better_deco:mutton_oven
[18:50:38] [Render thread/WARN] (net.minecraft.client.ClientRecipeBook) Unknown recipe category: better_deco:microwave/better_deco:mutton_microwave
[18:50:38] [Render thread/WARN] (net.minecraft.client.ClientRecipeBook) Unknown recipe category: better_deco:microwave/better_deco:kelp_microwave
[18:50:38] [Render thread/WARN] (net.minecraft.client.ClientRecipeBook) Unknown recipe category: better_deco:microwave/better_deco:rabbit_microwave
[18:50:38] [Render thread/WARN] (net.minecraft.client.ClientRecipeBook) Unknown recipe category: better_deco:microwave/better_deco:potato_microwave
[18:50:38] [Render thread/WARN] (net.minecraft.client.ClientRecipeBook) Unknown recipe category: better_deco:microwave/better_deco:salmon_microwave
[18:50:38] [Render thread/WARN] (net.minecraft.client.ClientRecipeBook) Unknown recipe category: better_deco:microwave/better_deco:porkchop_microwave
[18:50:38] [Render thread/WARN] (net.minecraft.client.ClientRecipeBook) Unknown recipe category: better_deco:microwave/better_deco:cod_microwave
[18:50:38] [Render thread/WARN] (net.minecraft.client.ClientRecipeBook) Unknown recipe category: better_deco:microwave/better_deco:steak_microwave
[18:50:38] [Render thread/WARN] (net.minecraft.client.ClientRecipeBook) Unknown recipe category: better_deco:microwave/better_deco:chicken_microwave
[18:50:38] [Render thread/INFO] (mezz.jei.core.util.LoggedTimer) Starting JEI...
[18:50:38] [Render thread/INFO] (mezz.jei.library.load.PluginCaller) Registering item subtypes...
[18:50:38] [Render thread/DEBUG] (mezz.jei.library.load.PluginCallerTimerRunnable) Registering item subtypes: jei:minecraft...
[18:50:38] [Render thread/DEBUG] (mezz.jei.library.load.PluginCallerTimerRunnable) Registering item subtypes: better_deco:jei_plugin...
[18:50:38] [Render thread/DEBUG] (mezz.jei.library.load.PluginCallerTimerRunnable) Registering item subtypes: configured:jei_plugin...
[18:50:38] [Render thread/DEBUG] (mezz.jei.library.load.PluginCallerTimerRunnable) Registering item subtypes: jei:debug...
[18:50:38] [Render thread/DEBUG] (mezz.jei.library.load.PluginCallerTimerRunnable) Registering item subtypes: jei:fabric_gui...
[18:50:38] [Render thread/DEBUG] (mezz.jei.library.load.PluginCallerTimerRunnable) Registering item subtypes: jei:gui...
[18:50:38] [Render thread/DEBUG] (mezz.jei.library.load.PluginCallerTimerRunnable) Registering item subtypes: jei:internal...
[18:50:38] [Render thread/INFO] (mezz.jei.library.load.PluginCaller) Registering item subtypes took 9.205 milliseconds
[18:50:38] [Render thread/INFO] (mezz.jei.library.load.PluginCaller) Registering fluid subtypes...
[18:50:38] [Render thread/DEBUG] (mezz.jei.library.load.PluginCallerTimerRunnable) Registering fluid subtypes: jei:minecraft...
[18:50:38] [Render thread/DEBUG] (mezz.jei.library.load.PluginCallerTimerRunnable) Registering fluid subtypes: better_deco:jei_plugin...
[18:50:38] [Render thread/DEBUG] (mezz.jei.library.load.PluginCallerTimerRunnable) Registering fluid subtypes: configured:jei_plugin...
[18:50:38] [Render thread/DEBUG] (mezz.jei.library.load.PluginCallerTimerRunnable) Registering fluid subtypes: jei:debug...
[18:50:38] [Render thread/DEBUG] (mezz.jei.library.load.PluginCallerTimerRunnable) Registering fluid subtypes: jei:fabric_gui...
[18:50:38] [Render thread/DEBUG] (mezz.jei.library.load.PluginCallerTimerRunnable) Registering fluid subtypes: jei:gui...
[18:50:38] [Render thread/DEBUG] (mezz.jei.library.load.PluginCallerTimerRunnable) Registering fluid subtypes: jei:internal...
[18:50:38] [Render thread/INFO] (mezz.jei.library.load.PluginCaller) Registering fluid subtypes took 3.335 milliseconds
[18:50:38] [Render thread/INFO] (mezz.jei.library.load.PluginCaller) Registering ingredients...
[18:50:38] [Render thread/DEBUG] (mezz.jei.library.load.PluginCallerTimerRunnable) Registering ingredients: jei:minecraft...
[18:50:38] [Render thread/DEBUG] (mezz.jei.library.plugins.vanilla.ingredients.ItemStackListFactory) Added  708/ 708 new items from 'Building Blocks' creative tab's displayItems
[18:50:38] [Render thread/DEBUG] (mezz.jei.library.plugins.vanilla.ingredients.ItemStackListFactory) Added  365/ 365 new items from 'Colored Blocks' creative tab's displayItems
[18:50:38] [Render thread/DEBUG] (mezz.jei.library.plugins.vanilla.ingredients.ItemStackListFactory) Added  344/ 389 new items from 'Natural Blocks' creative tab's displayItems
[18:50:38] [Render thread/DEBUG] (mezz.jei.library.plugins.vanilla.ingredients.ItemStackListFactory) Added  178/ 282 new items from 'Functional Blocks' creative tab's displayItems
[18:50:38] [Render thread/DEBUG] (mezz.jei.library.plugins.vanilla.ingredients.ItemStackListFactory) Added   29/  68 new items from 'Redstone Blocks' creative tab's displayItems
[18:50:38] [Render thread/DEBUG] (mezz.jei.library.plugins.vanilla.ingredients.ItemStackListFactory) Skipping creative tab: 'Saved Hotbars' because it is type: HOTBAR
[18:50:38] [Render thread/DEBUG] (mezz.jei.library.plugins.vanilla.ingredients.ItemStackListFactory) Skipping creative tab: 'Search Items' because it is type: SEARCH
[18:50:38] [Render thread/DEBUG] (mezz.jei.library.plugins.vanilla.ingredients.ItemStackListFactory) Added  135/ 147 new items from 'Tools & Utilities' creative tab's displayItems
[18:50:38] [Render thread/DEBUG] (mezz.jei.library.plugins.vanilla.ingredients.ItemStackListFactory) Added   93/ 105 new items from 'Combat' creative tab's displayItems
[18:50:38] [Render thread/DEBUG] (mezz.jei.library.plugins.vanilla.ingredients.ItemStackListFactory) Added  203/ 206 new items from 'Food & Drinks' creative tab's displayItems
[18:50:38] [Render thread/DEBUG] (mezz.jei.library.plugins.vanilla.ingredients.ItemStackListFactory) Added  175/ 189 new items from 'Ingredients' creative tab's displayItems
[18:50:38] [Render thread/DEBUG] (mezz.jei.library.plugins.vanilla.ingredients.ItemStackListFactory) Added   83/ 272 new items from 'Ingredients' creative tab's searchTabDisplayItems
[18:50:38] [Render thread/DEBUG] (mezz.jei.library.plugins.vanilla.ingredients.ItemStackListFactory) Added   80/  80 new items from 'Spawn Eggs' creative tab's displayItems
[18:50:38] [Render thread/DEBUG] (mezz.jei.library.plugins.vanilla.ingredients.ItemStackListFactory) Item Group has no display items and no search tab display items. Items from this group will be missing from the JEI ingredient list. Operator Utilities
[18:50:38] [Render thread/DEBUG] (mezz.jei.library.plugins.vanilla.ingredients.ItemStackListFactory) Skipping creative tab: 'Survival Inventory' because it is type: INVENTORY
[18:50:38] [Render thread/DEBUG] (mezz.jei.library.plugins.vanilla.ingredients.ItemStackListFactory) Added  358/ 358 new items from 'BetterDeco' creative tab's displayItems
[18:50:38] [Render thread/DEBUG] (mezz.jei.library.plugins.vanilla.ingredients.ItemStackListFactory) Added   15/ 710 new items from 'Nature's Spirit' creative tab's displayItems
[18:50:38] [Render thread/WARN] (mezz.jei.library.plugins.vanilla.ingredients.ItemStackListFactory) Item Group has no display items and no search tab display items. Items from this group will be missing from the JEI ingredient list. Every Compat
[18:50:38] [Render thread/INFO] (mezz.jei.library.load.PluginCallerTimerRunnable) Registering ingredients: jei:minecraft took 184.2 milliseconds
[18:50:38] [Render thread/DEBUG] (mezz.jei.library.load.PluginCallerTimerRunnable) Registering ingredients: better_deco:jei_plugin...
[18:50:38] [Render thread/DEBUG] (mezz.jei.library.load.PluginCallerTimerRunnable) Registering ingredients: configured:jei_plugin...
[18:50:38] [Render thread/DEBUG] (mezz.jei.library.load.PluginCallerTimerRunnable) Registering ingredients: jei:debug...
[18:50:38] [Render thread/DEBUG] (mezz.jei.library.load.PluginCallerTimerRunnable) Registering ingredients: jei:fabric_gui...
[18:50:38] [Render thread/DEBUG] (mezz.jei.library.load.PluginCallerTimerRunnable) Registering ingredients: jei:gui...
[18:50:38] [Render thread/DEBUG] (mezz.jei.library.load.PluginCallerTimerRunnable) Registering ingredients: jei:internal...
[18:50:38] [Render thread/INFO] (mezz.jei.library.load.PluginCaller) Registering ingredients took 185.2 milliseconds
[18:50:38] [Render thread/INFO] (mezz.jei.library.load.PluginCaller) Registering extra ingredients...
[18:50:38] [Render thread/DEBUG] (mezz.jei.library.load.PluginCallerTimerRunnable) Registering extra ingredients: jei:minecraft...
[18:50:38] [Render thread/DEBUG] (mezz.jei.library.load.PluginCallerTimerRunnable) Registering extra ingredients: better_deco:jei_plugin...
[18:50:38] [Render thread/DEBUG] (mezz.jei.library.load.PluginCallerTimerRunnable) Registering extra ingredients: configured:jei_plugin...
[18:50:38] [Render thread/DEBUG] (mezz.jei.library.load.PluginCallerTimerRunnable) Registering extra ingredients: jei:debug...
[18:50:38] [Render thread/DEBUG] (mezz.jei.library.load.PluginCallerTimerRunnable) Registering extra ingredients: jei:fabric_gui...
[18:50:38] [Render thread/DEBUG] (mezz.jei.library.load.PluginCallerTimerRunnable) Registering extra ingredients: jei:gui...
[18:50:38] [Render thread/DEBUG] (mezz.jei.library.load.PluginCallerTimerRunnable) Registering extra ingredients: jei:internal...
[18:50:38] [Render thread/INFO] (mezz.jei.library.load.PluginCaller) Registering extra ingredients took 499.0 microseconds
[18:50:38] [Render thread/INFO] (mezz.jei.library.load.PluginCaller) Registering search ingredient aliases...
[18:50:38] [Render thread/DEBUG] (mezz.jei.library.load.PluginCallerTimerRunnable) Registering search ingredient aliases: jei:minecraft...
[18:50:38] [Render thread/DEBUG] (mezz.jei.library.load.PluginCallerTimerRunnable) Registering search ingredient aliases: better_deco:jei_plugin...
[18:50:38] [Render thread/DEBUG] (mezz.jei.library.load.PluginCallerTimerRunnable) Registering search ingredient aliases: configured:jei_plugin...
[18:50:38] [Render thread/DEBUG] (mezz.jei.library.load.PluginCallerTimerRunnable) Registering search ingredient aliases: jei:debug...
[18:50:38] [Render thread/DEBUG] (mezz.jei.library.load.PluginCallerTimerRunnable) Registering search ingredient aliases: jei:fabric_gui...
[18:50:38] [Render thread/DEBUG] (mezz.jei.library.load.PluginCallerTimerRunnable) Registering search ingredient aliases: jei:gui...
[18:50:38] [Render thread/DEBUG] (mezz.jei.library.load.PluginCallerTimerRunnable) Registering search ingredient aliases: jei:internal...
[18:50:38] [Render thread/INFO] (mezz.jei.library.load.PluginCaller) Registering search ingredient aliases took 938.9 microseconds
[18:50:38] [Render thread/INFO] (mezz.jei.library.load.PluginCaller) Registering Mod Info...
[18:50:38] [Render thread/DEBUG] (mezz.jei.library.load.PluginCallerTimerRunnable) Registering Mod Info: jei:minecraft...
[18:50:38] [Render thread/DEBUG] (mezz.jei.library.load.PluginCallerTimerRunnable) Registering Mod Info: better_deco:jei_plugin...
[18:50:38] [Render thread/DEBUG] (mezz.jei.library.load.PluginCallerTimerRunnable) Registering Mod Info: configured:jei_plugin...
[18:50:38] [Render thread/DEBUG] (mezz.jei.library.load.PluginCallerTimerRunnable) Registering Mod Info: jei:debug...
[18:50:38] [Render thread/DEBUG] (mezz.jei.library.load.PluginCallerTimerRunnable) Registering Mod Info: jei:fabric_gui...
[18:50:38] [Render thread/DEBUG] (mezz.jei.library.load.PluginCallerTimerRunnable) Registering Mod Info: jei:gui...
[18:50:38] [Render thread/DEBUG] (mezz.jei.library.load.PluginCallerTimerRunnable) Registering Mod Info: jei:internal...
[18:50:38] [Render thread/INFO] (mezz.jei.library.load.PluginCaller) Registering Mod Info took 559.8 microseconds
[18:50:38] [Render thread/INFO] (mezz.jei.library.load.PluginCaller) Registering categories...
[18:50:38] [Render thread/DEBUG] (mezz.jei.library.load.PluginCallerTimerRunnable) Registering categories: jei:minecraft...
[18:50:38] [Render thread/INFO] (mezz.jei.library.load.PluginCallerTimerRunnable) Registering categories: jei:minecraft took 24.93 milliseconds
[18:50:38] [Render thread/DEBUG] (mezz.jei.library.load.PluginCallerTimerRunnable) Registering categories: better_deco:jei_plugin...
[18:50:38] [Render thread/DEBUG] (mezz.jei.library.load.PluginCallerTimerRunnable) Registering categories: configured:jei_plugin...
[18:50:38] [Render thread/DEBUG] (mezz.jei.library.load.PluginCallerTimerRunnable) Registering categories: jei:debug...
[18:50:38] [Render thread/DEBUG] (mezz.jei.library.load.PluginCallerTimerRunnable) Registering categories: jei:fabric_gui...
[18:50:38] [Render thread/DEBUG] (mezz.jei.library.load.PluginCallerTimerRunnable) Registering categories: jei:gui...
[18:50:38] [Render thread/DEBUG] (mezz.jei.library.load.PluginCallerTimerRunnable) Registering categories: jei:internal...
[18:50:38] [Render thread/INFO] (mezz.jei.library.load.PluginCaller) Registering categories took 39.65 milliseconds
[18:50:38] [Render thread/INFO] (mezz.jei.library.load.PluginCaller) Registering vanilla category extensions...
[18:50:38] [Render thread/DEBUG] (mezz.jei.library.load.PluginCallerTimerRunnable) Registering vanilla category extensions: jei:minecraft...
[18:50:38] [Render thread/DEBUG] (mezz.jei.library.load.PluginCallerTimerRunnable) Registering vanilla category extensions: better_deco:jei_plugin...
[18:50:38] [Render thread/DEBUG] (mezz.jei.library.load.PluginCallerTimerRunnable) Registering vanilla category extensions: configured:jei_plugin...
[18:50:38] [Render thread/DEBUG] (mezz.jei.library.load.PluginCallerTimerRunnable) Registering vanilla category extensions: jei:debug...
[18:50:38] [Render thread/DEBUG] (mezz.jei.library.load.PluginCallerTimerRunnable) Registering vanilla category extensions: jei:fabric_gui...
[18:50:38] [Render thread/DEBUG] (mezz.jei.library.load.PluginCallerTimerRunnable) Registering vanilla category extensions: jei:gui...
[18:50:38] [Render thread/DEBUG] (mezz.jei.library.load.PluginCallerTimerRunnable) Registering vanilla category extensions: jei:internal...
[18:50:38] [Render thread/INFO] (mezz.jei.library.load.PluginCaller) Registering vanilla category extensions took 4.624 milliseconds
[18:50:38] [Render thread/INFO] (mezz.jei.library.load.PluginCaller) Registering recipe catalysts...
[18:50:38] [Render thread/DEBUG] (mezz.jei.library.load.PluginCallerTimerRunnable) Registering recipe catalysts: jei:minecraft...
[18:50:38] [Render thread/DEBUG] (mezz.jei.library.load.PluginCallerTimerRunnable) Registering recipe catalysts: better_deco:jei_plugin...
[18:50:38] [Render thread/DEBUG] (mezz.jei.library.load.PluginCallerTimerRunnable) Registering recipe catalysts: configured:jei_plugin...
[18:50:38] [Render thread/DEBUG] (mezz.jei.library.load.PluginCallerTimerRunnable) Registering recipe catalysts: jei:debug...
[18:50:38] [Render thread/DEBUG] (mezz.jei.library.load.PluginCallerTimerRunnable) Registering recipe catalysts: jei:fabric_gui...
[18:50:38] [Render thread/DEBUG] (mezz.jei.library.load.PluginCallerTimerRunnable) Registering recipe catalysts: jei:gui...
[18:50:38] [Render thread/DEBUG] (mezz.jei.library.load.PluginCallerTimerRunnable) Registering recipe catalysts: jei:internal...
[18:50:38] [Render thread/INFO] (mezz.jei.library.load.PluginCaller) Registering recipe catalysts took 1.040 milliseconds
[18:50:38] [Render thread/INFO] (mezz.jei.core.util.LoggedTimer) Building recipe registry...
[18:50:38] [Render thread/INFO] (mezz.jei.core.util.LoggedTimer) Building recipe registry took 16.52 milliseconds
[18:50:38] [Render thread/INFO] (mezz.jei.library.load.PluginCaller) Registering advanced plugins...
[18:50:38] [Render thread/DEBUG] (mezz.jei.library.load.PluginCallerTimerRunnable) Registering advanced plugins: jei:minecraft...
[18:50:38] [Render thread/DEBUG] (mezz.jei.library.load.PluginCallerTimerRunnable) Registering advanced plugins: better_deco:jei_plugin...
[18:50:38] [Render thread/DEBUG] (mezz.jei.library.load.PluginCallerTimerRunnable) Registering advanced plugins: configured:jei_plugin...
[18:50:38] [Render thread/DEBUG] (mezz.jei.library.load.PluginCallerTimerRunnable) Registering advanced plugins: jei:debug...
[18:50:38] [Render thread/DEBUG] (mezz.jei.library.load.PluginCallerTimerRunnable) Registering advanced plugins: jei:fabric_gui...
[18:50:38] [Render thread/DEBUG] (mezz.jei.library.load.PluginCallerTimerRunnable) Registering advanced plugins: jei:gui...
[18:50:38] [Render thread/DEBUG] (mezz.jei.library.load.PluginCallerTimerRunnable) Registering advanced plugins: jei:internal...
[18:50:38] [Render thread/INFO] (mezz.jei.library.load.PluginCaller) Registering advanced plugins took 561.8 microseconds
[18:50:38] [Render thread/INFO] (mezz.jei.library.load.PluginCaller) Registering recipes...
[18:50:38] [Render thread/DEBUG] (mezz.jei.library.load.PluginCallerTimerRunnable) Registering recipes: jei:minecraft...
[18:50:38] [Render thread/DEBUG] (mezz.jei.library.recipes.RecipeManagerInternal) Adding recipes: RecipeType[uid=minecraft:crafting, recipeClass=class net.minecraft.world.item.crafting.RecipeHolder]
[18:50:38] [Render thread/DEBUG] (mezz.jei.library.recipes.RecipeManagerInternal) Adding recipes: RecipeType[uid=minecraft:crafting, recipeClass=class net.minecraft.world.item.crafting.RecipeHolder]
[18:50:38] [Render thread/DEBUG] (mezz.jei.library.recipes.RecipeManagerInternal) Adding recipes: RecipeType[uid=minecraft:stonecutting, recipeClass=class net.minecraft.world.item.crafting.RecipeHolder]
[18:50:38] [Render thread/DEBUG] (mezz.jei.library.recipes.RecipeManagerInternal) Adding recipes: RecipeType[uid=minecraft:smelting, recipeClass=class net.minecraft.world.item.crafting.RecipeHolder]
[18:50:38] [Render thread/DEBUG] (mezz.jei.library.recipes.RecipeManagerInternal) Adding recipes: RecipeType[uid=minecraft:smoking, recipeClass=class net.minecraft.world.item.crafting.RecipeHolder]
[18:50:38] [Render thread/DEBUG] (mezz.jei.library.recipes.RecipeManagerInternal) Adding recipes: RecipeType[uid=minecraft:blasting, recipeClass=class net.minecraft.world.item.crafting.RecipeHolder]
[18:50:38] [Render thread/DEBUG] (mezz.jei.library.recipes.RecipeManagerInternal) Adding recipes: RecipeType[uid=minecraft:campfire_cooking, recipeClass=class net.minecraft.world.item.crafting.RecipeHolder]
[18:50:38] [Render thread/DEBUG] (mezz.jei.library.recipes.RecipeManagerInternal) Adding recipes: RecipeType[uid=minecraft:fuel, recipeClass=interface mezz.jei.api.recipe.vanilla.IJeiFuelingRecipe]
[18:50:38] [Render thread/DEBUG] (mezz.jei.library.recipes.RecipeManagerInternal) Adding recipes: RecipeType[uid=minecraft:anvil, recipeClass=interface mezz.jei.api.recipe.vanilla.IJeiAnvilRecipe]
[18:50:38] [Render thread/DEBUG] (mezz.jei.library.recipes.RecipeManagerInternal) Adding recipes: RecipeType[uid=minecraft:smithing, recipeClass=class net.minecraft.world.item.crafting.RecipeHolder]
[18:50:38] [Render thread/DEBUG] (mezz.jei.library.recipes.RecipeManagerInternal) Adding recipes: RecipeType[uid=minecraft:compostable, recipeClass=interface mezz.jei.api.recipe.vanilla.IJeiCompostingRecipe]
[18:50:38] [Render thread/DEBUG] (mezz.jei.library.recipes.RecipeManagerInternal) Adding recipes: RecipeType[uid=minecraft:brewing, recipeClass=interface mezz.jei.api.recipe.vanilla.IJeiBrewingRecipe]
[18:50:38] [Render thread/DEBUG] (mezz.jei.library.recipes.RecipeManagerInternal) Adding recipes: RecipeType[uid=minecraft:grindstone, recipeClass=interface mezz.jei.api.recipe.vanilla.IJeiGrindstoneRecipe]
[18:50:38] [Render thread/INFO] (mezz.jei.library.load.PluginCallerTimerRunnable) Registering recipes: jei:minecraft took 272.5 milliseconds
[18:50:38] [Render thread/DEBUG] (mezz.jei.library.load.PluginCallerTimerRunnable) Registering recipes: better_deco:jei_plugin...
[18:50:38] [Render thread/DEBUG] (mezz.jei.library.recipes.RecipeManagerInternal) Adding recipes: RecipeType[uid=better_deco:oven, recipeClass=class net.tier1234.better_deco.recipe.OvenRecipe]
[18:50:38] [Render thread/DEBUG] (mezz.jei.library.recipes.RecipeManagerInternal) Adding recipes: RecipeType[uid=better_deco:microwave, recipeClass=class net.tier1234.better_deco.recipe.MicrowaveRecipe]
[18:50:38] [Render thread/DEBUG] (mezz.jei.library.recipes.RecipeManagerInternal) Adding recipes: RecipeType[uid=better_deco:furni_crafting, recipeClass=class net.tier1234.better_deco.recipe.FurniCraftingRecipe]
[18:50:38] [Render thread/DEBUG] (mezz.jei.library.load.PluginCallerTimerRunnable) Registering recipes: configured:jei_plugin...
[18:50:38] [Render thread/DEBUG] (mezz.jei.library.load.PluginCallerTimerRunnable) Registering recipes: jei:debug...
[18:50:38] [Render thread/DEBUG] (mezz.jei.library.load.PluginCallerTimerRunnable) Registering recipes: jei:fabric_gui...
[18:50:38] [Render thread/DEBUG] (mezz.jei.library.load.PluginCallerTimerRunnable) Registering recipes: jei:gui...
[18:50:38] [Render thread/DEBUG] (mezz.jei.library.load.PluginCallerTimerRunnable) Registering recipes: jei:internal...
[18:50:38] [Render thread/DEBUG] (mezz.jei.library.plugins.jei.tags.TagInfoRecipeMaker) No valid ingredients found for minecraft:item tag: Juice (c:drinks/juice)
[18:50:38] [Render thread/DEBUG] (mezz.jei.library.plugins.jei.tags.TagInfoRecipeMaker) No valid ingredients found for minecraft:item tag: Disabled Pizza Toppings (natures_spirit:disabled_pizza_toppings)
[18:50:38] [Render thread/DEBUG] (mezz.jei.library.plugins.jei.tags.TagInfoRecipeMaker) No valid ingredients found for minecraft:item tag: Candies (c:foods/candies)
[18:50:38] [Render thread/DEBUG] (mezz.jei.library.plugins.jei.tags.TagInfoRecipeMaker) No valid ingredients found for minecraft:item tag: Doughs (c:foods/dough)
[18:50:38] [Render thread/DEBUG] (mezz.jei.library.plugins.jei.tags.TagInfoRecipeMaker) No valid ingredients found for minecraft:item tag: Ropes (c:ropes)
[18:50:38] [Render thread/DEBUG] (mezz.jei.library.plugins.jei.tags.TagInfoRecipeMaker) No valid ingredients found for minecraft:item tag: Water (c:drinks/water)
[18:50:38] [Render thread/DEBUG] (mezz.jei.library.plugins.jei.tags.TagInfoRecipeMaker) No valid ingredients found for minecraft:item tag: Candies (c:foods/candy)
[18:50:38] [Render thread/DEBUG] (mezz.jei.library.plugins.jei.tags.TagInfoRecipeMaker) No valid ingredients found for minecraft:item tag: Non recolorable (moonlight:non_recolorable)
[18:50:38] [Render thread/DEBUG] (mezz.jei.library.recipes.RecipeManagerInternal) Adding recipes: RecipeType[uid=minecraft:tag_recipes/item, recipeClass=interface mezz.jei.library.plugins.jei.tags.ITagInfoRecipe]
[18:50:38] [Server thread/DEBUG] (FabricLoader/Mixin) Mixing PathContextMixin from fabric-content-registries-v0.mixins.json into net.minecraft.world.level.pathfinder.PathfindingContext
[18:50:38] [Server thread/DEBUG] (FabricLoader/Mixin) fabric-content-registries-v0.mixins.json:PathContextMixin from mod fabric-content-registries-v0: Class version 65 required is higher than the class version supported by the current version of Mixin (JAVA_17 supports class version 61)
[18:50:38] [Render thread/DEBUG] (mezz.jei.library.plugins.jei.tags.TagInfoRecipeMaker) No valid ingredients found for minecraft:block tag: #minecraft:air (minecraft:air)
[18:50:38] [Render thread/DEBUG] (mezz.jei.library.plugins.jei.tags.TagInfoRecipeMaker) No valid ingredients found for minecraft:block tag: Mineable by Shears (minecraft:mineable/shear)
[18:50:38] [Server thread/DEBUG] (FabricLoader/Mixin) fabric-content-registries-v0.mixins.json:PathContextMixin from mod fabric-content-registries-v0->@Inject::onGetNodeType(IIILorg/spongepowered/asm/mixin/injection/callback/CallbackInfoReturnable;)V does use it's CallbackInfoReturnable
[18:50:38] [Render thread/DEBUG] (mezz.jei.library.plugins.jei.tags.TagInfoRecipeMaker) No valid ingredients found for minecraft:block tag: #minecraft:strider_warm_blocks (minecraft:strider_warm_blocks)
[18:50:38] [Render thread/DEBUG] (mezz.jei.library.plugins.jei.tags.TagInfoRecipeMaker) No valid ingredients found for minecraft:block tag: #minecraft:incorrect_for_netherite_tool (minecraft:incorrect_for_netherite_tool)
[18:50:38] [Render thread/DEBUG] (mezz.jei.library.plugins.jei.tags.TagInfoRecipeMaker) No valid ingredients found for minecraft:block tag: Ropes (c:ropes)
[18:50:38] [Render thread/DEBUG] (mezz.jei.library.plugins.jei.tags.TagInfoRecipeMaker) No valid ingredients found for minecraft:block tag: #minecraft:fire (minecraft:fire)
[18:50:38] [Render thread/DEBUG] (mezz.jei.library.plugins.jei.tags.TagInfoRecipeMaker) No valid ingredients found for minecraft:block tag: Relocation Not Supported (c:relocation_not_supported)
[18:50:38] [Render thread/DEBUG] (mezz.jei.library.plugins.jei.tags.TagInfoRecipeMaker) No valid ingredients found for minecraft:block tag: #minecraft:portals (minecraft:portals)
[18:50:38] [Render thread/DEBUG] (mezz.jei.library.plugins.jei.tags.TagInfoRecipeMaker) No valid ingredients found for minecraft:block tag: #minecraft:invalid_spawn_inside (minecraft:invalid_spawn_inside)
[18:50:38] [Render thread/DEBUG] (mezz.jei.library.plugins.jei.tags.TagInfoRecipeMaker) No valid ingredients found for minecraft:block tag: #minecraft:incorrect_for_diamond_tool (minecraft:incorrect_for_diamond_tool)
[18:50:38] [Render thread/DEBUG] (mezz.jei.library.plugins.jei.tags.TagInfoRecipeMaker) No valid ingredients found for minecraft:block tag: #minecraft:candle_cakes (minecraft:candle_cakes)
[18:50:38] [Render thread/DEBUG] (mezz.jei.library.recipes.RecipeManagerInternal) Adding recipes: RecipeType[uid=minecraft:tag_recipes/block, recipeClass=interface mezz.jei.library.plugins.jei.tags.ITagInfoRecipe]
[18:50:38] [Render thread/DEBUG] (mezz.jei.library.plugins.jei.tags.TagInfoRecipeMaker) No valid ingredients found for minecraft:fluid tag: Honey (c:honey)
[18:50:38] [Render thread/DEBUG] (mezz.jei.library.plugins.jei.tags.TagInfoRecipeMaker) No valid ingredients found for minecraft:fluid tag: Suspicious Stew (c:suspicious_stew)
[18:50:38] [Render thread/DEBUG] (mezz.jei.library.plugins.jei.tags.TagInfoRecipeMaker) No valid ingredients found for minecraft:fluid tag: Experience (c:experience)
[18:50:38] [Render thread/DEBUG] (mezz.jei.library.plugins.jei.tags.TagInfoRecipeMaker) No valid ingredients found for minecraft:fluid tag: Beetroot Soup (c:beetroot_soup)
[18:50:38] [Render thread/DEBUG] (mezz.jei.library.plugins.jei.tags.TagInfoRecipeMaker) No valid ingredients found for minecraft:fluid tag: Mushroom Stew (c:mushroom_stew)
[18:50:38] [Render thread/DEBUG] (mezz.jei.library.plugins.jei.tags.TagInfoRecipeMaker) No valid ingredients found for minecraft:fluid tag: Potion (c:potion)
[18:50:38] [Render thread/DEBUG] (mezz.jei.library.plugins.jei.tags.TagInfoRecipeMaker) No valid ingredients found for minecraft:fluid tag: Gaseous (c:gaseous)
[18:50:38] [Render thread/DEBUG] (mezz.jei.library.plugins.jei.tags.TagInfoRecipeMaker) No valid ingredients found for minecraft:fluid tag: Milk (c:milk)
[18:50:38] [Render thread/DEBUG] (mezz.jei.library.plugins.jei.tags.TagInfoRecipeMaker) No valid ingredients found for minecraft:fluid tag: Rabbit Stew (c:rabbit_stew)
[18:50:38] [Render thread/DEBUG] (mezz.jei.library.recipes.RecipeManagerInternal) Adding recipes: RecipeType[uid=minecraft:tag_recipes/fluid, recipeClass=interface mezz.jei.library.plugins.jei.tags.ITagInfoRecipe]
[18:50:38] [Render thread/INFO] (mezz.jei.library.load.PluginCallerTimerRunnable) Registering recipes: jei:internal took 55.09 milliseconds
[18:50:38] [Render thread/INFO] (mezz.jei.library.load.PluginCaller) Registering recipes took 336.1 milliseconds
[18:50:38] [Render thread/INFO] (mezz.jei.library.load.PluginCaller) Registering recipes transfer handlers...
[18:50:38] [Render thread/DEBUG] (mezz.jei.library.load.PluginCallerTimerRunnable) Registering recipes transfer handlers: jei:minecraft...
[18:50:38] [Render thread/DEBUG] (mezz.jei.library.load.PluginCallerTimerRunnable) Registering recipes transfer handlers: better_deco:jei_plugin...
[18:50:38] [Render thread/DEBUG] (mezz.jei.library.load.PluginCallerTimerRunnable) Registering recipes transfer handlers: configured:jei_plugin...
[18:50:38] [Render thread/DEBUG] (mezz.jei.library.load.PluginCallerTimerRunnable) Registering recipes transfer handlers: jei:debug...
[18:50:38] [Render thread/DEBUG] (mezz.jei.library.load.PluginCallerTimerRunnable) Registering recipes transfer handlers: jei:fabric_gui...
[18:50:38] [Render thread/DEBUG] (mezz.jei.library.load.PluginCallerTimerRunnable) Registering recipes transfer handlers: jei:gui...
[18:50:38] [Render thread/DEBUG] (mezz.jei.library.load.PluginCallerTimerRunnable) Registering recipes transfer handlers: jei:internal...
[18:50:38] [Render thread/INFO] (mezz.jei.library.load.PluginCaller) Registering recipes transfer handlers took 4.329 milliseconds
[18:50:38] [Render thread/INFO] (mezz.jei.core.util.LoggedTimer) Building runtime...
[18:50:38] [Render thread/INFO] (mezz.jei.library.load.PluginCaller) Registering gui handlers...
[18:50:38] [Render thread/DEBUG] (mezz.jei.library.load.PluginCallerTimerRunnable) Registering gui handlers: jei:minecraft...
[18:50:38] [Render thread/DEBUG] (mezz.jei.library.load.PluginCallerTimerRunnable) Registering gui handlers: better_deco:jei_plugin...
[18:50:38] [Render thread/DEBUG] (mezz.jei.library.load.PluginCallerTimerRunnable) Registering gui handlers: configured:jei_plugin...
[18:50:38] [Render thread/DEBUG] (mezz.jei.library.load.PluginCallerTimerRunnable) Registering gui handlers: jei:debug...
[18:50:38] [Render thread/DEBUG] (mezz.jei.library.load.PluginCallerTimerRunnable) Registering gui handlers: jei:fabric_gui...
[18:50:38] [Render thread/DEBUG] (mezz.jei.library.load.PluginCallerTimerRunnable) Registering gui handlers: jei:gui...
[18:50:38] [Render thread/DEBUG] (mezz.jei.library.load.PluginCallerTimerRunnable) Registering gui handlers: jei:internal...
[18:50:38] [Render thread/INFO] (mezz.jei.library.load.PluginCaller) Registering gui handlers took 9.564 milliseconds
[18:50:38] [Render thread/INFO] (mezz.jei.library.load.PluginCaller) Registering Runtime...
[18:50:38] [Render thread/DEBUG] (mezz.jei.library.load.PluginCallerTimerRunnable) Registering Runtime: jei:minecraft...
[18:50:38] [Render thread/DEBUG] (mezz.jei.library.load.PluginCallerTimerRunnable) Registering Runtime: better_deco:jei_plugin...
[18:50:38] [Render thread/DEBUG] (mezz.jei.library.load.PluginCallerTimerRunnable) Registering Runtime: configured:jei_plugin...
[18:50:38] [Render thread/DEBUG] (mezz.jei.library.load.PluginCallerTimerRunnable) Registering Runtime: jei:debug...
[18:50:38] [Render thread/DEBUG] (mezz.jei.library.load.PluginCallerTimerRunnable) Registering Runtime: jei:fabric_gui...
[18:50:38] [Render thread/INFO] (mezz.jei.gui.startup.JeiGuiStarter) Starting JEI GUI
[18:50:38] [Render thread/INFO] (mezz.jei.core.util.LoggedTimer) Building ingredient list...
[18:50:38] [Render thread/DEBUG] (mezz.jei.gui.ingredients.IngredientListElementFactory) Registering ingredients: ItemStack
[18:50:38] [Render thread/DEBUG] (mezz.jei.gui.ingredients.IngredientListElementFactory) Registering ingredients: IJeiFluidIngredient
[18:50:38] [Render thread/INFO] (mezz.jei.core.util.LoggedTimer) Building ingredient list took 39.23 milliseconds
[18:50:38] [Render thread/INFO] (mezz.jei.core.util.LoggedTimer) Building ingredient filter...
[18:50:39] [Render thread/INFO] (mezz.jei.gui.ingredients.IngredientFilter) Adding 2768 ingredients
[18:50:39] [Render thread/INFO] (mezz.jei.gui.ingredients.IngredientFilter) Added 2768 ingredients
[18:50:39] [Render thread/INFO] (mezz.jei.core.util.LoggedTimer) Building ingredient filter took 505.3 milliseconds
[18:50:39] [Render thread/DEBUG] (mezz.jei.gui.config.LookupHistoryJsonConfig) Loaded lookup history config from file: C:\Users\HP\IdeaProjects\BetterDeco-Muliloader\fabric\runs\client\config\jei\world\local\New_World\lookupHistory.json
[18:50:39] [Render thread/DEBUG] (mezz.jei.gui.config.BookmarkJsonConfig) Loaded bookmarks config from file: C:\Users\HP\IdeaProjects\BetterDeco-Muliloader\fabric\runs\client\config\jei\world\local\New_World\bookmarks.json
[18:50:39] [Render thread/DEBUG] (mezz.jei.gui.config.BookmarkJsonConfig) Loaded legacy compressed json bookmarks config from file: C:\Users\HP\IdeaProjects\BetterDeco-Muliloader\fabric\runs\client\config\jei\world\local\New_World\bookmarks.json
[18:50:39] [Render thread/INFO] (mezz.jei.library.load.PluginCallerTimerRunnable) Registering Runtime: jei:fabric_gui took 699.1 milliseconds
[18:50:39] [Render thread/DEBUG] (mezz.jei.library.load.PluginCallerTimerRunnable) Registering Runtime: jei:gui...
[18:50:39] [Render thread/DEBUG] (mezz.jei.library.load.PluginCallerTimerRunnable) Registering Runtime: jei:internal...
[18:50:39] [Render thread/INFO] (mezz.jei.library.load.PluginCaller) Registering Runtime took 700.0 milliseconds
[18:50:39] [Render thread/INFO] (mezz.jei.core.util.LoggedTimer) Building runtime took 719.2 milliseconds
[18:50:39] [Render thread/INFO] (mezz.jei.library.load.PluginCaller) Sending Runtime...
[18:50:39] [Render thread/DEBUG] (mezz.jei.library.load.PluginCallerTimerRunnable) Sending Runtime: jei:minecraft...
[18:50:39] [Render thread/DEBUG] (mezz.jei.library.load.PluginCallerTimerRunnable) Sending Runtime: better_deco:jei_plugin...
[18:50:39] [Render thread/DEBUG] (mezz.jei.library.load.PluginCallerTimerRunnable) Sending Runtime: configured:jei_plugin...
[18:50:39] [Render thread/DEBUG] (mezz.jei.library.load.PluginCallerTimerRunnable) Sending Runtime: jei:debug...
[18:50:39] [Render thread/DEBUG] (mezz.jei.library.load.PluginCallerTimerRunnable) Sending Runtime: jei:fabric_gui...
[18:50:39] [Render thread/DEBUG] (mezz.jei.library.load.PluginCallerTimerRunnable) Sending Runtime: jei:gui...
[18:50:39] [Render thread/DEBUG] (mezz.jei.library.load.PluginCallerTimerRunnable) Sending Runtime: jei:internal...
[18:50:39] [Render thread/INFO] (mezz.jei.library.load.PluginCaller) Sending Runtime took 406.8 microseconds
[18:50:39] [Render thread/INFO] (mezz.jei.core.util.LoggedTimer) Starting JEI took 1.414 seconds
[18:50:39] [Render thread/INFO] (net.minecraft.advancements.AdvancementTree) Loaded 2 advancements
[18:50:39] [Render thread/INFO] (Moonlight) Synced moonlight-common.json configs
[18:50:39] [Render thread/DEBUG] (FabricLoader/Mixin) Mixing ChunkRendererRegionBuilderMixin from fabric-block-view-api-v2.client.mixins.json into net.minecraft.client.renderer.chunk.RenderRegionCache
[18:50:39] [Render thread/DEBUG] (FabricLoader/Mixin) fabric-block-view-api-v2.client.mixins.json:ChunkRendererRegionBuilderMixin from mod fabric-block-view-api-v2: Class version 65 required is higher than the class version supported by the current version of Mixin (JAVA_17 supports class version 61)
[18:50:39] [Render thread/DEBUG] (FabricLoader/Mixin) fabric-block-view-api-v2.client.mixins.json:ChunkRendererRegionBuilderMixin from mod fabric-block-view-api-v2->@Inject::copyDataForChunk(Lnet/minecraft/world/level/Level;Lnet/minecraft/core/SectionPos;Lorg/spongepowered/asm/mixin/injection/callback/CallbackInfoReturnable;)V doesn't use it's CallbackInfoReturnable
[18:50:39] [Render thread/DEBUG] (FabricLoader/Mixin) fabric-block-view-api-v2.client.mixins.json:ChunkRendererRegionBuilderMixin from mod fabric-block-view-api-v2->@Inject::copyDataForChunk(Lnet/minecraft/world/level/Level;Lnet/minecraft/core/SectionPos;Lorg/spongepowered/asm/mixin/injection/callback/CallbackInfoReturnable;)V has 0 override(s) in child classes
[18:50:39] [Render thread/DEBUG] (FabricLoader/Mixin) fabric-block-view-api-v2.client.mixins.json:ChunkRendererRegionBuilderMixin from mod fabric-block-view-api-v2->@Inject::copyDataForChunk(Lnet/minecraft/world/level/Level;Lnet/minecraft/core/SectionPos;Lorg/spongepowered/asm/mixin/injection/callback/CallbackInfoReturnable;)V won't be passed a CallbackInfoReturnable as a result
[18:50:39] [Render thread/DEBUG] (FabricLoader/Mixin) fabric-block-view-api-v2.client.mixins.json:ChunkRendererRegionBuilderMixin from mod fabric-block-view-api-v2->@Inject::createDataMap(Lnet/minecraft/world/level/Level;Lnet/minecraft/core/SectionPos;Lorg/spongepowered/asm/mixin/injection/callback/CallbackInfoReturnable;)V does use it's CallbackInfoReturnable
[18:50:39] [Render thread/DEBUG] (FabricLoader/Mixin) Mixing ChunkRendererRegionMixin from fabric-renderer-indigo.mixins.json into net.minecraft.client.renderer.chunk.RenderChunkRegion
[18:50:39] [Render thread/DEBUG] (FabricLoader/Mixin) Mixing ChunkRendererRegionMixin from fabric-block-view-api-v2.client.mixins.json into net.minecraft.client.renderer.chunk.RenderChunkRegion
[18:50:39] [Render thread/DEBUG] (FabricLoader/Mixin) fabric-block-view-api-v2.client.mixins.json:ChunkRendererRegionMixin from mod fabric-block-view-api-v2: Class version 65 required is higher than the class version supported by the current version of Mixin (JAVA_17 supports class version 61)
[18:50:39] [Render thread/DEBUG] (FabricLoader/Mixin) Mixing ChunkRendererRegionMixin from fabric-rendering-data-attachment-v1.client.mixins.json into net.minecraft.client.renderer.chunk.RenderChunkRegion
[18:50:39] [Render thread/DEBUG] (FabricLoader/Mixin) fabric-rendering-data-attachment-v1.client.mixins.json:ChunkRendererRegionMixin from mod fabric-rendering-data-attachment-v1: Class version 65 required is higher than the class version supported by the current version of Mixin (JAVA_17 supports class version 61)
[18:50:40] [JEI Deduplicating Run Executor 0/DEBUG] (mezz.jei.common.config.file.ConfigSerializer) Saving config file: C:\Users\HP\IdeaProjects\BetterDeco-Muliloader\fabric\runs\client\config\jei\jei-colors.ini
[18:50:40] [JEI Deduplicating Run Executor 0/DEBUG] (mezz.jei.common.config.file.ConfigSerializer) Saving config file: C:\Users\HP\IdeaProjects\BetterDeco-Muliloader\fabric\runs\client\config\jei\jei-client.ini
[18:50:40] [JEI Deduplicating Run Executor 0/DEBUG] (mezz.jei.common.config.file.ConfigSerializer) Saving config file: C:\Users\HP\IdeaProjects\BetterDeco-Muliloader\fabric\runs\client\config\jei\jei-debug.ini
[18:50:40] [JEI Deduplicating Run Executor 0/DEBUG] (mezz.jei.common.config.file.ConfigSerializer) Saving config file: C:\Users\HP\IdeaProjects\BetterDeco-Muliloader\fabric\runs\client\config\jei\jei-mod-id-format.ini
[18:50:40] [Render thread/DEBUG] (com.mojang.blaze3d.systems.RenderSystem) Growing IndexBuffer: Old limit 9360, new limit 20736.
[18:50:40] [Render thread/DEBUG] (com.mojang.blaze3d.systems.RenderSystem) Growing IndexBuffer: Old limit 20736, new limit 41520.
[18:50:40] [Server thread/DEBUG] (FabricLoader/Mixin) Mixing FarmerWorkTaskAccessor from fabric-content-registries-v0.mixins.json into net.minecraft.world.entity.ai.behavior.WorkAtComposter
[18:50:40] [Server thread/DEBUG] (FabricLoader/Mixin) fabric-content-registries-v0.mixins.json:FarmerWorkTaskAccessor from mod fabric-content-registries-v0: Class version 65 required is higher than the class version supported by the current version of Mixin (JAVA_17 supports class version 61)
[18:50:40] [Server thread/DEBUG] (FabricLoader/Mixin) Renaming @Accessor method fabric_setCompostables(Ljava/util/List;)V to fabric_setCompostables$fabric-content-registries-v0_$md$310282$0 in fabric-content-registries-v0.mixins.json:FarmerWorkTaskAccessor from mod fabric-content-registries-v0
[18:50:40] [Server thread/DEBUG] (FabricLoader/Mixin) Renaming @Accessor method fabric_getCompostable()Ljava/util/List; to fabric_getCompostable$fabric-content-registries-v0_$md$310282$1 in fabric-content-registries-v0.mixins.json:FarmerWorkTaskAccessor from mod fabric-content-registries-v0
[18:50:40] [JEI Config File Watcher/DEBUG] (mezz.jei.common.config.file.FileWatcherThread) Detected changes in files:
C:\Users\HP\IdeaProjects\BetterDeco-Muliloader\fabric\runs\client\config\jei\jei-colors.ini
C:\Users\HP\IdeaProjects\BetterDeco-Muliloader\fabric\runs\client\config\jei\jei-client.ini
C:\Users\HP\IdeaProjects\BetterDeco-Muliloader\fabric\runs\client\config\jei\jei-debug.ini
C:\Users\HP\IdeaProjects\BetterDeco-Muliloader\fabric\runs\client\config\jei\jei-mod-id-format.ini
[18:50:40] [Server thread/DEBUG] (FabricLoader/Mixin) Mixing GiveGiftsToHeroTaskAccessor from fabric-content-registries-v0.mixins.json into net.minecraft.world.entity.ai.behavior.GiveGiftToHero
[18:50:40] [Server thread/DEBUG] (FabricLoader/Mixin) fabric-content-registries-v0.mixins.json:GiveGiftsToHeroTaskAccessor from mod fabric-content-registries-v0: Class version 65 required is higher than the class version supported by the current version of Mixin (JAVA_17 supports class version 61)
[18:50:40] [Server thread/DEBUG] (FabricLoader/Mixin) Renaming @Accessor method fabric_getGifts()Ljava/util/Map; to fabric_getGifts$fabric-content-registries-v0_$md$310282$0 in fabric-content-registries-v0.mixins.json:GiveGiftsToHeroTaskAccessor from mod fabric-content-registries-v0
[18:50:41] [Render thread/DEBUG] (FabricLoader/Mixin) Generating mapped inner class net/minecraft/world/item/CreativeModeTabs$1ItemGroupPosition$411d283f0a96489fa7c6213777f5edac (originally net/fabricmc/fabric/mixin/itemgroup/ItemGroupsMixin$1ItemGroupPosition)
[18:50:41] [Render thread/DEBUG] (BetterDeco) Loaded net.tier1234.better_deco.platform.FabricPlatformHelper@5b675530 for service interface net.tier1234.better_deco.platform.services.IPlatformHelper
[18:50:41] [Render thread/DEBUG] (BetterDeco) Loaded net.tier1234.better_deco.platform.FabricClientHelper@3daae035 for service interface net.tier1234.better_deco.platform.services.IClientHelper
[18:50:41] [Render thread/DEBUG] (BetterDeco) Loaded net.tier1234.better_deco.platform.FabricNetworkHelper@e61afdf for service interface net.tier1234.better_deco.platform.services.INetworkHelper
[18:50:41] [Render thread/DEBUG] (mezz.jei.common.config.file.ConfigSerializer) Skipping loading config file, it was just saved by us: C:\Users\HP\IdeaProjects\BetterDeco-Muliloader\fabric\runs\client\config\jei\jei-client.ini
[18:50:41] [Render thread/DEBUG] (FabricLoader/Mixin) Mixing ModelPredicateProviderRegistryAccessor from fabric-object-builder-v1.client.mixins.json into net.minecraft.client.renderer.item.ItemProperties
[18:50:41] [Render thread/DEBUG] (FabricLoader/Mixin) fabric-object-builder-v1.client.mixins.json:ModelPredicateProviderRegistryAccessor from mod fabric-object-builder-api-v1: Class version 65 required is higher than the class version supported by the current version of Mixin (JAVA_17 supports class version 61)
[18:50:41] [Render thread/DEBUG] (FabricLoader/Mixin) Renaming @Invoker method callRegister(Lnet/minecraft/resources/ResourceLocation;Lnet/minecraft/client/renderer/item/ClampedItemPropertyFunction;)Lnet/minecraft/client/renderer/item/ClampedItemPropertyFunction; to callRegister$fabric-object-builder-api-v1_$md$310282$0 in fabric-object-builder-v1.client.mixins.json:ModelPredicateProviderRegistryAccessor from mod fabric-object-builder-api-v1
[18:50:41] [Render thread/DEBUG] (FabricLoader/Mixin) Mixing ModelPredicateProviderRegistrySpecificAccessor from fabric-object-builder-v1.client.mixins.json into net.minecraft.client.renderer.item.ItemProperties
[18:50:41] [Render thread/DEBUG] (FabricLoader/Mixin) fabric-object-builder-v1.client.mixins.json:ModelPredicateProviderRegistrySpecificAccessor from mod fabric-object-builder-api-v1: Class version 65 required is higher than the class version supported by the current version of Mixin (JAVA_17 supports class version 61)
[18:50:41] [Render thread/DEBUG] (FabricLoader/Mixin) Renaming @Invoker method callRegister(Lnet/minecraft/world/item/Item;Lnet/minecraft/resources/ResourceLocation;Lnet/minecraft/client/renderer/item/ClampedItemPropertyFunction;)V to callRegister$fabric-object-builder-api-v1_$md$310282$1 in fabric-object-builder-v1.client.mixins.json:ModelPredicateProviderRegistrySpecificAccessor from mod fabric-object-builder-api-v1
[18:50:41] [Render thread/DEBUG] (FabricLoader/Mixin) Mixing TooltipComponentMixin from fabric-rendering-v1.mixins.json into net.minecraft.client.gui.screens.inventory.tooltip.ClientTooltipComponent
[18:50:41] [Render thread/DEBUG] (FabricLoader/Mixin) fabric-rendering-v1.mixins.json:TooltipComponentMixin from mod fabric-rendering-v1: Class version 65 required is higher than the class version supported by the current version of Mixin (JAVA_17 supports class version 61)
[18:50:41] [Render thread/DEBUG] (FabricLoader/Mixin) fabric-rendering-v1.mixins.json:TooltipComponentMixin from mod fabric-rendering-v1->@Inject::convertCustomTooltipData(Lnet/minecraft/world/inventory/tooltip/TooltipComponent;Lorg/spongepowered/asm/mixin/injection/callback/CallbackInfoReturnable;)V does use it's CallbackInfoReturnable
[18:50:41] [Render thread/DEBUG] (mezz.jei.common.config.file.ConfigSerializer) Skipping loading config file, it was just saved by us: C:\Users\HP\IdeaProjects\BetterDeco-Muliloader\fabric\runs\client\config\jei\jei-debug.ini
[18:50:42] [Render thread/DEBUG] (mezz.jei.common.config.file.ConfigSerializer) Skipping loading config file, it was just saved by us: C:\Users\HP\IdeaProjects\BetterDeco-Muliloader\fabric\runs\client\config\jei\jei-mod-id-format.ini
[18:50:46] [Render thread/DEBUG] (com.mojang.blaze3d.platform.ScreenManager) Selecting monitor - primary: 2714223426000, current monitors: {2714223426000=Monitor[2714223426000 0x0 1920x1080@60 (24bit)]}
[18:50:46] [Render thread/DEBUG] (com.mojang.blaze3d.platform.ScreenManager) Selected monitor: Monitor[2714223426000 0x0 1920x1080@60 (24bit)]
[18:51:03] [Server thread/INFO] (net.minecraft.client.server.IntegratedServer) Saving and pausing game...
[18:51:03] [Server thread/INFO] (net.minecraft.server.MinecraftServer) Saving chunks for level 'ServerLevel[New World]'/minecraft:overworld
[18:51:03] [Server thread/INFO] (net.minecraft.server.MinecraftServer) Saving chunks for level 'ServerLevel[New World]'/minecraft:the_end
[18:51:03] [Server thread/INFO] (net.minecraft.server.MinecraftServer) Saving chunks for level 'ServerLevel[New World]'/minecraft:the_nether
[18:51:05] [Server thread/INFO] (net.minecraft.server.network.ServerGamePacketListenerImpl) Player934 lost connection: Disconnected
[18:51:05] [Server thread/INFO] (net.minecraft.server.MinecraftServer) Player934 left the game
[18:51:05] [Server thread/INFO] (net.minecraft.server.network.ServerCommonPacketListenerImpl) Stopping singleplayer server as player logged out
[18:51:05] [Server thread/INFO] (net.minecraft.server.MinecraftServer) Stopping server
[18:51:05] [Server thread/INFO] (net.minecraft.server.MinecraftServer) Saving players
[18:51:05] [Server thread/INFO] (net.minecraft.server.MinecraftServer) Saving worlds
[18:51:05] [Server thread/INFO] (net.minecraft.server.MinecraftServer) Saving chunks for level 'ServerLevel[New World]'/minecraft:overworld
[18:51:05] [Server thread/INFO] (net.minecraft.server.MinecraftServer) Saving chunks for level 'ServerLevel[New World]'/minecraft:the_end
[18:51:05] [Server thread/INFO] (net.minecraft.server.MinecraftServer) Saving chunks for level 'ServerLevel[New World]'/minecraft:the_nether
[18:51:05] [Server thread/INFO] (net.minecraft.server.MinecraftServer) ThreadedAnvilChunkStorage (New World): All chunks are saved
[18:51:05] [Server thread/INFO] (net.minecraft.server.MinecraftServer) ThreadedAnvilChunkStorage (DIM1): All chunks are saved
[18:51:05] [Server thread/INFO] (net.minecraft.server.MinecraftServer) ThreadedAnvilChunkStorage (DIM-1): All chunks are saved
[18:51:05] [Server thread/INFO] (net.minecraft.server.MinecraftServer) ThreadedAnvilChunkStorage: All dimensions are saved
[18:51:05] [Server thread/INFO] (Framework) Unloading server configs...
[18:51:05] [Server thread/INFO] (Framework) Finished unloading server configs
[18:51:06] [Render thread/INFO] (net.minecraft.client.Minecraft) Stopping!
[18:51:06] [Render thread/DEBUG] (Framework) Stopping config watcher
