[18:50:08] [main/INFO] (FabricLoader/GameProvider) Loading Minecraft 1.21.1 with Fabric Loader 0.18.6
[18:50:08] [main/WARN] (FabricLoader/Resolution) Warnings were found!
 - Mod 'Every Compat' (everycomp) 1.21-2.11.40 recommends any version of sawmill, which is missing!
	 - You should install any version of sawmill for the optimal experience.
[18:50:08] [main/INFO] (FabricLoader) Loading 65 mods:
	- better_deco 1.1.2
	- catalogue 1.11.2
	- configured 2.6.3
	- deco_lib 1.1.0
	- everycomp 1.21-2.11.40
	- fabric-api 0.116.10+1.21.1
	- fabric-api-base 0.4.42+6573ed8c19
	- fabric-api-lookup-api-v1 1.6.72+7b3d111d19
	- fabric-biome-api-v1 13.0.31+d527f9fd19
	- fabric-block-api-v1 1.1.0+0bc3503219
	- fabric-block-view-api-v2 1.0.11+ebb2264e19
	- fabric-blockrenderlayer-v1 1.1.52+0af3f5a719
	- fabric-client-tags-api-v1 1.1.15+6573ed8c19
	- fabric-command-api-v1 1.2.49+f71b366f19
	- fabric-command-api-v2 2.2.28+6ced4dd919
	- fabric-commands-v0 0.2.66+df3654b319
	- fabric-content-registries-v0 8.0.19+b559734419
	- fabric-convention-tags-v1 2.1.7+7f945d5b19
	- fabric-convention-tags-v2 2.12.0+c3656daa19
	- fabric-crash-report-info-v1 0.2.29+0af3f5a719
	- fabric-data-attachment-api-v1 1.4.6+5b36e0f719
	- fabric-data-generation-api-v1 20.2.36+37516cd619
	- fabric-dimensions-v1 4.0.1+65213ef819
	- fabric-entity-events-v1 1.8.0+2b27e0a419
	- fabric-events-interaction-v0 0.7.13+ba9dae0619
	- fabric-game-rule-api-v1 1.0.53+6ced4dd919
	- fabric-gametest-api-v1 2.0.5+6fc22b9919
	- fabric-item-api-v1 11.2.0+3b3cb2e819
	- fabric-item-group-api-v1 4.1.7+def88e3a19
	- fabric-key-binding-api-v1 1.0.47+0af3f5a719
	- fabric-keybindings-v0 0.2.45+df3654b319
	- fabric-lifecycle-events-v1 2.6.0+0865547519
	- fabric-loot-api-v2 3.0.15+3f89f5a519
	- fabric-loot-api-v3 1.0.3+3f89f5a519
	- fabric-message-api-v1 6.0.14+8aaf3aca19
	- fabric-model-loading-api-v1 2.1.0+b4d813fc19
	- fabric-networking-api-v1 4.3.0+c7469b2119
	- fabric-object-builder-api-v1 15.2.1+40875a9319
	- fabric-particles-v1 4.0.2+6573ed8c19
	- fabric-recipe-api-v1 5.0.15+2475392c19
	- fabric-registry-sync-v0 5.3.1+e3eddc2119
	- fabric-renderer-api-v1 3.4.1+b4d813fc19
	- fabric-renderer-indigo 1.7.1+c705a49c19
	- fabric-renderer-registries-v1 3.2.69+df3654b319
	- fabric-rendering-data-attachment-v1 0.3.49+73761d2e19
	- fabric-rendering-fluids-v1 3.1.6+1daea21519
	- fabric-rendering-v0 1.1.72+df3654b319
	- fabric-rendering-v1 5.1.0+ab4c25a019
	- fabric-resource-conditions-api-v1 4.3.0+8dc279b119
	- fabric-resource-loader-v0 1.3.1+5b5275af19
	- fabric-screen-api-v1 2.0.25+8b68f1c719
	- fabric-screen-handler-api-v1 1.3.90+b559734419
	- fabric-sound-api-v1 1.0.23+6573ed8c19
	- fabric-transfer-api-v1 5.4.4+7b3d111d19
	- fabric-transitive-access-wideners-v1 6.2.0+45b9699719
	- fabricloader 0.18.6
	- framework 0.13.18
	- java 21
	- jei 19.27.0.340
	- menulogue 1.21.1-1.0.6
	- minecraft 1.21.1
	- mixinextras 0.5.3
	- moonlight 1.21.1-3.0.7
	- natures_spirit 2.2.5-1.21.1
	- terrablender 4.1.0.8
[18:50:08] [main/INFO] (FabricLoader/Mixin) SpongePowered MIXIN Subsystem Version=0.8.7 Source=file:/C:/Users/HP/.gradle/caches/modules-2/files-2.1/net.fabricmc/sponge-mixin/0.17.0+mixin.0.8.7/cf31463202f72d03b0ef1e1e38e8ee71b7faaab6/sponge-mixin-0.17.0+mixin.0.8.7.jar Service=Knot/Fabric Env=CLIENT
[18:50:09] [main/INFO] (FabricLoader/Mixin) Loaded Fabric development mappings for mixin remapper!
[18:50:09] [main/INFO] (FabricLoader/Mixin) Compatibility level set to JAVA_18
[18:50:09] [main/INFO] (FabricLoader/Mixin) Compatibility level set to JAVA_21
[18:50:09] [main/WARN] (FabricLoader/Mixin) Reference map 'better_deco.refmap.json' for better_deco.mixins.json could not be read. If this is a development environment you can ignore this message
[18:50:10] [main/INFO] (FabricLoader/MixinExtras|Service) Initializing MixinExtras via com.llamalad7.mixinextras.service.MixinExtrasServiceImpl(version=0.5.3).
[18:50:11] [Datafixer Bootstrap/INFO] (Minecraft) 226 Datafixer optimizations took 278 milliseconds
[18:50:19] [Render thread/INFO] (Minecraft) Environment: Environment[sessionHost=https://sessionserver.mojang.com, servicesHost=https://api.minecraftservices.com, name=PROD]
[18:50:19] [Render thread/INFO] (Minecraft) Setting user: Player934
[18:50:19] [Render thread/INFO] (Reflections) Reflections took 137 ms to scan 1 urls, producing 6 keys and 19 values
[18:50:19] [Render thread/ERROR] (Minecraft) No data fixer registered for seat_entity
[18:50:20] [Render thread/INFO] (Moonlight) Loaded config everycomp-hazardous.json
[18:50:20] [Render thread/INFO] (Moonlight) Loaded config everycomp-client.json
[18:50:20] [Render thread/INFO] (Moonlight) Loaded config everycomp-common.json
[18:50:20] [Render thread/INFO] (terrablender) Registered region minecraft:overworld to index 0 for type OVERWORLD
[18:50:20] [Render thread/INFO] (terrablender) Registered region minecraft:nether to index 0 for type NETHER
[18:50:20] [Render thread/INFO] (terrablender) Registered region natures_spirit:terra_ferax to index 1 for type OVERWORLD
[18:50:20] [Render thread/INFO] (terrablender) Registered region natures_spirit:terra_solaris to index 2 for type OVERWORLD
[18:50:20] [Render thread/INFO] (terrablender) Registered region natures_spirit:terra_flava to index 3 for type OVERWORLD
[18:50:20] [Render thread/INFO] (terrablender) Registered region natures_spirit:terra_mater to index 4 for type OVERWORLD
[18:50:20] [Render thread/INFO] (terrablender) Registered region natures_spirit:terra_laeta to index 5 for type OVERWORLD
[18:50:20] [Render thread/INFO] (Minecraft) [STDOUT]: Registered Resource Key for biome: sugi_forest
[18:50:20] [Render thread/INFO] (Minecraft) [STDOUT]: Registered Resource Key for biome: windswept_sugi_forest
[18:50:20] [Render thread/INFO] (Minecraft) [STDOUT]: Registered Resource Key for biome: blooming_sugi_forest
[18:50:20] [Render thread/INFO] (Minecraft) [STDOUT]: Registered Resource Key for biome: lavender_fields
[18:50:20] [Render thread/INFO] (Minecraft) [STDOUT]: Registered Resource Key for biome: marsh
[18:50:20] [Render thread/INFO] (Minecraft) [STDOUT]: Registered Resource Key for biome: bamboo_wetlands
[18:50:20] [Render thread/INFO] (Minecraft) [STDOUT]: Registered Resource Key for biome: wisteria_forest
[18:50:20] [Render thread/INFO] (Minecraft) [STDOUT]: Registered Resource Key for biome: redwood_forest
[18:50:20] [Render thread/INFO] (Minecraft) [STDOUT]: Registered Resource Key for biome: snowy_redwood_forest
[18:50:20] [Render thread/INFO] (Minecraft) [STDOUT]: Registered Resource Key for biome: aspen_forest
[18:50:20] [Render thread/INFO] (Minecraft) [STDOUT]: Registered Resource Key for biome: maple_woodlands
[18:50:20] [Render thread/INFO] (Minecraft) [STDOUT]: Registered Resource Key for biome: golden_wilds
[18:50:20] [Render thread/INFO] (Minecraft) [STDOUT]: Registered Resource Key for biome: marigold_meadows
[18:50:20] [Render thread/INFO] (Minecraft) [STDOUT]: Registered Resource Key for biome: fir_forest
[18:50:20] [Render thread/INFO] (Minecraft) [STDOUT]: Registered Resource Key for biome: snowy_fir_forest
[18:50:20] [Render thread/INFO] (Minecraft) [STDOUT]: Registered Resource Key for biome: cypress_fields
[18:50:20] [Render thread/INFO] (Minecraft) [STDOUT]: Registered Resource Key for biome: carnation_fields
[18:50:20] [Render thread/INFO] (Minecraft) [STDOUT]: Registered Resource Key for biome: stratified_desert
[18:50:20] [Render thread/INFO] (Minecraft) [STDOUT]: Registered Resource Key for biome: blooming_dunes
[18:50:20] [Render thread/INFO] (Minecraft) [STDOUT]: Registered Resource Key for biome: lively_dunes
[18:50:20] [Render thread/INFO] (Minecraft) [STDOUT]: Registered Resource Key for biome: drylands
[18:50:20] [Render thread/INFO] (Minecraft) [STDOUT]: Registered Resource Key for biome: wooded_drylands
[18:50:20] [Render thread/INFO] (Minecraft) [STDOUT]: Registered Resource Key for biome: xeric_plains
[18:50:20] [Render thread/INFO] (Minecraft) [STDOUT]: Registered Resource Key for biome: cedar_thicket
[18:50:20] [Render thread/INFO] (Minecraft) [STDOUT]: Registered Resource Key for biome: white_cliffs
[18:50:20] [Render thread/INFO] (Minecraft) [STDOUT]: Registered Resource Key for biome: prairie
[18:50:20] [Render thread/INFO] (Minecraft) [STDOUT]: Registered Resource Key for biome: oak_savanna
[18:50:20] [Render thread/INFO] (Minecraft) [STDOUT]: Registered Resource Key for biome: heather_fields
[18:50:20] [Render thread/INFO] (Minecraft) [STDOUT]: Registered Resource Key for biome: tundra
[18:50:20] [Render thread/INFO] (Minecraft) [STDOUT]: Registered Resource Key for biome: alpine_clearings
[18:50:20] [Render thread/INFO] (Minecraft) [STDOUT]: Registered Resource Key for biome: alpine_highlands
[18:50:20] [Render thread/INFO] (Minecraft) [STDOUT]: Registered Resource Key for biome: coniferous_covert
[18:50:20] [Render thread/INFO] (Minecraft) [STDOUT]: Registered Resource Key for biome: boreal_taiga
[18:50:20] [Render thread/INFO] (Minecraft) [STDOUT]: Registered Resource Key for biome: tropical_shores
[18:50:20] [Render thread/INFO] (Minecraft) [STDOUT]: Registered Resource Key for biome: tropical_woods
[18:50:20] [Render thread/INFO] (Minecraft) [STDOUT]: Registered Resource Key for biome: sparse_tropical_woods
[18:50:20] [Render thread/INFO] (Minecraft) [STDOUT]: Registered Resource Key for biome: tropical_basin
[18:50:20] [Render thread/INFO] (Minecraft) [STDOUT]: Registered Resource Key for biome: arid_savanna
[18:50:20] [Render thread/INFO] (Minecraft) [STDOUT]: Registered Resource Key for biome: scorched_dunes
[18:50:20] [Render thread/INFO] (Minecraft) [STDOUT]: Registered Resource Key for biome: flowering_shrubland
[18:50:20] [Render thread/INFO] (Minecraft) [STDOUT]: Registered Resource Key for biome: shrubland
[18:50:20] [Render thread/INFO] (Minecraft) [STDOUT]: Registered Resource Key for biome: arid_highlands
[18:50:20] [Render thread/INFO] (Minecraft) [STDOUT]: Registered Resource Key for biome: shrubby_highlands
[18:50:20] [Render thread/INFO] (Minecraft) [STDOUT]: Registered Resource Key for biome: woody_highlands
[18:50:20] [Render thread/INFO] (Minecraft) [STDOUT]: Registered Resource Key for biome: red_peaks
[18:50:20] [Render thread/INFO] (Minecraft) [STDOUT]: Registered Resource Key for biome: dusty_slopes
[18:50:20] [Render thread/INFO] (Minecraft) [STDOUT]: Registered Resource Key for biome: snowcapped_red_peaks
[18:50:20] [Render thread/INFO] (Minecraft) [STDOUT]: Registered Resource Key for biome: sleeted_slopes
[18:50:20] [Render thread/INFO] (Minecraft) [STDOUT]: Registered Resource Key for biome: blooming_highlands
[18:50:20] [Render thread/INFO] (Minecraft) [STDOUT]: Registered Resource Key for biome: chaparral
[18:50:20] [Render thread/INFO] (Minecraft) [STDOUT]: Registered Resource Key for biome: floral_ridges
[18:50:20] [Render thread/INFO] (Every Compat) Loaded module[ BetterDeco @ better_deco ]
[18:50:20] [Render thread/INFO] (Moonlight) Loaded config moonlight-client.json
[18:50:20] [Render thread/INFO] (Moonlight) Loaded config moonlight-common.json
[18:50:21] [Render thread/INFO] (Configured) Successfully loaded config provider: com.mrcrayfish.configured.impl.framework.FrameworkConfigProvider
[18:50:21] [Render thread/INFO] (Configured) Successfully loaded config provider: com.mrcrayfish.configured.impl.jei.JeiConfigProvider
[18:50:21] [Render thread/INFO] (Indigo) [Indigo] Registering Indigo renderer!
[18:50:21] [Render thread/INFO] (PluginCaller) Sending ConfigManager...
[18:50:21] [Render thread/INFO] (PluginCaller) Sending ConfigManager took 3.179 milliseconds
[18:50:21] [Render thread/INFO] (Moonlight) Initialized block sets in 16ms
[18:50:21] [Render thread/INFO] (Every Compat) module[ BetterDeco @ better_deco ]: registered 34 WoodType blocks
[18:50:21] [Render thread/INFO] (Moonlight) Loaded config everycomp-entries.json
[18:50:21] [Render thread/INFO] (Every Compat) Every Compat has loaded 1 modules: [better_deco]
[18:50:21] [Render thread/INFO] (Every Compat) Registered 34 compat blocks making up 1,53% of total blocks registered
[18:50:21] [Render thread/ERROR] (Every Compat) Module module[ BetterDeco @ better_deco ] had an entry set net.mehvahdjukaar.every_compat.api.SimpleEntrySet@35cf34ed without a tab. Are you sure about this?
[18:50:21] [Render thread/ERROR] (Every Compat) Module module[ BetterDeco @ better_deco ] had an entry set net.mehvahdjukaar.every_compat.api.SimpleEntrySet@327452ed without a tab. Are you sure about this?
[18:50:21] [Render thread/INFO] (Moonlight) Initialized color sets in 25ms
[18:50:21] [Render thread/ERROR] (Minecraft) Registry 'moonlight:world_saved_data_type' was empty after loading
[18:50:21] [Render thread/ERROR] (Minecraft) Registry 'moonlight:custom_map_data_types' was empty after loading
[18:50:22] [Render thread/INFO] (Minecraft) Backend library: LWJGL version 3.3.3-snapshot
[18:50:23] [Render thread/INFO] (Moonlight) Merging 2 images using mode MIN_AREA_NO_UPSCALE
[18:50:23] [Render thread/INFO] (Minecraft) Reloading ResourceManager: vanilla, fabric, better_deco, catalogue, configured, everycomp, fabric-api, fabric-api-base, fabric-api-lookup-api-v1, fabric-biome-api-v1, fabric-block-api-v1, fabric-block-view-api-v2, fabric-blockrenderlayer-v1, fabric-client-tags-api-v1, fabric-command-api-v1, fabric-command-api-v2, fabric-commands-v0, fabric-content-registries-v0, fabric-convention-tags-v1, fabric-convention-tags-v2, fabric-crash-report-info-v1, fabric-data-attachment-api-v1, fabric-data-generation-api-v1, fabric-dimensions-v1, fabric-entity-events-v1, fabric-events-interaction-v0, fabric-game-rule-api-v1, fabric-gametest-api-v1, fabric-item-api-v1, fabric-item-group-api-v1, fabric-key-binding-api-v1, fabric-keybindings-v0, fabric-lifecycle-events-v1, fabric-loot-api-v2, fabric-loot-api-v3, fabric-message-api-v1, fabric-model-loading-api-v1, fabric-networking-api-v1, fabric-object-builder-api-v1, fabric-particles-v1, fabric-recipe-api-v1, fabric-registry-sync-v0, fabric-renderer-api-v1, fabric-renderer-indigo, fabric-renderer-registries-v1, fabric-rendering-data-attachment-v1, fabric-rendering-fluids-v1, fabric-rendering-v0, fabric-rendering-v1, fabric-resource-conditions-api-v1, fabric-resource-loader-v0, fabric-screen-api-v1, fabric-screen-handler-api-v1, fabric-sound-api-v1, fabric-transfer-api-v1, fabric-transitive-access-wideners-v1, fabricloader, framework, jei, menulogue, moonlight, natures_spirit, terrablender, moonlight:merged_pack
[18:50:23] [Worker-Main-1/INFO] (Moonlight) Resource cache state for CLIENT_RESOURCES: up to date
[18:50:23] [Worker-Main-1/INFO] (Moonlight) Starting runtime resource generation for pack type CLIENT_RESOURCES with generators [moonlight:dynamic_resources, everycomp:dynamic_resources]
[18:50:23] [Worker-Main-1/INFO] (Moonlight) Regenerating Dynamic CLIENT_RESOURCES Resources Provider [moonlight:dynamic_resources], requested by strategy REGEN_ON_EVERY_RELOAD
[18:50:23] [Worker-Main-1/INFO] (Moonlight) Generated runtime CLIENT_RESOURCES for pack moonlight:dynamic_resources in 6.210 ms
[18:50:23] [Worker-Main-1/INFO] (Moonlight) Regenerating Dynamic CLIENT_RESOURCES Resources Provider [everycomp:dynamic_resources], requested by strategy REGEN_ON_EVERY_RELOAD
[18:50:23] [Worker-Main-1/INFO] (Every Compat) Starting dynamic resources generation tasks: 2 in batches of 12
[18:50:23] [Worker-Main-1/INFO] (Moonlight) Generated runtime CLIENT_RESOURCES for pack everycomp:dynamic_resources in 176.9 ms
[18:50:23] [Worker-Main-1/INFO] (Moonlight) Finished runtime resources generation for 2 packs in a total of 194.8 ms 
[18:50:24] [Worker-Main-3/INFO] (Minecraft) Found unifont_all_no_pua-15.1.05.hex, loading
[18:50:24] [Worker-Main-4/INFO] (Minecraft) Found unifont_jp_patch-15.1.05.hex, loading
[18:50:24] [Worker-Main-8/WARN] (Minecraft) Texture better_deco:block/glass_small with size 14x14 limits mip level from 4 to 1
[18:50:24] [Worker-Main-8/WARN] (Minecraft) Texture better_deco:block/front with size 16x11 limits mip level from 1 to 0
[18:50:24] [Worker-Main-8/WARN] (Minecraft) minecraft:textures/atlas/blocks.png: dropping miplevel from 4 to 0, because of minimum power of two: 1
[18:50:25] [Worker-Main-2/WARN] (Minecraft) Exception loading blockstate definition: 'better_deco:blockstates/spruce_kitchen_drawer.json' missing model for variant: 'better_deco:spruce_kitchen_drawer#facing=south,open=false'
[18:50:25] [Worker-Main-2/WARN] (Minecraft) Exception loading blockstate definition: 'better_deco:blockstates/spruce_kitchen_drawer.json' missing model for variant: 'better_deco:spruce_kitchen_drawer#facing=east,open=false'
[18:50:25] [Worker-Main-2/WARN] (Minecraft) Exception loading blockstate definition: 'better_deco:blockstates/spruce_kitchen_drawer.json' missing model for variant: 'better_deco:spruce_kitchen_drawer#facing=north,open=true'
[18:50:25] [Worker-Main-2/WARN] (Minecraft) Exception loading blockstate definition: 'better_deco:blockstates/spruce_kitchen_drawer.json' missing model for variant: 'better_deco:spruce_kitchen_drawer#facing=east,open=true'
[18:50:25] [Worker-Main-2/WARN] (Minecraft) Exception loading blockstate definition: 'better_deco:blockstates/spruce_kitchen_drawer.json' missing model for variant: 'better_deco:spruce_kitchen_drawer#facing=south,open=true'
[18:50:25] [Worker-Main-2/WARN] (Minecraft) Exception loading blockstate definition: 'better_deco:blockstates/spruce_kitchen_drawer.json' missing model for variant: 'better_deco:spruce_kitchen_drawer#facing=north,open=false'
[18:50:25] [Worker-Main-2/WARN] (Minecraft) Exception loading blockstate definition: 'better_deco:blockstates/spruce_kitchen_drawer.json' missing model for variant: 'better_deco:spruce_kitchen_drawer#facing=west,open=true'
[18:50:25] [Worker-Main-2/WARN] (Minecraft) Exception loading blockstate definition: 'better_deco:blockstates/spruce_kitchen_drawer.json' missing model for variant: 'better_deco:spruce_kitchen_drawer#facing=west,open=false'
[18:50:25] [Worker-Main-2/WARN] (Minecraft) Exception loading blockstate definition: 'better_deco:blockstates/dark_oak_kitchen_drawer.json' missing model for variant: 'better_deco:dark_oak_kitchen_drawer#facing=east,open=false'
[18:50:25] [Worker-Main-2/WARN] (Minecraft) Exception loading blockstate definition: 'better_deco:blockstates/dark_oak_kitchen_drawer.json' missing model for variant: 'better_deco:dark_oak_kitchen_drawer#facing=west,open=false'
[18:50:25] [Worker-Main-2/WARN] (Minecraft) Exception loading blockstate definition: 'better_deco:blockstates/dark_oak_kitchen_drawer.json' missing model for variant: 'better_deco:dark_oak_kitchen_drawer#facing=south,open=true'
[18:50:25] [Worker-Main-2/WARN] (Minecraft) Exception loading blockstate definition: 'better_deco:blockstates/dark_oak_kitchen_drawer.json' missing model for variant: 'better_deco:dark_oak_kitchen_drawer#facing=north,open=false'
[18:50:25] [Worker-Main-2/WARN] (Minecraft) Exception loading blockstate definition: 'better_deco:blockstates/dark_oak_kitchen_drawer.json' missing model for variant: 'better_deco:dark_oak_kitchen_drawer#facing=west,open=true'
[18:50:25] [Worker-Main-2/WARN] (Minecraft) Exception loading blockstate definition: 'better_deco:blockstates/dark_oak_kitchen_drawer.json' missing model for variant: 'better_deco:dark_oak_kitchen_drawer#facing=north,open=true'
[18:50:25] [Worker-Main-2/WARN] (Minecraft) Exception loading blockstate definition: 'better_deco:blockstates/dark_oak_kitchen_drawer.json' missing model for variant: 'better_deco:dark_oak_kitchen_drawer#facing=south,open=false'
[18:50:25] [Worker-Main-2/WARN] (Minecraft) Exception loading blockstate definition: 'better_deco:blockstates/dark_oak_kitchen_drawer.json' missing model for variant: 'better_deco:dark_oak_kitchen_drawer#facing=east,open=true'
[18:50:25] [Worker-Main-2/WARN] (Minecraft) Exception loading blockstate definition: 'better_deco:blockstates/mangrove_kitchen_drawer.json' missing model for variant: 'better_deco:mangrove_kitchen_drawer#facing=south,open=true'
[18:50:25] [Worker-Main-2/WARN] (Minecraft) Exception loading blockstate definition: 'better_deco:blockstates/mangrove_kitchen_drawer.json' missing model for variant: 'better_deco:mangrove_kitchen_drawer#facing=west,open=true'
[18:50:25] [Worker-Main-2/WARN] (Minecraft) Exception loading blockstate definition: 'better_deco:blockstates/mangrove_kitchen_drawer.json' missing model for variant: 'better_deco:mangrove_kitchen_drawer#facing=east,open=true'
[18:50:25] [Worker-Main-2/WARN] (Minecraft) Exception loading blockstate definition: 'better_deco:blockstates/mangrove_kitchen_drawer.json' missing model for variant: 'better_deco:mangrove_kitchen_drawer#facing=west,open=false'
[18:50:25] [Worker-Main-2/WARN] (Minecraft) Exception loading blockstate definition: 'better_deco:blockstates/mangrove_kitchen_drawer.json' missing model for variant: 'better_deco:mangrove_kitchen_drawer#facing=north,open=true'
[18:50:25] [Worker-Main-2/WARN] (Minecraft) Exception loading blockstate definition: 'better_deco:blockstates/mangrove_kitchen_drawer.json' missing model for variant: 'better_deco:mangrove_kitchen_drawer#facing=north,open=false'
[18:50:25] [Worker-Main-2/WARN] (Minecraft) Exception loading blockstate definition: 'better_deco:blockstates/mangrove_kitchen_drawer.json' missing model for variant: 'better_deco:mangrove_kitchen_drawer#facing=east,open=false'
[18:50:25] [Worker-Main-2/WARN] (Minecraft) Exception loading blockstate definition: 'better_deco:blockstates/mangrove_kitchen_drawer.json' missing model for variant: 'better_deco:mangrove_kitchen_drawer#facing=south,open=false'
[18:50:25] [Worker-Main-2/WARN] (Minecraft) Exception loading blockstate definition: 'better_deco:blockstates/bamboo_kitchen_drawer.json' missing model for variant: 'better_deco:bamboo_kitchen_drawer#facing=north,open=true'
[18:50:25] [Worker-Main-2/WARN] (Minecraft) Exception loading blockstate definition: 'better_deco:blockstates/bamboo_kitchen_drawer.json' missing model for variant: 'better_deco:bamboo_kitchen_drawer#facing=south,open=false'
[18:50:25] [Worker-Main-2/WARN] (Minecraft) Exception loading blockstate definition: 'better_deco:blockstates/bamboo_kitchen_drawer.json' missing model for variant: 'better_deco:bamboo_kitchen_drawer#facing=east,open=false'
[18:50:25] [Worker-Main-2/WARN] (Minecraft) Exception loading blockstate definition: 'better_deco:blockstates/bamboo_kitchen_drawer.json' missing model for variant: 'better_deco:bamboo_kitchen_drawer#facing=west,open=false'
[18:50:25] [Worker-Main-2/WARN] (Minecraft) Exception loading blockstate definition: 'better_deco:blockstates/bamboo_kitchen_drawer.json' missing model for variant: 'better_deco:bamboo_kitchen_drawer#facing=east,open=true'
[18:50:25] [Worker-Main-2/WARN] (Minecraft) Exception loading blockstate definition: 'better_deco:blockstates/bamboo_kitchen_drawer.json' missing model for variant: 'better_deco:bamboo_kitchen_drawer#facing=south,open=true'
[18:50:25] [Worker-Main-2/WARN] (Minecraft) Exception loading blockstate definition: 'better_deco:blockstates/bamboo_kitchen_drawer.json' missing model for variant: 'better_deco:bamboo_kitchen_drawer#facing=north,open=false'
[18:50:25] [Worker-Main-2/WARN] (Minecraft) Exception loading blockstate definition: 'better_deco:blockstates/bamboo_kitchen_drawer.json' missing model for variant: 'better_deco:bamboo_kitchen_drawer#facing=west,open=true'
[18:50:25] [Worker-Main-2/WARN] (Minecraft) Exception loading blockstate definition: 'better_deco:blockstates/crimson_kitchen_drawer.json' missing model for variant: 'better_deco:crimson_kitchen_drawer#facing=north,open=true'
[18:50:25] [Worker-Main-2/WARN] (Minecraft) Exception loading blockstate definition: 'better_deco:blockstates/crimson_kitchen_drawer.json' missing model for variant: 'better_deco:crimson_kitchen_drawer#facing=west,open=false'
[18:50:25] [Worker-Main-2/WARN] (Minecraft) Exception loading blockstate definition: 'better_deco:blockstates/crimson_kitchen_drawer.json' missing model for variant: 'better_deco:crimson_kitchen_drawer#facing=east,open=false'
[18:50:25] [Worker-Main-2/WARN] (Minecraft) Exception loading blockstate definition: 'better_deco:blockstates/crimson_kitchen_drawer.json' missing model for variant: 'better_deco:crimson_kitchen_drawer#facing=north,open=false'
[18:50:25] [Worker-Main-2/WARN] (Minecraft) Exception loading blockstate definition: 'better_deco:blockstates/crimson_kitchen_drawer.json' missing model for variant: 'better_deco:crimson_kitchen_drawer#facing=south,open=true'
[18:50:25] [Worker-Main-2/WARN] (Minecraft) Exception loading blockstate definition: 'better_deco:blockstates/crimson_kitchen_drawer.json' missing model for variant: 'better_deco:crimson_kitchen_drawer#facing=west,open=true'
[18:50:25] [Worker-Main-2/WARN] (Minecraft) Exception loading blockstate definition: 'better_deco:blockstates/crimson_kitchen_drawer.json' missing model for variant: 'better_deco:crimson_kitchen_drawer#facing=south,open=false'
[18:50:25] [Worker-Main-2/WARN] (Minecraft) Exception loading blockstate definition: 'better_deco:blockstates/crimson_kitchen_drawer.json' missing model for variant: 'better_deco:crimson_kitchen_drawer#facing=east,open=true'
[18:50:25] [Worker-Main-2/WARN] (Minecraft) Unable to load model: 'better_deco:block/light_gray_cabinet_open' referenced from: better_deco:block/light_gray_cabinet_open: java.io.FileNotFoundException: better_deco:models/block/light_gray_cabinet_open.json
[18:50:25] [Worker-Main-2/WARN] (Minecraft) Unable to load model: 'better_deco:block/spruce_kitchen_drawer_closed' referenced from: better_deco:item/spruce_kitchen_drawer: java.io.FileNotFoundException: better_deco:models/block/spruce_kitchen_drawer_closed.json
[18:50:25] [Worker-Main-2/WARN] (Minecraft) Unable to load model: 'better_deco:block/mangrove_kitchen_drawer_closed' referenced from: better_deco:item/mangrove_kitchen_drawer: java.io.FileNotFoundException: better_deco:models/block/mangrove_kitchen_drawer_closed.json
[18:50:25] [Worker-Main-2/WARN] (Minecraft) Unable to load model: 'better_deco:block/bamboo_kitchen_drawer_closed' referenced from: better_deco:item/bamboo_kitchen_drawer: java.io.FileNotFoundException: better_deco:models/block/bamboo_kitchen_drawer_closed.json
[18:50:25] [Worker-Main-2/WARN] (Minecraft) Unable to load model: 'better_deco:block/crimson_kitchen_drawer_closed' referenced from: better_deco:item/crimson_kitchen_drawer: java.io.FileNotFoundException: better_deco:models/block/crimson_kitchen_drawer_closed.json
[18:50:25] [Worker-Main-2/WARN] (Minecraft) Unable to load model: 'better_deco:block/dark_oak_kitchen_drawer_closed' referenced from: better_deco:item/dark_oak_kitchen_drawer: java.io.FileNotFoundException: better_deco:models/block/dark_oak_kitchen_drawer_closed.json
[18:50:26] [Worker-Main-2/WARN] (Minecraft) Missing textures in model better_deco:light_bamboo_sink#facing=east,has_water=false,waterlogged=false:
    minecraft:textures/atlas/blocks.png:minecraft:0
[18:50:26] [Worker-Main-2/WARN] (Minecraft) Missing textures in model better_deco:bd/natures_spirit/fir_kitchen_drawer#facing=east,open=true:
    minecraft:textures/atlas/blocks.png:better_deco:block/bd/natures_spirit/furniture/kitchen_counter/fir_kitchen_drawer_open
[18:50:26] [Worker-Main-2/WARN] (Minecraft) Missing textures in model better_deco:bd/natures_spirit/cedar_kitchen_drawer#facing=west,open=true:
    minecraft:textures/atlas/blocks.png:better_deco:block/bd/natures_spirit/furniture/kitchen_counter/cedar_kitchen_drawer_open
[18:50:26] [Worker-Main-2/WARN] (Minecraft) Missing textures in model better_deco:bd/natures_spirit/cypress_kitchen_drawer#facing=south,open=true:
    minecraft:textures/atlas/blocks.png:better_deco:block/bd/natures_spirit/furniture/kitchen_counter/cypress_kitchen_drawer_open
[18:50:26] [Worker-Main-2/WARN] (Minecraft) Missing textures in model better_deco:light_warped_sink#facing=north,has_water=true,waterlogged=false:
    minecraft:textures/atlas/blocks.png:minecraft:0
[18:50:26] [Worker-Main-2/WARN] (Minecraft) Missing textures in model better_deco:birch_sink_dark#facing=north,has_water=false,waterlogged=false:
    minecraft:textures/atlas/blocks.png:minecraft:0
[18:50:26] [Worker-Main-2/WARN] (Minecraft) Missing textures in model better_deco:light_acacia_sink#facing=east,has_water=false,waterlogged=true:
    minecraft:textures/atlas/blocks.png:minecraft:0
[18:50:26] [Worker-Main-2/WARN] (Minecraft) Missing textures in model better_deco:bd/natures_spirit/cypress_kitchen_drawer#facing=north,open=true:
    minecraft:textures/atlas/blocks.png:better_deco:block/bd/natures_spirit/furniture/kitchen_counter/cypress_kitchen_drawer_open
[18:50:26] [Worker-Main-2/WARN] (Minecraft) Missing textures in model better_deco:light_acacia_sink#inventory:
    minecraft:textures/atlas/blocks.png:minecraft:0
[18:50:26] [Worker-Main-2/WARN] (Minecraft) Missing textures in model better_deco:blue_sink#facing=south,has_water=true,waterlogged=true:
    minecraft:textures/atlas/blocks.png:minecraft:0
[18:50:26] [Worker-Main-2/WARN] (Minecraft) Missing textures in model better_deco:bd/natures_spirit/cedar_kitchen_drawer#facing=south,open=true:
    minecraft:textures/atlas/blocks.png:better_deco:block/bd/natures_spirit/furniture/kitchen_counter/cedar_kitchen_drawer_open
[18:50:26] [Worker-Main-2/WARN] (Minecraft) Missing textures in model better_deco:bd/natures_spirit/willow_kitchen_drawer#facing=east,open=true:
    minecraft:textures/atlas/blocks.png:better_deco:block/bd/natures_spirit/furniture/kitchen_counter/willow_kitchen_drawer_open
[18:50:26] [Worker-Main-2/WARN] (Minecraft) Missing textures in model better_deco:light_spruce_sink#facing=west,has_water=false,waterlogged=false:
    minecraft:textures/atlas/blocks.png:minecraft:0
[18:50:26] [Worker-Main-2/WARN] (Minecraft) Missing textures in model better_deco:bd/natures_spirit/larch_kitchen_drawer#facing=south,open=true:
    minecraft:textures/atlas/blocks.png:better_deco:block/bd/natures_spirit/furniture/kitchen_counter/larch_kitchen_drawer_open
[18:50:26] [Worker-Main-2/WARN] (Minecraft) Missing textures in model better_deco:brown_sink#facing=north,has_water=false,waterlogged=false:
    minecraft:textures/atlas/blocks.png:minecraft:0
[18:50:26] [Worker-Main-2/WARN] (Minecraft) Missing textures in model better_deco:bd/natures_spirit/redwood_kitchen_drawer#facing=east,open=true:
    minecraft:textures/atlas/blocks.png:better_deco:block/bd/natures_spirit/furniture/kitchen_counter/redwood_kitchen_drawer_open
[18:50:26] [Worker-Main-2/WARN] (Minecraft) Missing textures in model better_deco:yellow_sink#inventory:
    minecraft:textures/atlas/blocks.png:minecraft:0
[18:50:26] [Worker-Main-2/WARN] (Minecraft) Missing textures in model better_deco:warped_sink_dark#facing=east,has_water=false,waterlogged=true:
    minecraft:textures/atlas/blocks.png:minecraft:0
[18:50:26] [Worker-Main-2/WARN] (Minecraft) Missing textures in model better_deco:lime_sink#facing=south,has_water=true,waterlogged=true:
    minecraft:textures/atlas/blocks.png:minecraft:0
[18:50:26] [Worker-Main-2/WARN] (Minecraft) Missing textures in model better_deco:light_blue_sink#facing=north,has_water=true,waterlogged=false:
    minecraft:textures/atlas/blocks.png:minecraft:0
[18:50:26] [Worker-Main-2/WARN] (Minecraft) Missing textures in model better_deco:oak_sink_dark#inventory:
    minecraft:textures/atlas/blocks.png:minecraft:0
[18:50:26] [Worker-Main-2/WARN] (Minecraft) Missing textures in model better_deco:dark_oak_sink_dark#facing=east,has_water=false,waterlogged=false:
    minecraft:textures/atlas/blocks.png:minecraft:0
[18:50:26] [Worker-Main-2/WARN] (Minecraft) Missing textures in model better_deco:cyan_sink#facing=east,has_water=false,waterlogged=false:
    minecraft:textures/atlas/blocks.png:minecraft:0
[18:50:26] [Worker-Main-2/WARN] (Minecraft) Missing textures in model better_deco:acacia_sink_dark#facing=east,has_water=true,waterlogged=false:
    minecraft:textures/atlas/blocks.png:minecraft:0
[18:50:26] [Worker-Main-2/WARN] (Minecraft) Missing textures in model better_deco:pink_sink#facing=east,has_water=true,waterlogged=true:
    minecraft:textures/atlas/blocks.png:minecraft:0
[18:50:26] [Worker-Main-2/WARN] (Minecraft) Missing textures in model better_deco:gray_sink#facing=west,has_water=false,waterlogged=true:
    minecraft:textures/atlas/blocks.png:minecraft:0
[18:50:26] [Worker-Main-2/WARN] (Minecraft) Missing textures in model better_deco:lime_sink#facing=east,has_water=true,waterlogged=false:
    minecraft:textures/atlas/blocks.png:minecraft:0
[18:50:26] [Worker-Main-2/WARN] (Minecraft) Missing textures in model better_deco:bamboo_sink_dark#inventory:
    minecraft:textures/atlas/blocks.png:minecraft:0
[18:50:26] [Worker-Main-2/WARN] (Minecraft) Missing textures in model better_deco:warped_sink_dark#inventory:
    minecraft:textures/atlas/blocks.png:minecraft:0
[18:50:26] [Worker-Main-2/WARN] (Minecraft) Missing textures in model better_deco:red_sink#facing=south,has_water=true,waterlogged=false:
    minecraft:textures/atlas/blocks.png:minecraft:0
[18:50:26] [Worker-Main-2/WARN] (Minecraft) Missing textures in model better_deco:mangrove_sink_dark#inventory:
    minecraft:textures/atlas/blocks.png:minecraft:0
[18:50:26] [Worker-Main-2/WARN] (Minecraft) Missing textures in model better_deco:light_gray_sink#inventory:
    minecraft:textures/atlas/blocks.png:minecraft:0
[18:50:26] [Worker-Main-2/WARN] (Minecraft) Missing textures in model better_deco:bd/natures_spirit/palo_verde_kitchen_drawer#facing=south,open=true:
    minecraft:textures/atlas/blocks.png:better_deco:block/bd/natures_spirit/furniture/kitchen_counter/palo_verde_kitchen_drawer_open
[18:50:26] [Worker-Main-2/WARN] (Minecraft) Missing textures in model better_deco:spruce_sink_dark#inventory:
    minecraft:textures/atlas/blocks.png:minecraft:0
[18:50:26] [Worker-Main-2/WARN] (Minecraft) Missing textures in model better_deco:red_sink#facing=east,has_water=true,waterlogged=true:
    minecraft:textures/atlas/blocks.png:minecraft:0
[18:50:26] [Worker-Main-2/WARN] (Minecraft) Missing textures in model better_deco:bamboo_sink_dark#facing=east,has_water=false,waterlogged=false:
    minecraft:textures/atlas/blocks.png:minecraft:0
[18:50:26] [Worker-Main-2/WARN] (Minecraft) Missing textures in model better_deco:lime_sink#facing=west,has_water=true,waterlogged=false:
    minecraft:textures/atlas/blocks.png:minecraft:0
[18:50:26] [Worker-Main-2/WARN] (Minecraft) Missing textures in model better_deco:green_sink#facing=west,has_water=true,waterlogged=true:
    minecraft:textures/atlas/blocks.png:minecraft:0
[18:50:26] [Worker-Main-2/WARN] (Minecraft) Missing textures in model better_deco:bd/natures_spirit/joshua_kitchen_drawer#facing=south,open=true:
    minecraft:textures/atlas/blocks.png:better_deco:block/bd/natures_spirit/furniture/kitchen_counter/joshua_kitchen_drawer_open
[18:50:26] [Worker-Main-2/WARN] (Minecraft) Missing textures in model better_deco:acacia_sink_dark#facing=south,has_water=false,waterlogged=true:
    minecraft:textures/atlas/blocks.png:minecraft:0
[18:50:26] [Worker-Main-2/WARN] (Minecraft) Missing textures in model better_deco:light_crimson_sink#inventory:
    minecraft:textures/atlas/blocks.png:minecraft:0
[18:50:26] [Worker-Main-2/WARN] (Minecraft) Missing textures in model better_deco:bd/natures_spirit/aspen_kitchen_drawer#facing=south,open=true:
    minecraft:textures/atlas/blocks.png:better_deco:block/bd/natures_spirit/furniture/kitchen_counter/aspen_kitchen_drawer_open
[18:50:26] [Worker-Main-2/WARN] (Minecraft) Missing textures in model better_deco:cherry_sink_dark#facing=south,has_water=true,waterlogged=false:
    minecraft:textures/atlas/blocks.png:minecraft:0
[18:50:26] [Worker-Main-2/WARN] (Minecraft) Missing textures in model better_deco:green_sink#facing=north,has_water=false,waterlogged=true:
    minecraft:textures/atlas/blocks.png:minecraft:0
[18:50:26] [Worker-Main-2/WARN] (Minecraft) Missing textures in model better_deco:bd/natures_spirit/mahogany_kitchen_drawer#facing=south,open=true:
    minecraft:textures/atlas/blocks.png:better_deco:block/bd/natures_spirit/furniture/kitchen_counter/mahogany_kitchen_drawer_open
[18:50:26] [Worker-Main-2/WARN] (Minecraft) Missing textures in model better_deco:light_mangrove_sink#facing=south,has_water=false,waterlogged=true:
    minecraft:textures/atlas/blocks.png:minecraft:0
[18:50:26] [Worker-Main-2/WARN] (Minecraft) Missing textures in model better_deco:green_sink#inventory:
    minecraft:textures/atlas/blocks.png:minecraft:0
[18:50:26] [Worker-Main-2/WARN] (Minecraft) Missing textures in model better_deco:bd/natures_spirit/olive_kitchen_drawer#facing=east,open=true:
    minecraft:textures/atlas/blocks.png:better_deco:block/bd/natures_spirit/furniture/kitchen_counter/olive_kitchen_drawer_open
[18:50:26] [Worker-Main-2/WARN] (Minecraft) Missing textures in model better_deco:bd/natures_spirit/willow_kitchen_drawer#facing=north,open=true:
    minecraft:textures/atlas/blocks.png:better_deco:block/bd/natures_spirit/furniture/kitchen_counter/willow_kitchen_drawer_open
[18:50:26] [Worker-Main-2/WARN] (Minecraft) Missing textures in model better_deco:bd/natures_spirit/larch_kitchen_drawer#facing=west,open=true:
    minecraft:textures/atlas/blocks.png:better_deco:block/bd/natures_spirit/furniture/kitchen_counter/larch_kitchen_drawer_open
[18:50:26] [Worker-Main-2/WARN] (Minecraft) Missing textures in model better_deco:birch_sink_dark#inventory:
    minecraft:textures/atlas/blocks.png:minecraft:0
[18:50:26] [Worker-Main-2/WARN] (Minecraft) Missing textures in model better_deco:light_bamboo_sink#inventory:
    minecraft:textures/atlas/blocks.png:minecraft:0
[18:50:26] [Worker-Main-2/WARN] (Minecraft) Missing textures in model better_deco:gray_sink#inventory:
    minecraft:textures/atlas/blocks.png:minecraft:0
[18:50:26] [Worker-Main-2/WARN] (Minecraft) Missing textures in model better_deco:light_blue_sink#facing=east,has_water=false,waterlogged=false:
    minecraft:textures/atlas/blocks.png:minecraft:0
[18:50:26] [Worker-Main-2/WARN] (Minecraft) Missing textures in model better_deco:light_warped_sink#inventory:
    minecraft:textures/atlas/blocks.png:minecraft:0
[18:50:26] [Worker-Main-2/WARN] (Minecraft) Missing textures in model better_deco:bd/natures_spirit/willow_kitchen_drawer#facing=west,open=true:
    minecraft:textures/atlas/blocks.png:better_deco:block/bd/natures_spirit/furniture/kitchen_counter/willow_kitchen_drawer_open
[18:50:26] [Worker-Main-2/WARN] (Minecraft) Missing textures in model better_deco:crimson_sink_dark#facing=north,has_water=false,waterlogged=true:
    minecraft:textures/atlas/blocks.png:minecraft:0
[18:50:26] [Worker-Main-2/WARN] (Minecraft) Missing textures in model better_deco:bd/natures_spirit/larch_kitchen_drawer#facing=north,open=true:
    minecraft:textures/atlas/blocks.png:better_deco:block/bd/natures_spirit/furniture/kitchen_counter/larch_kitchen_drawer_open
[18:50:26] [Worker-Main-2/WARN] (Minecraft) Missing textures in model better_deco:crimson_sink_dark#facing=west,has_water=true,waterlogged=true:
    minecraft:textures/atlas/blocks.png:minecraft:0
[18:50:26] [Worker-Main-2/WARN] (Minecraft) Missing textures in model better_deco:light_jungle_sink#facing=south,has_water=true,waterlogged=true:
    minecraft:textures/atlas/blocks.png:minecraft:0
[18:50:26] [Worker-Main-2/WARN] (Minecraft) Missing textures in model better_deco:orange_sink#facing=west,has_water=true,waterlogged=false:
    minecraft:textures/atlas/blocks.png:minecraft:0
[18:50:26] [Worker-Main-2/WARN] (Minecraft) Missing textures in model better_deco:pink_sink#facing=north,has_water=false,waterlogged=false:
    minecraft:textures/atlas/blocks.png:minecraft:0
[18:50:26] [Worker-Main-2/WARN] (Minecraft) Missing textures in model better_deco:bamboo_sink_dark#facing=north,has_water=false,waterlogged=true:
    minecraft:textures/atlas/blocks.png:minecraft:0
[18:50:26] [Worker-Main-2/WARN] (Minecraft) Missing textures in model better_deco:light_jungle_sink#facing=west,has_water=false,waterlogged=true:
    minecraft:textures/atlas/blocks.png:minecraft:0
[18:50:26] [Worker-Main-2/WARN] (Minecraft) Missing textures in model better_deco:bd/natures_spirit/saxaul_kitchen_drawer#facing=west,open=true:
    minecraft:textures/atlas/blocks.png:better_deco:block/bd/natures_spirit/furniture/kitchen_counter/saxaul_kitchen_drawer_open
[18:50:26] [Worker-Main-2/WARN] (Minecraft) Missing textures in model better_deco:light_mangrove_sink#inventory:
    minecraft:textures/atlas/blocks.png:minecraft:0
[18:50:26] [Worker-Main-2/WARN] (Minecraft) Missing textures in model better_deco:brown_sink#inventory:
    minecraft:textures/atlas/blocks.png:minecraft:0
[18:50:26] [Worker-Main-2/WARN] (Minecraft) Missing textures in model better_deco:blue_sink#inventory:
    minecraft:textures/atlas/blocks.png:minecraft:0
[18:50:26] [Worker-Main-2/WARN] (Minecraft) Missing textures in model better_deco:bd/natures_spirit/fir_kitchen_drawer#facing=south,open=true:
    minecraft:textures/atlas/blocks.png:better_deco:block/bd/natures_spirit/furniture/kitchen_counter/fir_kitchen_drawer_open
[18:50:26] [Worker-Main-2/WARN] (Minecraft) Missing textures in model better_deco:magenta_sink#facing=east,has_water=false,waterlogged=true:
    minecraft:textures/atlas/blocks.png:minecraft:0
[18:50:26] [Worker-Main-2/WARN] (Minecraft) Missing textures in model better_deco:light_crimson_sink#facing=south,has_water=false,waterlogged=false:
    minecraft:textures/atlas/blocks.png:minecraft:0
[18:50:26] [Worker-Main-2/WARN] (Minecraft) Missing textures in model better_deco:orange_sink#inventory:
    minecraft:textures/atlas/blocks.png:minecraft:0
[18:50:26] [Worker-Main-2/WARN] (Minecraft) Missing textures in model better_deco:light_gray_sink#facing=west,has_water=false,waterlogged=false:
    minecraft:textures/atlas/blocks.png:minecraft:0
[18:50:26] [Worker-Main-2/WARN] (Minecraft) Missing textures in model better_deco:light_birch_sink#inventory:
    minecraft:textures/atlas/blocks.png:minecraft:0
[18:50:26] [Worker-Main-2/WARN] (Minecraft) Missing textures in model better_deco:bd/natures_spirit/sugi_kitchen_drawer#facing=west,open=true:
    minecraft:textures/atlas/blocks.png:better_deco:block/bd/natures_spirit/furniture/kitchen_counter/sugi_kitchen_drawer_open
[18:50:26] [Worker-Main-2/WARN] (Minecraft) Missing textures in model better_deco:light_cherry_sink#facing=south,has_water=false,waterlogged=false:
    minecraft:textures/atlas/blocks.png:minecraft:0
[18:50:26] [Worker-Main-2/WARN] (Minecraft) Missing textures in model better_deco:light_dark_oak_sink#facing=east,has_water=true,waterlogged=false:
    minecraft:textures/atlas/blocks.png:minecraft:0
[18:50:26] [Worker-Main-2/WARN] (Minecraft) Missing textures in model better_deco:light_bamboo_sink#facing=north,has_water=false,waterlogged=false:
    minecraft:textures/atlas/blocks.png:minecraft:0
[18:50:26] [Worker-Main-2/WARN] (Minecraft) Missing textures in model better_deco:acacia_sink_dark#facing=west,has_water=true,waterlogged=false:
    minecraft:textures/atlas/blocks.png:minecraft:0
[18:50:26] [Worker-Main-2/WARN] (Minecraft) Missing textures in model better_deco:bd/natures_spirit/redwood_kitchen_drawer#facing=south,open=true:
    minecraft:textures/atlas/blocks.png:better_deco:block/bd/natures_spirit/furniture/kitchen_counter/redwood_kitchen_drawer_open
[18:50:26] [Worker-Main-2/WARN] (Minecraft) Missing textures in model better_deco:bd/natures_spirit/coconut_kitchen_drawer#facing=west,open=true:
    minecraft:textures/atlas/blocks.png:better_deco:block/bd/natures_spirit/furniture/kitchen_counter/coconut_kitchen_drawer_open
[18:50:26] [Worker-Main-2/WARN] (Minecraft) Missing textures in model better_deco:white_sink#inventory:
    minecraft:textures/atlas/blocks.png:minecraft:0
[18:50:26] [Worker-Main-2/WARN] (Minecraft) Missing textures in model better_deco:bd/natures_spirit/redwood_kitchen_drawer#facing=north,open=true:
    minecraft:textures/atlas/blocks.png:better_deco:block/bd/natures_spirit/furniture/kitchen_counter/redwood_kitchen_drawer_open
[18:50:26] [Worker-Main-2/WARN] (Minecraft) Missing textures in model better_deco:bd/natures_spirit/ghaf_kitchen_drawer#facing=east,open=true:
    minecraft:textures/atlas/blocks.png:better_deco:block/bd/natures_spirit/furniture/kitchen_counter/ghaf_kitchen_drawer_open
[18:50:26] [Worker-Main-2/WARN] (Minecraft) Missing textures in model better_deco:oak_sink_dark#facing=north,has_water=true,waterlogged=true:
    minecraft:textures/atlas/blocks.png:minecraft:0
[18:50:26] [Worker-Main-2/WARN] (Minecraft) Missing textures in model better_deco:cyan_sink#facing=south,has_water=true,waterlogged=true:
    minecraft:textures/atlas/blocks.png:minecraft:0
[18:50:26] [Worker-Main-2/WARN] (Minecraft) Missing textures in model better_deco:bd/natures_spirit/sugi_kitchen_drawer#facing=south,open=true:
    minecraft:textures/atlas/blocks.png:better_deco:block/bd/natures_spirit/furniture/kitchen_counter/sugi_kitchen_drawer_open
[18:50:26] [Worker-Main-2/WARN] (Minecraft) Missing textures in model better_deco:light_birch_sink#facing=west,has_water=true,waterlogged=false:
    minecraft:textures/atlas/blocks.png:minecraft:0
[18:50:26] [Worker-Main-2/WARN] (Minecraft) Missing textures in model better_deco:gray_sink#facing=north,has_water=true,waterlogged=false:
    minecraft:textures/atlas/blocks.png:minecraft:0
[18:50:26] [Worker-Main-2/WARN] (Minecraft) Missing textures in model better_deco:mangrove_sink_dark#facing=west,has_water=false,waterlogged=true:
    minecraft:textures/atlas/blocks.png:minecraft:0
[18:50:26] [Worker-Main-2/WARN] (Minecraft) Missing textures in model better_deco:light_mangrove_sink#facing=north,has_water=true,waterlogged=false:
    minecraft:textures/atlas/blocks.png:minecraft:0
[18:50:26] [Worker-Main-2/WARN] (Minecraft) Missing textures in model better_deco:bd/natures_spirit/olive_kitchen_drawer#facing=west,open=true:
    minecraft:textures/atlas/blocks.png:better_deco:block/bd/natures_spirit/furniture/kitchen_counter/olive_kitchen_drawer_open
[18:50:26] [Worker-Main-2/WARN] (Minecraft) Missing textures in model better_deco:light_birch_sink#facing=east,has_water=false,waterlogged=false:
    minecraft:textures/atlas/blocks.png:minecraft:0
[18:50:26] [Worker-Main-2/WARN] (Minecraft) Missing textures in model better_deco:bd/natures_spirit/fir_kitchen_drawer#facing=west,open=true:
    minecraft:textures/atlas/blocks.png:better_deco:block/bd/natures_spirit/furniture/kitchen_counter/fir_kitchen_drawer_open
[18:50:26] [Worker-Main-2/WARN] (Minecraft) Missing textures in model better_deco:bd/natures_spirit/maple_kitchen_drawer#facing=north,open=true:
    minecraft:textures/atlas/blocks.png:better_deco:block/bd/natures_spirit/furniture/kitchen_counter/maple_kitchen_drawer_open
[18:50:26] [Worker-Main-2/WARN] (Minecraft) Missing textures in model better_deco:light_warped_sink#facing=west,has_water=false,waterlogged=true:
    minecraft:textures/atlas/blocks.png:minecraft:0
[18:50:26] [Worker-Main-2/WARN] (Minecraft) Missing textures in model better_deco:bd/natures_spirit/palo_verde_kitchen_drawer#facing=north,open=true:
    minecraft:textures/atlas/blocks.png:better_deco:block/bd/natures_spirit/furniture/kitchen_counter/palo_verde_kitchen_drawer_open
[18:50:26] [Worker-Main-2/WARN] (Minecraft) Missing textures in model better_deco:gray_sink#facing=east,has_water=false,waterlogged=false:
    minecraft:textures/atlas/blocks.png:minecraft:0
[18:50:26] [Worker-Main-2/WARN] (Minecraft) Missing textures in model better_deco:bd/natures_spirit/mahogany_kitchen_drawer#facing=north,open=true:
    minecraft:textures/atlas/blocks.png:better_deco:block/bd/natures_spirit/furniture/kitchen_counter/mahogany_kitchen_drawer_open
[18:50:26] [Worker-Main-2/WARN] (Minecraft) Missing textures in model better_deco:bd/natures_spirit/maple_kitchen_drawer#facing=east,open=true:
    minecraft:textures/atlas/blocks.png:better_deco:block/bd/natures_spirit/furniture/kitchen_counter/maple_kitchen_drawer_open
[18:50:26] [Worker-Main-2/WARN] (Minecraft) Missing textures in model better_deco:blue_sink#facing=east,has_water=true,waterlogged=true:
    minecraft:textures/atlas/blocks.png:minecraft:0
[18:50:26] [Worker-Main-2/WARN] (Minecraft) Missing textures in model better_deco:bd/natures_spirit/palo_verde_kitchen_drawer#facing=east,open=true:
    minecraft:textures/atlas/blocks.png:better_deco:block/bd/natures_spirit/furniture/kitchen_counter/palo_verde_kitchen_drawer_open
[18:50:26] [Worker-Main-2/WARN] (Minecraft) Missing textures in model better_deco:oak_sink_dark#facing=west,has_water=true,waterlogged=false:
    minecraft:textures/atlas/blocks.png:minecraft:0
[18:50:26] [Worker-Main-2/WARN] (Minecraft) Missing textures in model better_deco:black_sink#facing=east,has_water=false,waterlogged=true:
    minecraft:textures/atlas/blocks.png:minecraft:0
[18:50:26] [Worker-Main-2/WARN] (Minecraft) Missing textures in model better_deco:light_acacia_sink#facing=north,has_water=false,waterlogged=false:
    minecraft:textures/atlas/blocks.png:minecraft:0
[18:50:26] [Worker-Main-2/WARN] (Minecraft) Missing textures in model better_deco:light_dark_oak_sink#facing=north,has_water=true,waterlogged=true:
    minecraft:textures/atlas/blocks.png:minecraft:0
[18:50:26] [Worker-Main-2/WARN] (Minecraft) Missing textures in model better_deco:dark_oak_sink_dark#inventory:
    minecraft:textures/atlas/blocks.png:minecraft:0
[18:50:26] [Worker-Main-2/WARN] (Minecraft) Missing textures in model better_deco:cyan_sink#facing=north,has_water=true,waterlogged=true:
    minecraft:textures/atlas/blocks.png:minecraft:0
[18:50:26] [Worker-Main-2/WARN] (Minecraft) Missing textures in model better_deco:light_dark_oak_sink#inventory:
    minecraft:textures/atlas/blocks.png:minecraft:0
[18:50:26] [Worker-Main-2/WARN] (Minecraft) Missing textures in model better_deco:cyan_sink#inventory:
    minecraft:textures/atlas/blocks.png:minecraft:0
[18:50:26] [Worker-Main-2/WARN] (Minecraft) Missing textures in model better_deco:bd/natures_spirit/cypress_kitchen_drawer#facing=west,open=true:
    minecraft:textures/atlas/blocks.png:better_deco:block/bd/natures_spirit/furniture/kitchen_counter/cypress_kitchen_drawer_open
[18:50:26] [Worker-Main-2/WARN] (Minecraft) Missing textures in model better_deco:yellow_sink#facing=south,has_water=false,waterlogged=true:
    minecraft:textures/atlas/blocks.png:minecraft:0
[18:50:26] [Worker-Main-2/WARN] (Minecraft) Missing textures in model better_deco:cherry_sink_dark#inventory:
    minecraft:textures/atlas/blocks.png:minecraft:0
[18:50:26] [Worker-Main-2/WARN] (Minecraft) Missing textures in model better_deco:light_blue_sink#inventory:
    minecraft:textures/atlas/blocks.png:minecraft:0
[18:50:26] [Worker-Main-2/WARN] (Minecraft) Missing textures in model better_deco:light_spruce_sink#facing=south,has_water=false,waterlogged=false:
    minecraft:textures/atlas/blocks.png:minecraft:0
[18:50:26] [Worker-Main-2/WARN] (Minecraft) Missing textures in model better_deco:bd/natures_spirit/ghaf_kitchen_drawer#facing=north,open=true:
    minecraft:textures/atlas/blocks.png:better_deco:block/bd/natures_spirit/furniture/kitchen_counter/ghaf_kitchen_drawer_open
[18:50:26] [Worker-Main-2/WARN] (Minecraft) Missing textures in model better_deco:oak_sink_dark#facing=south,has_water=true,waterlogged=true:
    minecraft:textures/atlas/blocks.png:minecraft:0
[18:50:26] [Worker-Main-2/WARN] (Minecraft) Missing textures in model better_deco:acacia_sink_dark#inventory:
    minecraft:textures/atlas/blocks.png:minecraft:0
[18:50:26] [Worker-Main-2/WARN] (Minecraft) Missing textures in model better_deco:bd/natures_spirit/wisteria_kitchen_drawer#facing=east,open=true:
    minecraft:textures/atlas/blocks.png:better_deco:block/bd/natures_spirit/furniture/kitchen_counter/wisteria_kitchen_drawer_open
[18:50:26] [Worker-Main-2/WARN] (Minecraft) Missing textures in model better_deco:lime_sink#inventory:
    minecraft:textures/atlas/blocks.png:minecraft:0
[18:50:26] [Worker-Main-2/WARN] (Minecraft) Missing textures in model better_deco:cherry_sink_dark#facing=west,has_water=true,waterlogged=true:
    minecraft:textures/atlas/blocks.png:minecraft:0
[18:50:26] [Worker-Main-2/WARN] (Minecraft) Missing textures in model better_deco:bd/natures_spirit/mahogany_kitchen_drawer#facing=east,open=true:
    minecraft:textures/atlas/blocks.png:better_deco:block/bd/natures_spirit/furniture/kitchen_counter/mahogany_kitchen_drawer_open
[18:50:26] [Worker-Main-2/WARN] (Minecraft) Missing textures in model better_deco:purple_sink#facing=south,has_water=true,waterlogged=false:
    minecraft:textures/atlas/blocks.png:minecraft:0
[18:50:26] [Worker-Main-2/WARN] (Minecraft) Missing textures in model better_deco:red_sink#facing=west,has_water=false,waterlogged=true:
    minecraft:textures/atlas/blocks.png:minecraft:0
[18:50:26] [Worker-Main-2/WARN] (Minecraft) Missing textures in model better_deco:bd/natures_spirit/joshua_kitchen_drawer#facing=west,open=true:
    minecraft:textures/atlas/blocks.png:better_deco:block/bd/natures_spirit/furniture/kitchen_counter/joshua_kitchen_drawer_open
[18:50:26] [Worker-Main-2/WARN] (Minecraft) Missing textures in model better_deco:warped_sink_dark#facing=north,has_water=true,waterlogged=false:
    minecraft:textures/atlas/blocks.png:minecraft:0
[18:50:26] [Worker-Main-2/WARN] (Minecraft) Missing textures in model better_deco:birch_sink_dark#facing=west,has_water=true,waterlogged=false:
    minecraft:textures/atlas/blocks.png:minecraft:0
[18:50:26] [Worker-Main-2/WARN] (Minecraft) Missing textures in model better_deco:mangrove_sink_dark#facing=south,has_water=false,waterlogged=true:
    minecraft:textures/atlas/blocks.png:minecraft:0
[18:50:26] [Worker-Main-2/WARN] (Minecraft) Missing textures in model better_deco:brown_sink#facing=west,has_water=true,waterlogged=false:
    minecraft:textures/atlas/blocks.png:minecraft:0
[18:50:26] [Worker-Main-2/WARN] (Minecraft) Missing textures in model better_deco:bd/natures_spirit/aspen_kitchen_drawer#facing=north,open=true:
    minecraft:textures/atlas/blocks.png:better_deco:block/bd/natures_spirit/furniture/kitchen_counter/aspen_kitchen_drawer_open
[18:50:26] [Worker-Main-2/WARN] (Minecraft) Missing textures in model better_deco:bd/natures_spirit/sugi_kitchen_drawer#facing=east,open=true:
    minecraft:textures/atlas/blocks.png:better_deco:block/bd/natures_spirit/furniture/kitchen_counter/sugi_kitchen_drawer_open
[18:50:26] [Worker-Main-2/WARN] (Minecraft) Missing textures in model better_deco:orange_sink#facing=north,has_water=true,waterlogged=true:
    minecraft:textures/atlas/blocks.png:minecraft:0
[18:50:26] [Worker-Main-2/WARN] (Minecraft) Missing textures in model better_deco:light_crimson_sink#facing=west,has_water=true,waterlogged=true:
    minecraft:textures/atlas/blocks.png:minecraft:0
[18:50:26] [Worker-Main-2/WARN] (Minecraft) Missing textures in model better_deco:birch_sink_dark#facing=south,has_water=true,waterlogged=true:
    minecraft:textures/atlas/blocks.png:minecraft:0
[18:50:26] [Worker-Main-2/WARN] (Minecraft) Missing textures in model better_deco:light_dark_oak_sink#facing=west,has_water=false,waterlogged=false:
    minecraft:textures/atlas/blocks.png:minecraft:0
[18:50:26] [Worker-Main-2/WARN] (Minecraft) Missing textures in model better_deco:magenta_sink#facing=south,has_water=false,waterlogged=true:
    minecraft:textures/atlas/blocks.png:minecraft:0
[18:50:26] [Worker-Main-2/WARN] (Minecraft) Missing textures in model better_deco:bd/natures_spirit/ghaf_kitchen_drawer#facing=south,open=true:
    minecraft:textures/atlas/blocks.png:better_deco:block/bd/natures_spirit/furniture/kitchen_counter/ghaf_kitchen_drawer_open
[18:50:26] [Worker-Main-2/WARN] (Minecraft) Missing textures in model better_deco:bamboo_sink_dark#facing=south,has_water=false,waterlogged=false:
    minecraft:textures/atlas/blocks.png:minecraft:0
[18:50:26] [Worker-Main-2/WARN] (Minecraft) Missing textures in model better_deco:white_sink#facing=east,has_water=true,waterlogged=false:
    minecraft:textures/atlas/blocks.png:minecraft:0
[18:50:26] [Worker-Main-2/WARN] (Minecraft) Missing textures in model better_deco:pink_sink#inventory:
    minecraft:textures/atlas/blocks.png:minecraft:0
[18:50:26] [Worker-Main-2/WARN] (Minecraft) Missing textures in model better_deco:light_gray_sink#facing=east,has_water=true,waterlogged=false:
    minecraft:textures/atlas/blocks.png:minecraft:0
[18:50:26] [Worker-Main-2/WARN] (Minecraft) Missing textures in model better_deco:spruce_sink_dark#facing=east,has_water=true,waterlogged=false:
    minecraft:textures/atlas/blocks.png:minecraft:0
[18:50:26] [Worker-Main-2/WARN] (Minecraft) Missing textures in model better_deco:light_warped_sink#facing=south,has_water=false,waterlogged=false:
    minecraft:textures/atlas/blocks.png:minecraft:0
[18:50:26] [Worker-Main-2/WARN] (Minecraft) Missing textures in model better_deco:bd/natures_spirit/wisteria_kitchen_drawer#facing=north,open=true:
    minecraft:textures/atlas/blocks.png:better_deco:block/bd/natures_spirit/furniture/kitchen_counter/wisteria_kitchen_drawer_open
[18:50:26] [Worker-Main-2/WARN] (Minecraft) Missing textures in model better_deco:green_sink#facing=east,has_water=true,waterlogged=false:
    minecraft:textures/atlas/blocks.png:minecraft:0
[18:50:26] [Worker-Main-2/WARN] (Minecraft) Missing textures in model better_deco:light_gray_sink#facing=south,has_water=false,waterlogged=false:
    minecraft:textures/atlas/blocks.png:minecraft:0
[18:50:26] [Worker-Main-2/WARN] (Minecraft) Missing textures in model better_deco:red_sink#inventory:
    minecraft:textures/atlas/blocks.png:minecraft:0
[18:50:26] [Worker-Main-2/WARN] (Minecraft) Missing textures in model better_deco:white_sink#facing=north,has_water=true,waterlogged=true:
    minecraft:textures/atlas/blocks.png:minecraft:0
[18:50:26] [Worker-Main-2/WARN] (Minecraft) Missing textures in model better_deco:bd/natures_spirit/aspen_kitchen_drawer#facing=east,open=true:
    minecraft:textures/atlas/blocks.png:better_deco:block/bd/natures_spirit/furniture/kitchen_counter/aspen_kitchen_drawer_open
[18:50:26] [Worker-Main-2/WARN] (Minecraft) Missing textures in model better_deco:birch_sink_dark#facing=east,has_water=true,waterlogged=false:
    minecraft:textures/atlas/blocks.png:minecraft:0
[18:50:26] [Worker-Main-2/WARN] (Minecraft) Missing textures in model better_deco:bd/natures_spirit/joshua_kitchen_drawer#facing=east,open=true:
    minecraft:textures/atlas/blocks.png:better_deco:block/bd/natures_spirit/furniture/kitchen_counter/joshua_kitchen_drawer_open
[18:50:26] [Worker-Main-2/WARN] (Minecraft) Missing textures in model better_deco:yellow_sink#facing=north,has_water=false,waterlogged=true:
    minecraft:textures/atlas/blocks.png:minecraft:0
[18:50:26] [Worker-Main-2/WARN] (Minecraft) Missing textures in model better_deco:cyan_sink#facing=west,has_water=false,waterlogged=false:
    minecraft:textures/atlas/blocks.png:minecraft:0
[18:50:26] [Worker-Main-2/WARN] (Minecraft) Missing textures in model better_deco:spruce_sink_dark#facing=south,has_water=true,waterlogged=true:
    minecraft:textures/atlas/blocks.png:minecraft:0
[18:50:26] [Worker-Main-2/WARN] (Minecraft) Missing textures in model better_deco:blue_sink#facing=north,has_water=false,waterlogged=false:
    minecraft:textures/atlas/blocks.png:minecraft:0
[18:50:26] [Worker-Main-2/WARN] (Minecraft) Missing textures in model better_deco:jungle_sink_dark#inventory:
    minecraft:textures/atlas/blocks.png:minecraft:0
[18:50:26] [Worker-Main-2/WARN] (Minecraft) Missing textures in model better_deco:light_bamboo_sink#facing=south,has_water=true,waterlogged=false:
    minecraft:textures/atlas/blocks.png:minecraft:0
[18:50:26] [Worker-Main-2/WARN] (Minecraft) Missing textures in model better_deco:cherry_sink_dark#facing=north,has_water=false,waterlogged=false:
    minecraft:textures/atlas/blocks.png:minecraft:0
[18:50:26] [Worker-Main-2/WARN] (Minecraft) Missing textures in model better_deco:magenta_sink#facing=west,has_water=false,waterlogged=true:
    minecraft:textures/atlas/blocks.png:minecraft:0
[18:50:26] [Worker-Main-2/WARN] (Minecraft) Missing textures in model better_deco:orange_sink#facing=east,has_water=true,waterlogged=false:
    minecraft:textures/atlas/blocks.png:minecraft:0
[18:50:26] [Worker-Main-2/WARN] (Minecraft) Missing textures in model better_deco:light_bamboo_sink#facing=west,has_water=true,waterlogged=true:
    minecraft:textures/atlas/blocks.png:minecraft:0
[18:50:26] [Worker-Main-2/WARN] (Minecraft) Missing textures in model better_deco:black_sink#facing=south,has_water=true,waterlogged=true:
    minecraft:textures/atlas/blocks.png:minecraft:0
[18:50:26] [Worker-Main-2/WARN] (Minecraft) Missing textures in model better_deco:light_warped_sink#facing=east,has_water=true,waterlogged=false:
    minecraft:textures/atlas/blocks.png:minecraft:0
[18:50:26] [Worker-Main-2/WARN] (Minecraft) Missing textures in model better_deco:brown_sink#facing=east,has_water=true,waterlogged=false:
    minecraft:textures/atlas/blocks.png:minecraft:0
[18:50:26] [Worker-Main-2/WARN] (Minecraft) Missing textures in model better_deco:light_spruce_sink#facing=east,has_water=false,waterlogged=true:
    minecraft:textures/atlas/blocks.png:minecraft:0
[18:50:26] [Worker-Main-2/WARN] (Minecraft) Missing textures in model better_deco:bd/natures_spirit/maple_kitchen_drawer#facing=south,open=true:
    minecraft:textures/atlas/blocks.png:better_deco:block/bd/natures_spirit/furniture/kitchen_counter/maple_kitchen_drawer_open
[18:50:26] [Worker-Main-2/WARN] (Minecraft) Missing textures in model better_deco:light_gray_sink#facing=north,has_water=true,waterlogged=true:
    minecraft:textures/atlas/blocks.png:minecraft:0
[18:50:26] [Worker-Main-2/WARN] (Minecraft) Missing textures in model better_deco:spruce_sink_dark#facing=north,has_water=true,waterlogged=true:
    minecraft:textures/atlas/blocks.png:minecraft:0
[18:50:26] [Worker-Main-2/WARN] (Minecraft) Missing textures in model better_deco:black_sink#facing=north,has_water=true,waterlogged=false:
    minecraft:textures/atlas/blocks.png:minecraft:0
[18:50:26] [Worker-Main-2/WARN] (Minecraft) Missing textures in model better_deco:light_acacia_sink#facing=south,has_water=true,waterlogged=false:
    minecraft:textures/atlas/blocks.png:minecraft:0
[18:50:26] [Worker-Main-2/WARN] (Minecraft) Missing textures in model better_deco:light_jungle_sink#facing=east,has_water=false,waterlogged=true:
    minecraft:textures/atlas/blocks.png:minecraft:0
[18:50:26] [Worker-Main-2/WARN] (Minecraft) Missing textures in model better_deco:yellow_sink#facing=west,has_water=true,waterlogged=true:
    minecraft:textures/atlas/blocks.png:minecraft:0
[18:50:26] [Worker-Main-2/WARN] (Minecraft) Missing textures in model better_deco:brown_sink#facing=south,has_water=false,waterlogged=false:
    minecraft:textures/atlas/blocks.png:minecraft:0
[18:50:26] [Worker-Main-2/WARN] (Minecraft) Missing textures in model better_deco:light_spruce_sink#facing=north,has_water=true,waterlogged=false:
    minecraft:textures/atlas/blocks.png:minecraft:0
[18:50:26] [Worker-Main-2/WARN] (Minecraft) Missing textures in model better_deco:cherry_sink_dark#facing=east,has_water=false,waterlogged=false:
    minecraft:textures/atlas/blocks.png:minecraft:0
[18:50:26] [Worker-Main-2/WARN] (Minecraft) Missing textures in model better_deco:purple_sink#facing=north,has_water=true,waterlogged=false:
    minecraft:textures/atlas/blocks.png:minecraft:0
[18:50:26] [Worker-Main-2/WARN] (Minecraft) Missing textures in model better_deco:dark_oak_sink_dark#facing=west,has_water=true,waterlogged=false:
    minecraft:textures/atlas/blocks.png:minecraft:0
[18:50:26] [Worker-Main-2/WARN] (Minecraft) Missing textures in model better_deco:bd/natures_spirit/coconut_kitchen_drawer#facing=east,open=true:
    minecraft:textures/atlas/blocks.png:better_deco:block/bd/natures_spirit/furniture/kitchen_counter/coconut_kitchen_drawer_open
[18:50:26] [Worker-Main-2/WARN] (Minecraft) Missing textures in model better_deco:light_jungle_sink#facing=north,has_water=true,waterlogged=false:
    minecraft:textures/atlas/blocks.png:minecraft:0
[18:50:26] [Worker-Main-2/WARN] (Minecraft) Missing textures in model better_deco:purple_sink#facing=west,has_water=false,waterlogged=true:
    minecraft:textures/atlas/blocks.png:minecraft:0
[18:50:26] [Worker-Main-2/WARN] (Minecraft) Missing textures in model better_deco:yellow_sink#facing=east,has_water=true,waterlogged=false:
    minecraft:textures/atlas/blocks.png:minecraft:0
[18:50:26] [Worker-Main-2/WARN] (Minecraft) Missing textures in model better_deco:crimson_sink_dark#inventory:
    minecraft:textures/atlas/blocks.png:minecraft:0
[18:50:26] [Worker-Main-2/WARN] (Minecraft) Missing textures in model better_deco:light_crimson_sink#facing=north,has_water=false,waterlogged=true:
    minecraft:textures/atlas/blocks.png:minecraft:0
[18:50:26] [Worker-Main-2/WARN] (Minecraft) Missing textures in model better_deco:light_mangrove_sink#facing=east,has_water=true,waterlogged=true:
    minecraft:textures/atlas/blocks.png:minecraft:0
[18:50:26] [Worker-Main-2/WARN] (Minecraft) Missing textures in model better_deco:jungle_sink_dark#facing=north,has_water=true,waterlogged=false:
    minecraft:textures/atlas/blocks.png:minecraft:0
[18:50:26] [Worker-Main-2/WARN] (Minecraft) Missing textures in model better_deco:oak_sink_dark#facing=east,has_water=true,waterlogged=false:
    minecraft:textures/atlas/blocks.png:minecraft:0
[18:50:26] [Worker-Main-2/WARN] (Minecraft) Missing textures in model better_deco:light_cherry_sink#facing=west,has_water=true,waterlogged=false:
    minecraft:textures/atlas/blocks.png:minecraft:0
[18:50:26] [Worker-Main-2/WARN] (Minecraft) Missing textures in model better_deco:bd/natures_spirit/wisteria_kitchen_drawer#facing=south,open=true:
    minecraft:textures/atlas/blocks.png:better_deco:block/bd/natures_spirit/furniture/kitchen_counter/wisteria_kitchen_drawer_open
[18:50:26] [Worker-Main-2/WARN] (Minecraft) Missing textures in model better_deco:bd/natures_spirit/saxaul_kitchen_drawer#facing=east,open=true:
    minecraft:textures/atlas/blocks.png:better_deco:block/bd/natures_spirit/furniture/kitchen_counter/saxaul_kitchen_drawer_open
[18:50:26] [Worker-Main-2/WARN] (Minecraft) Missing textures in model better_deco:dark_oak_sink_dark#facing=north,has_water=false,waterlogged=false:
    minecraft:textures/atlas/blocks.png:minecraft:0
[18:50:26] [Worker-Main-2/WARN] (Minecraft) Missing textures in model better_deco:black_sink#facing=west,has_water=false,waterlogged=true:
    minecraft:textures/atlas/blocks.png:minecraft:0
[18:50:26] [Worker-Main-2/WARN] (Minecraft) Missing textures in model better_deco:jungle_sink_dark#facing=west,has_water=false,waterlogged=true:
    minecraft:textures/atlas/blocks.png:minecraft:0
[18:50:26] [Worker-Main-2/WARN] (Minecraft) Missing textures in model better_deco:bd/natures_spirit/fir_kitchen_drawer#facing=north,open=true:
    minecraft:textures/atlas/blocks.png:better_deco:block/bd/natures_spirit/furniture/kitchen_counter/fir_kitchen_drawer_open
[18:50:26] [Worker-Main-2/WARN] (Minecraft) Missing textures in model better_deco:light_dark_oak_sink#facing=south,has_water=false,waterlogged=false:
    minecraft:textures/atlas/blocks.png:minecraft:0
[18:50:26] [Worker-Main-2/WARN] (Minecraft) Missing textures in model better_deco:blue_sink#facing=west,has_water=true,waterlogged=false:
    minecraft:textures/atlas/blocks.png:minecraft:0
[18:50:26] [Worker-Main-2/WARN] (Minecraft) Missing textures in model better_deco:bd/natures_spirit/redwood_kitchen_drawer#facing=west,open=true:
    minecraft:textures/atlas/blocks.png:better_deco:block/bd/natures_spirit/furniture/kitchen_counter/redwood_kitchen_drawer_open
[18:50:26] [Worker-Main-2/WARN] (Minecraft) Missing textures in model better_deco:bamboo_sink_dark#facing=west,has_water=true,waterlogged=true:
    minecraft:textures/atlas/blocks.png:minecraft:0
[18:50:26] [Worker-Main-2/WARN] (Minecraft) Missing textures in model better_deco:bd/natures_spirit/aspen_kitchen_drawer#facing=west,open=true:
    minecraft:textures/atlas/blocks.png:better_deco:block/bd/natures_spirit/furniture/kitchen_counter/aspen_kitchen_drawer_open
[18:50:26] [Worker-Main-2/WARN] (Minecraft) Missing textures in model better_deco:bd/natures_spirit/olive_kitchen_drawer#facing=south,open=true:
    minecraft:textures/atlas/blocks.png:better_deco:block/bd/natures_spirit/furniture/kitchen_counter/olive_kitchen_drawer_open
[18:50:26] [Worker-Main-2/WARN] (Minecraft) Missing textures in model better_deco:magenta_sink#inventory:
    minecraft:textures/atlas/blocks.png:minecraft:0
[18:50:26] [Worker-Main-2/WARN] (Minecraft) Missing textures in model better_deco:magenta_sink#facing=north,has_water=true,waterlogged=false:
    minecraft:textures/atlas/blocks.png:minecraft:0
[18:50:26] [Worker-Main-2/WARN] (Minecraft) Missing textures in model better_deco:bd/natures_spirit/sugi_kitchen_drawer#facing=north,open=true:
    minecraft:textures/atlas/blocks.png:better_deco:block/bd/natures_spirit/furniture/kitchen_counter/sugi_kitchen_drawer_open
[18:50:26] [Worker-Main-2/WARN] (Minecraft) Missing textures in model better_deco:dark_oak_sink_dark#facing=south,has_water=false,waterlogged=false:
    minecraft:textures/atlas/blocks.png:minecraft:0
[18:50:26] [Worker-Main-2/WARN] (Minecraft) Missing textures in model better_deco:light_birch_sink#facing=south,has_water=false,waterlogged=false:
    minecraft:textures/atlas/blocks.png:minecraft:0
[18:50:26] [Worker-Main-2/WARN] (Minecraft) Missing textures in model better_deco:light_crimson_sink#facing=east,has_water=true,waterlogged=false:
    minecraft:textures/atlas/blocks.png:minecraft:0
[18:50:26] [Worker-Main-2/WARN] (Minecraft) Missing textures in model better_deco:bd/natures_spirit/saxaul_kitchen_drawer#facing=north,open=true:
    minecraft:textures/atlas/blocks.png:better_deco:block/bd/natures_spirit/furniture/kitchen_counter/saxaul_kitchen_drawer_open
[18:50:26] [Worker-Main-2/WARN] (Minecraft) Missing textures in model better_deco:bd/natures_spirit/larch_kitchen_drawer#facing=east,open=true:
    minecraft:textures/atlas/blocks.png:better_deco:block/bd/natures_spirit/furniture/kitchen_counter/larch_kitchen_drawer_open
[18:50:26] [Worker-Main-2/WARN] (Minecraft) Missing textures in model better_deco:light_blue_sink#facing=west,has_water=false,waterlogged=true:
    minecraft:textures/atlas/blocks.png:minecraft:0
[18:50:26] [Worker-Main-2/WARN] (Minecraft) Missing textures in model better_deco:bd/natures_spirit/olive_kitchen_drawer#facing=north,open=true:
    minecraft:textures/atlas/blocks.png:better_deco:block/bd/natures_spirit/furniture/kitchen_counter/olive_kitchen_drawer_open
[18:50:26] [Worker-Main-2/WARN] (Minecraft) Missing textures in model better_deco:purple_sink#inventory:
    minecraft:textures/atlas/blocks.png:minecraft:0
[18:50:26] [Worker-Main-2/WARN] (Minecraft) Missing textures in model better_deco:bd/natures_spirit/mahogany_kitchen_drawer#facing=west,open=true:
    minecraft:textures/atlas/blocks.png:better_deco:block/bd/natures_spirit/furniture/kitchen_counter/mahogany_kitchen_drawer_open
[18:50:26] [Worker-Main-2/WARN] (Minecraft) Missing textures in model better_deco:bd/natures_spirit/cypress_kitchen_drawer#facing=east,open=true:
    minecraft:textures/atlas/blocks.png:better_deco:block/bd/natures_spirit/furniture/kitchen_counter/cypress_kitchen_drawer_open
[18:50:26] [Worker-Main-2/WARN] (Minecraft) Missing textures in model better_deco:white_sink#facing=west,has_water=true,waterlogged=false:
    minecraft:textures/atlas/blocks.png:minecraft:0
[18:50:26] [Worker-Main-2/WARN] (Minecraft) Missing textures in model better_deco:light_mangrove_sink#facing=west,has_water=false,waterlogged=true:
    minecraft:textures/atlas/blocks.png:minecraft:0
[18:50:26] [Worker-Main-2/WARN] (Minecraft) Missing textures in model better_deco:black_sink#inventory:
    minecraft:textures/atlas/blocks.png:minecraft:0
[18:50:26] [Worker-Main-2/WARN] (Minecraft) Missing textures in model better_deco:bd/natures_spirit/cedar_kitchen_drawer#facing=east,open=true:
    minecraft:textures/atlas/blocks.png:better_deco:block/bd/natures_spirit/furniture/kitchen_counter/cedar_kitchen_drawer_open
[18:50:26] [Worker-Main-2/WARN] (Minecraft) Missing textures in model better_deco:bd/natures_spirit/coconut_kitchen_drawer#facing=south,open=true:
    minecraft:textures/atlas/blocks.png:better_deco:block/bd/natures_spirit/furniture/kitchen_counter/coconut_kitchen_drawer_open
[18:50:26] [Worker-Main-2/WARN] (Minecraft) Missing textures in model better_deco:light_blue_sink#facing=south,has_water=true,waterlogged=false:
    minecraft:textures/atlas/blocks.png:minecraft:0
[18:50:26] [Worker-Main-2/WARN] (Minecraft) Missing textures in model better_deco:warped_sink_dark#facing=south,has_water=false,waterlogged=true:
    minecraft:textures/atlas/blocks.png:minecraft:0
[18:50:26] [Worker-Main-2/WARN] (Minecraft) Missing textures in model better_deco:jungle_sink_dark#facing=south,has_water=false,waterlogged=true:
    minecraft:textures/atlas/blocks.png:minecraft:0
[18:50:26] [Worker-Main-2/WARN] (Minecraft) Missing textures in model better_deco:mangrove_sink_dark#facing=east,has_water=false,waterlogged=true:
    minecraft:textures/atlas/blocks.png:minecraft:0
[18:50:26] [Worker-Main-2/WARN] (Minecraft) Missing textures in model better_deco:spruce_sink_dark#facing=west,has_water=true,waterlogged=false:
    minecraft:textures/atlas/blocks.png:minecraft:0
[18:50:26] [Worker-Main-2/WARN] (Minecraft) Missing textures in model better_deco:mangrove_sink_dark#facing=north,has_water=true,waterlogged=false:
    minecraft:textures/atlas/blocks.png:minecraft:0
[18:50:26] [Worker-Main-2/WARN] (Minecraft) Missing textures in model better_deco:light_spruce_sink#inventory:
    minecraft:textures/atlas/blocks.png:minecraft:0
[18:50:26] [Worker-Main-2/WARN] (Minecraft) Missing textures in model better_deco:crimson_sink_dark#facing=east,has_water=false,waterlogged=false:
    minecraft:textures/atlas/blocks.png:minecraft:0
[18:50:26] [Worker-Main-2/WARN] (Minecraft) Missing textures in model better_deco:bd/natures_spirit/wisteria_kitchen_drawer#facing=west,open=true:
    minecraft:textures/atlas/blocks.png:better_deco:block/bd/natures_spirit/furniture/kitchen_counter/wisteria_kitchen_drawer_open
[18:50:26] [Worker-Main-2/WARN] (Minecraft) Missing textures in model better_deco:bd/natures_spirit/coconut_kitchen_drawer#facing=north,open=true:
    minecraft:textures/atlas/blocks.png:better_deco:block/bd/natures_spirit/furniture/kitchen_counter/coconut_kitchen_drawer_open
[18:50:26] [Worker-Main-2/WARN] (Minecraft) Missing textures in model better_deco:light_birch_sink#facing=north,has_water=false,waterlogged=true:
    minecraft:textures/atlas/blocks.png:minecraft:0
[18:50:26] [Worker-Main-2/WARN] (Minecraft) Missing textures in model better_deco:light_jungle_sink#inventory:
    minecraft:textures/atlas/blocks.png:minecraft:0
[18:50:26] [Worker-Main-2/WARN] (Minecraft) Missing textures in model better_deco:crimson_sink_dark#facing=south,has_water=true,waterlogged=false:
    minecraft:textures/atlas/blocks.png:minecraft:0
[18:50:26] [Worker-Main-2/WARN] (Minecraft) Missing textures in model better_deco:white_sink#facing=south,has_water=false,waterlogged=false:
    minecraft:textures/atlas/blocks.png:minecraft:0
[18:50:26] [Worker-Main-2/WARN] (Minecraft) Missing textures in model better_deco:jungle_sink_dark#facing=east,has_water=true,waterlogged=true:
    minecraft:textures/atlas/blocks.png:minecraft:0
[18:50:26] [Worker-Main-2/WARN] (Minecraft) Missing textures in model better_deco:light_cherry_sink#facing=east,has_water=true,waterlogged=false:
    minecraft:textures/atlas/blocks.png:minecraft:0
[18:50:26] [Worker-Main-2/WARN] (Minecraft) Missing textures in model better_deco:bd/natures_spirit/saxaul_kitchen_drawer#facing=south,open=true:
    minecraft:textures/atlas/blocks.png:better_deco:block/bd/natures_spirit/furniture/kitchen_counter/saxaul_kitchen_drawer_open
[18:50:26] [Worker-Main-2/WARN] (Minecraft) Missing textures in model better_deco:warped_sink_dark#facing=west,has_water=false,waterlogged=true:
    minecraft:textures/atlas/blocks.png:minecraft:0
[18:50:26] [Worker-Main-2/WARN] (Minecraft) Missing textures in model better_deco:bd/natures_spirit/joshua_kitchen_drawer#facing=north,open=true:
    minecraft:textures/atlas/blocks.png:better_deco:block/bd/natures_spirit/furniture/kitchen_counter/joshua_kitchen_drawer_open
[18:50:26] [Worker-Main-2/WARN] (Minecraft) Missing textures in model better_deco:lime_sink#facing=north,has_water=false,waterlogged=true:
    minecraft:textures/atlas/blocks.png:minecraft:0
[18:50:26] [Worker-Main-2/WARN] (Minecraft) Missing textures in model better_deco:pink_sink#facing=west,has_water=true,waterlogged=false:
    minecraft:textures/atlas/blocks.png:minecraft:0
[18:50:26] [Worker-Main-2/WARN] (Minecraft) Missing textures in model better_deco:light_cherry_sink#facing=north,has_water=true,waterlogged=true:
    minecraft:textures/atlas/blocks.png:minecraft:0
[18:50:26] [Worker-Main-2/WARN] (Minecraft) Missing textures in model better_deco:light_cherry_sink#inventory:
    minecraft:textures/atlas/blocks.png:minecraft:0
[18:50:26] [Worker-Main-2/WARN] (Minecraft) Missing textures in model better_deco:orange_sink#facing=south,has_water=false,waterlogged=true:
    minecraft:textures/atlas/blocks.png:minecraft:0
[18:50:26] [Worker-Main-2/WARN] (Minecraft) Missing textures in model better_deco:purple_sink#facing=east,has_water=true,waterlogged=true:
    minecraft:textures/atlas/blocks.png:minecraft:0
[18:50:26] [Worker-Main-2/WARN] (Minecraft) Missing textures in model better_deco:pink_sink#facing=south,has_water=true,waterlogged=true:
    minecraft:textures/atlas/blocks.png:minecraft:0
[18:50:26] [Worker-Main-2/WARN] (Minecraft) Missing textures in model better_deco:green_sink#facing=south,has_water=false,waterlogged=true:
    minecraft:textures/atlas/blocks.png:minecraft:0
[18:50:26] [Worker-Main-2/WARN] (Minecraft) Missing textures in model better_deco:acacia_sink_dark#facing=north,has_water=false,waterlogged=true:
    minecraft:textures/atlas/blocks.png:minecraft:0
[18:50:26] [Worker-Main-2/WARN] (Minecraft) Missing textures in model better_deco:light_acacia_sink#facing=west,has_water=true,waterlogged=false:
    minecraft:textures/atlas/blocks.png:minecraft:0
[18:50:26] [Worker-Main-2/WARN] (Minecraft) Missing textures in model better_deco:bd/natures_spirit/ghaf_kitchen_drawer#facing=west,open=true:
    minecraft:textures/atlas/blocks.png:better_deco:block/bd/natures_spirit/furniture/kitchen_counter/ghaf_kitchen_drawer_open
[18:50:26] [Worker-Main-2/WARN] (Minecraft) Missing textures in model better_deco:bd/natures_spirit/maple_kitchen_drawer#facing=west,open=true:
    minecraft:textures/atlas/blocks.png:better_deco:block/bd/natures_spirit/furniture/kitchen_counter/maple_kitchen_drawer_open
[18:50:26] [Worker-Main-2/WARN] (Minecraft) Missing textures in model better_deco:bd/natures_spirit/cedar_kitchen_drawer#facing=north,open=true:
    minecraft:textures/atlas/blocks.png:better_deco:block/bd/natures_spirit/furniture/kitchen_counter/cedar_kitchen_drawer_open
[18:50:26] [Worker-Main-2/WARN] (Minecraft) Missing textures in model better_deco:bd/natures_spirit/willow_kitchen_drawer#facing=south,open=true:
    minecraft:textures/atlas/blocks.png:better_deco:block/bd/natures_spirit/furniture/kitchen_counter/willow_kitchen_drawer_open
[18:50:26] [Worker-Main-2/WARN] (Minecraft) Missing textures in model better_deco:bd/natures_spirit/palo_verde_kitchen_drawer#facing=west,open=true:
    minecraft:textures/atlas/blocks.png:better_deco:block/bd/natures_spirit/furniture/kitchen_counter/palo_verde_kitchen_drawer_open
[18:50:26] [Worker-Main-2/WARN] (Minecraft) Missing textures in model better_deco:gray_sink#facing=south,has_water=false,waterlogged=true:
    minecraft:textures/atlas/blocks.png:minecraft:0
[18:50:26] [Worker-Main-2/WARN] (Minecraft) Missing textures in model better_deco:red_sink#facing=north,has_water=true,waterlogged=false:
    minecraft:textures/atlas/blocks.png:minecraft:0
[18:50:26] [Render thread/WARN] (Minecraft) Missing sound for event: minecraft:item.goat_horn.play
[18:50:26] [Render thread/WARN] (Minecraft) Missing sound for event: minecraft:entity.goat.screaming.horn_break
[18:50:26] [Render thread/INFO] (Minecraft) OpenAL initialized on device OpenAL Soft on Headphone (Realtek(R) Audio)
[18:50:26] [Render thread/INFO] (Minecraft) Sound engine started
[18:50:26] [Render thread/INFO] (Minecraft) Created: 2048x1024x0 minecraft:textures/atlas/blocks.png-atlas
[18:50:26] [Render thread/INFO] (Minecraft) Created: 512x256x4 minecraft:textures/atlas/signs.png-atlas
[18:50:26] [Render thread/INFO] (Minecraft) Created: 512x512x4 minecraft:textures/atlas/shield_patterns.png-atlas
[18:50:26] [Render thread/INFO] (Minecraft) Created: 512x512x4 minecraft:textures/atlas/banner_patterns.png-atlas
[18:50:26] [Render thread/INFO] (Minecraft) Created: 1024x1024x4 minecraft:textures/atlas/armor_trims.png-atlas
[18:50:26] [Render thread/INFO] (Minecraft) Created: 128x64x4 minecraft:textures/atlas/decorated_pot.png-atlas
[18:50:26] [Render thread/INFO] (Minecraft) Created: 2048x1024x4 minecraft:textures/atlas/chest.png-atlas
[18:50:26] [Render thread/INFO] (Minecraft) Created: 512x256x4 minecraft:textures/atlas/shulker_boxes.png-atlas
[18:50:26] [Render thread/INFO] (Minecraft) Created: 512x256x4 minecraft:textures/atlas/beds.png-atlas
[18:50:26] [Render thread/INFO] (Minecraft) Created: 512x256x0 minecraft:textures/atlas/particles.png-atlas
[18:50:26] [Render thread/INFO] (Minecraft) Created: 512x256x0 minecraft:textures/atlas/paintings.png-atlas
[18:50:26] [Render thread/INFO] (Minecraft) Created: 256x128x0 minecraft:textures/atlas/mob_effects.png-atlas
[18:50:26] [Render thread/INFO] (Minecraft) Created: 256x256x0 minecraft:textures/atlas/map_decorations.png-atlas
[18:50:26] [Render thread/INFO] (Minecraft) Created: 1024x512x0 minecraft:textures/atlas/gui.png-atlas
[18:50:26] [Render thread/WARN] (Minecraft) Shader rendertype_entity_translucent_emissive could not find sampler named Sampler2 in the specified shader program.
[18:50:26] [Render thread/INFO] (Minecraft) Created: 256x256x0 jei:textures/atlas/gui.png-atlas
[18:50:30] [Render thread/INFO] (Moonlight) Resource cache state for SERVER_DATA: up to date
[18:50:30] [Render thread/INFO] (Moonlight) Starting runtime resource generation for pack type SERVER_DATA with generators [everycomp:dynamic_resources]
[18:50:30] [Render thread/INFO] (Moonlight) Regenerating Dynamic SERVER_DATA Resources Provider [everycomp:dynamic_resources], requested by strategy REGEN_ON_EVERY_RELOAD
[18:50:30] [Render thread/INFO] (Every Compat) Every Compat is starting dynamic server resources generation tasks: 2 in batches of 12
[18:50:30] [pool-5-thread-1/ERROR] (Moonlight) Could not find resource better_deco:loot_table/blocks/oak_kitchen_counter.json
[18:50:30] [pool-5-thread-1/ERROR] (Every Compat) Failed to generate recipe @ better_deco:oak_kitchen_counter for better_deco:bd/natures_spirit/willow_kitchen_counter: Recipe class class net.tier1234.better_deco.recipe.FurniCraftingRecipe not supported. You must register it using RecipeTemplate.register()
[18:50:30] [pool-5-thread-1/ERROR] (Every Compat) Failed to generate recipe @ better_deco:oak_kitchen_counter for better_deco:bd/natures_spirit/larch_kitchen_counter: Recipe class class net.tier1234.better_deco.recipe.FurniCraftingRecipe not supported. You must register it using RecipeTemplate.register()
[18:50:30] [pool-5-thread-1/ERROR] (Every Compat) Failed to generate recipe @ better_deco:oak_kitchen_counter for better_deco:bd/natures_spirit/ghaf_kitchen_counter: Recipe class class net.tier1234.better_deco.recipe.FurniCraftingRecipe not supported. You must register it using RecipeTemplate.register()
[18:50:30] [pool-5-thread-1/ERROR] (Every Compat) Failed to generate recipe @ better_deco:oak_kitchen_counter for better_deco:bd/natures_spirit/redwood_kitchen_counter: Recipe class class net.tier1234.better_deco.recipe.FurniCraftingRecipe not supported. You must register it using RecipeTemplate.register()
[18:50:30] [pool-5-thread-1/ERROR] (Every Compat) Failed to generate recipe @ better_deco:oak_kitchen_counter for better_deco:bd/natures_spirit/fir_kitchen_counter: Recipe class class net.tier1234.better_deco.recipe.FurniCraftingRecipe not supported. You must register it using RecipeTemplate.register()
[18:50:30] [pool-5-thread-1/ERROR] (Every Compat) Failed to generate recipe @ better_deco:oak_kitchen_counter for better_deco:bd/natures_spirit/palo_verde_kitchen_counter: Recipe class class net.tier1234.better_deco.recipe.FurniCraftingRecipe not supported. You must register it using RecipeTemplate.register()
[18:50:30] [pool-5-thread-1/ERROR] (Every Compat) Failed to generate recipe @ better_deco:oak_kitchen_counter for better_deco:bd/natures_spirit/wisteria_kitchen_counter: Recipe class class net.tier1234.better_deco.recipe.FurniCraftingRecipe not supported. You must register it using RecipeTemplate.register()
[18:50:30] [pool-5-thread-1/ERROR] (Every Compat) Failed to generate recipe @ better_deco:oak_kitchen_counter for better_deco:bd/natures_spirit/cypress_kitchen_counter: Recipe class class net.tier1234.better_deco.recipe.FurniCraftingRecipe not supported. You must register it using RecipeTemplate.register()
[18:50:30] [pool-5-thread-1/ERROR] (Every Compat) Failed to generate recipe @ better_deco:oak_kitchen_counter for better_deco:bd/natures_spirit/maple_kitchen_counter: Recipe class class net.tier1234.better_deco.recipe.FurniCraftingRecipe not supported. You must register it using RecipeTemplate.register()
[18:50:30] [pool-5-thread-1/ERROR] (Every Compat) Failed to generate recipe @ better_deco:oak_kitchen_counter for better_deco:bd/natures_spirit/mahogany_kitchen_counter: Recipe class class net.tier1234.better_deco.recipe.FurniCraftingRecipe not supported. You must register it using RecipeTemplate.register()
[18:50:30] [pool-5-thread-1/ERROR] (Every Compat) Failed to generate recipe @ better_deco:oak_kitchen_counter for better_deco:bd/natures_spirit/saxaul_kitchen_counter: Recipe class class net.tier1234.better_deco.recipe.FurniCraftingRecipe not supported. You must register it using RecipeTemplate.register()
[18:50:30] [pool-5-thread-1/ERROR] (Every Compat) Failed to generate recipe @ better_deco:oak_kitchen_counter for better_deco:bd/natures_spirit/aspen_kitchen_counter: Recipe class class net.tier1234.better_deco.recipe.FurniCraftingRecipe not supported. You must register it using RecipeTemplate.register()
[18:50:30] [pool-5-thread-1/ERROR] (Every Compat) Failed to generate recipe @ better_deco:oak_kitchen_counter for better_deco:bd/natures_spirit/sugi_kitchen_counter: Recipe class class net.tier1234.better_deco.recipe.FurniCraftingRecipe not supported. You must register it using RecipeTemplate.register()
[18:50:30] [pool-5-thread-1/ERROR] (Every Compat) Failed to generate recipe @ better_deco:oak_kitchen_counter for better_deco:bd/natures_spirit/cedar_kitchen_counter: Recipe class class net.tier1234.better_deco.recipe.FurniCraftingRecipe not supported. You must register it using RecipeTemplate.register()
[18:50:30] [pool-5-thread-1/ERROR] (Every Compat) Failed to generate recipe @ better_deco:oak_kitchen_counter for better_deco:bd/natures_spirit/coconut_kitchen_counter: Recipe class class net.tier1234.better_deco.recipe.FurniCraftingRecipe not supported. You must register it using RecipeTemplate.register()
[18:50:30] [pool-5-thread-1/ERROR] (Every Compat) Failed to generate recipe @ better_deco:oak_kitchen_counter for better_deco:bd/natures_spirit/olive_kitchen_counter: Recipe class class net.tier1234.better_deco.recipe.FurniCraftingRecipe not supported. You must register it using RecipeTemplate.register()
[18:50:30] [pool-5-thread-1/ERROR] (Every Compat) Failed to generate recipe @ better_deco:oak_kitchen_counter for better_deco:bd/natures_spirit/joshua_kitchen_counter: Recipe class class net.tier1234.better_deco.recipe.FurniCraftingRecipe not supported. You must register it using RecipeTemplate.register()
[18:50:30] [pool-5-thread-1/ERROR] (Moonlight) Could not find resource better_deco:loot_table/blocks/oak_kitchen_drawer.json
[18:50:30] [pool-5-thread-1/ERROR] (Every Compat) Failed to generate recipe @ better_deco:oak_kitchen_drawer for better_deco:bd/natures_spirit/willow_kitchen_drawer: Recipe class class net.tier1234.better_deco.recipe.FurniCraftingRecipe not supported. You must register it using RecipeTemplate.register()
[18:50:30] [pool-5-thread-1/ERROR] (Every Compat) Failed to generate recipe @ better_deco:oak_kitchen_drawer for better_deco:bd/natures_spirit/larch_kitchen_drawer: Recipe class class net.tier1234.better_deco.recipe.FurniCraftingRecipe not supported. You must register it using RecipeTemplate.register()
[18:50:30] [pool-5-thread-1/ERROR] (Every Compat) Failed to generate recipe @ better_deco:oak_kitchen_drawer for better_deco:bd/natures_spirit/ghaf_kitchen_drawer: Recipe class class net.tier1234.better_deco.recipe.FurniCraftingRecipe not supported. You must register it using RecipeTemplate.register()
[18:50:30] [pool-5-thread-1/ERROR] (Every Compat) Failed to generate recipe @ better_deco:oak_kitchen_drawer for better_deco:bd/natures_spirit/redwood_kitchen_drawer: Recipe class class net.tier1234.better_deco.recipe.FurniCraftingRecipe not supported. You must register it using RecipeTemplate.register()
[18:50:30] [pool-5-thread-1/ERROR] (Every Compat) Failed to generate recipe @ better_deco:oak_kitchen_drawer for better_deco:bd/natures_spirit/fir_kitchen_drawer: Recipe class class net.tier1234.better_deco.recipe.FurniCraftingRecipe not supported. You must register it using RecipeTemplate.register()
[18:50:30] [pool-5-thread-1/ERROR] (Every Compat) Failed to generate recipe @ better_deco:oak_kitchen_drawer for better_deco:bd/natures_spirit/palo_verde_kitchen_drawer: Recipe class class net.tier1234.better_deco.recipe.FurniCraftingRecipe not supported. You must register it using RecipeTemplate.register()
[18:50:30] [pool-5-thread-1/ERROR] (Every Compat) Failed to generate recipe @ better_deco:oak_kitchen_drawer for better_deco:bd/natures_spirit/wisteria_kitchen_drawer: Recipe class class net.tier1234.better_deco.recipe.FurniCraftingRecipe not supported. You must register it using RecipeTemplate.register()
[18:50:30] [pool-5-thread-1/ERROR] (Every Compat) Failed to generate recipe @ better_deco:oak_kitchen_drawer for better_deco:bd/natures_spirit/cypress_kitchen_drawer: Recipe class class net.tier1234.better_deco.recipe.FurniCraftingRecipe not supported. You must register it using RecipeTemplate.register()
[18:50:30] [pool-5-thread-1/ERROR] (Every Compat) Failed to generate recipe @ better_deco:oak_kitchen_drawer for better_deco:bd/natures_spirit/maple_kitchen_drawer: Recipe class class net.tier1234.better_deco.recipe.FurniCraftingRecipe not supported. You must register it using RecipeTemplate.register()
[18:50:30] [pool-5-thread-1/ERROR] (Every Compat) Failed to generate recipe @ better_deco:oak_kitchen_drawer for better_deco:bd/natures_spirit/mahogany_kitchen_drawer: Recipe class class net.tier1234.better_deco.recipe.FurniCraftingRecipe not supported. You must register it using RecipeTemplate.register()
[18:50:30] [pool-5-thread-1/ERROR] (Every Compat) Failed to generate recipe @ better_deco:oak_kitchen_drawer for better_deco:bd/natures_spirit/saxaul_kitchen_drawer: Recipe class class net.tier1234.better_deco.recipe.FurniCraftingRecipe not supported. You must register it using RecipeTemplate.register()
[18:50:30] [pool-5-thread-1/ERROR] (Every Compat) Failed to generate recipe @ better_deco:oak_kitchen_drawer for better_deco:bd/natures_spirit/aspen_kitchen_drawer: Recipe class class net.tier1234.better_deco.recipe.FurniCraftingRecipe not supported. You must register it using RecipeTemplate.register()
[18:50:30] [pool-5-thread-1/ERROR] (Every Compat) Failed to generate recipe @ better_deco:oak_kitchen_drawer for better_deco:bd/natures_spirit/sugi_kitchen_drawer: Recipe class class net.tier1234.better_deco.recipe.FurniCraftingRecipe not supported. You must register it using RecipeTemplate.register()
[18:50:30] [pool-5-thread-1/ERROR] (Every Compat) Failed to generate recipe @ better_deco:oak_kitchen_drawer for better_deco:bd/natures_spirit/cedar_kitchen_drawer: Recipe class class net.tier1234.better_deco.recipe.FurniCraftingRecipe not supported. You must register it using RecipeTemplate.register()
[18:50:30] [pool-5-thread-1/ERROR] (Every Compat) Failed to generate recipe @ better_deco:oak_kitchen_drawer for better_deco:bd/natures_spirit/coconut_kitchen_drawer: Recipe class class net.tier1234.better_deco.recipe.FurniCraftingRecipe not supported. You must register it using RecipeTemplate.register()
[18:50:30] [pool-5-thread-1/ERROR] (Every Compat) Failed to generate recipe @ better_deco:oak_kitchen_drawer for better_deco:bd/natures_spirit/olive_kitchen_drawer: Recipe class class net.tier1234.better_deco.recipe.FurniCraftingRecipe not supported. You must register it using RecipeTemplate.register()
[18:50:30] [pool-5-thread-1/ERROR] (Every Compat) Failed to generate recipe @ better_deco:oak_kitchen_drawer for better_deco:bd/natures_spirit/joshua_kitchen_drawer: Recipe class class net.tier1234.better_deco.recipe.FurniCraftingRecipe not supported. You must register it using RecipeTemplate.register()
[18:50:30] [Render thread/INFO] (Moonlight) Generated runtime SERVER_DATA for pack everycomp:dynamic_resources in 37.57 ms
[18:50:30] [Render thread/INFO] (Moonlight) Finished runtime resources generation for 1 packs in a total of 38.86 ms 
[18:50:31] [Worker-Main-8/ERROR] (Minecraft) Couldn't load tag c:stripped_wood as it is missing following references: #natures_spirit:stripped_wood (from natures_spirit)
[18:50:31] [Render thread/ERROR] (Minecraft) Parsing error loading recipe better_deco:ice_freezer
com.google.gson.JsonParseException: Not a JSON object: "minecraft:blue_ice"; No key id in MapLike[{"type":"better_deco:freezer","category":"misc","cookingtime":4000,"experience":1.0,"ingredient":{"item":"minecraft:packed_ice"},"result":"minecraft:blue_ice"}]
	at knot/com.mojang.serialization.DataResult$Error.getOrThrow(DataResult.java:287) ~[datafixerupper-8.0.16.jar:?]
	at knot/net.minecraft.world.item.crafting.RecipeManager.apply(RecipeManager.java:62) ~[minecraft-merged-87d26b32d0-1.21.1-loom.mappings.1_21_1.layered+hash.730628366-v2.jar:?]
	at knot/net.minecraft.world.item.crafting.RecipeManager.apply(RecipeManager.java:35) ~[minecraft-merged-87d26b32d0-1.21.1-loom.mappings.1_21_1.layered+hash.730628366-v2.jar:?]
	at knot/net.minecraft.server.packs.resources.SimplePreparableReloadListener.method_18790(SimplePreparableReloadListener.java:13) ~[minecraft-merged-87d26b32d0-1.21.1-loom.mappings.1_21_1.layered+hash.730628366-v2.jar:?]
	at java.base/java.util.concurrent.CompletableFuture$UniAccept.tryFire(CompletableFuture.java:718) ~[?:?]
	at java.base/java.util.concurrent.CompletableFuture$Completion.run(CompletableFuture.java:482) ~[?:?]
	at knot/net.minecraft.server.packs.resources.SimpleReloadInstance.method_18365(SimpleReloadInstance.java:69) ~[minecraft-merged-87d26b32d0-1.21.1-loom.mappings.1_21_1.layered+hash.730628366-v2.jar:?]
	at knot/net.minecraft.util.thread.BlockableEventLoop.doRunTask(BlockableEventLoop.java:162) ~[minecraft-merged-87d26b32d0-1.21.1-loom.mappings.1_21_1.layered+hash.730628366-v2.jar:?]
	at knot/net.minecraft.util.thread.ReentrantBlockableEventLoop.doRunTask(ReentrantBlockableEventLoop.java:23) ~[minecraft-merged-87d26b32d0-1.21.1-loom.mappings.1_21_1.layered+hash.730628366-v2.jar:?]
	at knot/net.minecraft.util.thread.BlockableEventLoop.pollTask(BlockableEventLoop.java:136) ~[minecraft-merged-87d26b32d0-1.21.1-loom.mappings.1_21_1.layered+hash.730628366-v2.jar:?]
	at knot/net.minecraft.util.thread.BlockableEventLoop.managedBlock(BlockableEventLoop.java:145) ~[minecraft-merged-87d26b32d0-1.21.1-loom.mappings.1_21_1.layered+hash.730628366-v2.jar:?]
	at knot/net.minecraft.client.gui.screens.worldselection.WorldOpenFlows.loadWorldDataBlocking(WorldOpenFlows.java:182) ~[minecraft-merged-87d26b32d0-1.21.1-loom.mappings.1_21_1.layered+hash.730628366-v2.jar:?]
	at knot/net.minecraft.client.gui.screens.worldselection.WorldOpenFlows.loadWorldStem(WorldOpenFlows.java:137) ~[minecraft-merged-87d26b32d0-1.21.1-loom.mappings.1_21_1.layered+hash.730628366-v2.jar:?]
	at knot/net.minecraft.client.gui.screens.worldselection.WorldOpenFlows.openWorldLoadLevelStem(WorldOpenFlows.java:323) ~[minecraft-merged-87d26b32d0-1.21.1-loom.mappings.1_21_1.layered+hash.730628366-v2.jar:?]
	at knot/net.minecraft.client.gui.screens.worldselection.WorldOpenFlows.openWorldCheckVersionCompatibility(WorldOpenFlows.java:313) ~[minecraft-merged-87d26b32d0-1.21.1-loom.mappings.1_21_1.layered+hash.730628366-v2.jar:?]
	at knot/net.minecraft.client.gui.screens.worldselection.WorldOpenFlows.openWorldLoadLevelData(WorldOpenFlows.java:278) ~[minecraft-merged-87d26b32d0-1.21.1-loom.mappings.1_21_1.layered+hash.730628366-v2.jar:?]
	at knot/net.minecraft.client.gui.screens.worldselection.WorldOpenFlows.openWorld(WorldOpenFlows.java:243) ~[minecraft-merged-87d26b32d0-1.21.1-loom.mappings.1_21_1.layered+hash.730628366-v2.jar:?]
	at knot/net.minecraft.client.gui.screens.worldselection.WorldSelectionList$WorldListEntry.joinWorld(WorldSelectionList.java:434) ~[minecraft-merged-87d26b32d0-1.21.1-loom.mappings.1_21_1.layered+hash.730628366-v2.jar:?]
	at knot/net.minecraft.client.gui.screens.worldselection.WorldSelectionList$WorldListEntry.mouseClicked(WorldSelectionList.java:411) ~[minecraft-merged-87d26b32d0-1.21.1-loom.mappings.1_21_1.layered+hash.730628366-v2.jar:?]
	at knot/net.minecraft.client.gui.components.AbstractSelectionList.mouseClicked(AbstractSelectionList.java:315) ~[minecraft-merged-87d26b32d0-1.21.1-loom.mappings.1_21_1.layered+hash.730628366-v2.jar:?]
	at knot/net.minecraft.client.gui.components.events.ContainerEventHandler.mouseClicked(ContainerEventHandler.java:38) ~[minecraft-merged-87d26b32d0-1.21.1-loom.mappings.1_21_1.layered+hash.730628366-v2.jar:?]
	at knot/net.minecraft.client.MouseHandler.method_1611(MouseHandler.java:107) ~[minecraft-merged-87d26b32d0-1.21.1-loom.mappings.1_21_1.layered+hash.730628366-v2.jar:?]
	at knot/net.minecraft.client.gui.screens.Screen.wrapScreenError(Screen.java:431) ~[minecraft-merged-87d26b32d0-1.21.1-loom.mappings.1_21_1.layered+hash.730628366-v2.jar:?]
	at knot/net.minecraft.client.MouseHandler.onPress(MouseHandler.java:107) ~[minecraft-merged-87d26b32d0-1.21.1-loom.mappings.1_21_1.layered+hash.730628366-v2.jar:?]
	at knot/net.minecraft.client.MouseHandler.method_22686(MouseHandler.java:196) ~[minecraft-merged-87d26b32d0-1.21.1-loom.mappings.1_21_1.layered+hash.730628366-v2.jar:?]
	at knot/net.minecraft.util.thread.BlockableEventLoop.execute(BlockableEventLoop.java:108) ~[minecraft-merged-87d26b32d0-1.21.1-loom.mappings.1_21_1.layered+hash.730628366-v2.jar:?]
	at knot/net.minecraft.client.MouseHandler.method_22684(MouseHandler.java:196) ~[minecraft-merged-87d26b32d0-1.21.1-loom.mappings.1_21_1.layered+hash.730628366-v2.jar:?]
	at knot/org.lwjgl.glfw.GLFWMouseButtonCallbackI.callback(GLFWMouseButtonCallbackI.java:43) [lwjgl-glfw-3.3.3.jar:?]
	at knot/org.lwjgl.system.JNI.invokeV(Native Method) ~[lwjgl-3.3.3.jar:?]
	at knot/org.lwjgl.glfw.GLFW.glfwWaitEventsTimeout(GLFW.java:3509) [lwjgl-glfw-3.3.3.jar:?]
	at knot/com.mojang.blaze3d.systems.RenderSystem.limitDisplayFPS(RenderSystem.java:184) [minecraft-merged-87d26b32d0-1.21.1-loom.mappings.1_21_1.layered+hash.730628366-v2.jar:?]
	at knot/net.minecraft.client.Minecraft.runTick(Minecraft.java:1310) [minecraft-merged-87d26b32d0-1.21.1-loom.mappings.1_21_1.layered+hash.730628366-v2.jar:?]
	at knot/net.minecraft.client.Minecraft.run(Minecraft.java:882) [minecraft-merged-87d26b32d0-1.21.1-loom.mappings.1_21_1.layered+hash.730628366-v2.jar:?]
	at knot/net.minecraft.client.main.Main.main(Main.java:256) [minecraft-merged-87d26b32d0-1.21.1-loom.mappings.1_21_1.layered+hash.730628366-v2.jar:?]
	at net.fabricmc.loader.impl.game.minecraft.MinecraftGameProvider.launch(MinecraftGameProvider.java:514) [fabric-loader-0.18.6.jar:?]
	at net.fabricmc.loader.impl.launch.knot.Knot.launch(Knot.java:72) [fabric-loader-0.18.6.jar:?]
	at net.fabricmc.loader.impl.launch.knot.KnotClient.main(KnotClient.java:23) [fabric-loader-0.18.6.jar:?]
	at net.fabricmc.devlaunchinjector.Main.main(Main.java:86) [dev-launch-injector-0.2.1+build.8.jar:?]
[18:50:31] [Render thread/INFO] (Minecraft) Loaded 2299 recipes
[18:50:32] [Render thread/INFO] (Minecraft) Loaded 2067 advancements
[18:50:32] [Render thread/INFO] (Moonlight) Failed to load custom color set definition {"id":"quark:rune","colors":{"default":"quark:blank_rune"},"replace":false}. Ignoring
[18:50:32] [Render thread/INFO] (Moonlight) Failed to load custom color set definition {"id":"suppsquared:sack","colors":{"default":"supplementaries:sack"},"replace":false}. Ignoring
[18:50:32] [Render thread/INFO] (Moonlight) Failed to load custom color set definition {"id":"quark:shard","colors":{"default":"quark:clear_shard"},"replace":false}. Ignoring
[18:50:34] [Render thread/INFO] (terrablender) Initialized TerraBlender biomes for level stem minecraft:overworld
[18:50:34] [Render thread/INFO] (terrablender) Initialized TerraBlender biomes for level stem minecraft:the_nether
[18:50:34] [Render thread/INFO] (BiomeModificationImpl) Applied 0 biome modifications to 0 of 116 new biomes in 3.348 ms
[18:50:34] [Server thread/INFO] (Framework) Loading server configs...
[18:50:34] [Server thread/INFO] (Minecraft) Starting integrated minecraft server version 1.21.1
[18:50:34] [Server thread/INFO] (Minecraft) Generating keypair
[18:50:36] [Server thread/INFO] (Minecraft) Preparing start region for dimension minecraft:overworld
[18:50:36] [Render thread/INFO] (Minecraft) Preparing spawn area: 0%
[18:50:36] [Render thread/INFO] (Minecraft) Time elapsed: 545 ms
[18:50:36] [Server thread/WARN] (TranslationConventionLogWarnings) 
	Dev warning - Untranslated Item Tags detected. Please translate your item tags so other mods such as recipe viewers can properly display your tag's name.
	The format desired is tag.item.<namespace>.<path> for the translation key with slashes in path turned into periods.
	To disable this message, set this system property in your runs: `-Dfabric-tag-conventions-v2.missingTagTranslationWarning=SILENCED`.
	To see individual untranslated item tags found, set the system property to `-Dfabric-tag-conventions-v2.missingTagTranslationWarning=VERBOSE`.
	Default is `SHORT`.

[18:50:37] [Server thread/INFO] (Minecraft) Changing view distance to 12, from 10
[18:50:37] [Server thread/INFO] (Minecraft) Changing simulation distance to 12, from 0
[18:50:37] [Server thread/INFO] (Minecraft) Player934[local:E:b05763e1] logged in with entity id 15 at (2.3460126981076264, 113.49390748022948, -11.175541445199306)
[18:50:38] [Server thread/INFO] (Minecraft) Player934 joined the game
[18:50:38] [Render thread/WARN] (Minecraft) Unknown recipe category: better_deco:oven/better_deco:porkchop_oven
[18:50:38] [Render thread/WARN] (Minecraft) Unknown recipe category: better_deco:oven/better_deco:salmon_oven
[18:50:38] [Render thread/WARN] (Minecraft) Unknown recipe category: better_deco:oven/better_deco:kelp_oven
[18:50:38] [Render thread/WARN] (Minecraft) Unknown recipe category: better_deco:oven/better_deco:potato_oven
[18:50:38] [Render thread/WARN] (Minecraft) Unknown recipe category: better_deco:oven/better_deco:rabbit_oven
[18:50:38] [Render thread/WARN] (Minecraft) Unknown recipe category: better_deco:oven/better_deco:chicken_oven
[18:50:38] [Render thread/WARN] (Minecraft) Unknown recipe category: better_deco:oven/better_deco:steak_oven
[18:50:38] [Render thread/WARN] (Minecraft) Unknown recipe category: better_deco:oven/better_deco:cod_oven
[18:50:38] [Render thread/WARN] (Minecraft) Unknown recipe category: better_deco:oven/better_deco:mutton_oven
[18:50:38] [Render thread/WARN] (Minecraft) Unknown recipe category: better_deco:microwave/better_deco:mutton_microwave
[18:50:38] [Render thread/WARN] (Minecraft) Unknown recipe category: better_deco:microwave/better_deco:kelp_microwave
[18:50:38] [Render thread/WARN] (Minecraft) Unknown recipe category: better_deco:microwave/better_deco:rabbit_microwave
[18:50:38] [Render thread/WARN] (Minecraft) Unknown recipe category: better_deco:microwave/better_deco:potato_microwave
[18:50:38] [Render thread/WARN] (Minecraft) Unknown recipe category: better_deco:microwave/better_deco:salmon_microwave
[18:50:38] [Render thread/WARN] (Minecraft) Unknown recipe category: better_deco:microwave/better_deco:porkchop_microwave
[18:50:38] [Render thread/WARN] (Minecraft) Unknown recipe category: better_deco:microwave/better_deco:cod_microwave
[18:50:38] [Render thread/WARN] (Minecraft) Unknown recipe category: better_deco:microwave/better_deco:steak_microwave
[18:50:38] [Render thread/WARN] (Minecraft) Unknown recipe category: better_deco:microwave/better_deco:chicken_microwave
[18:50:38] [Render thread/INFO] (LoggedTimer) Starting JEI...
[18:50:38] [Render thread/INFO] (PluginCaller) Registering item subtypes...
[18:50:38] [Render thread/INFO] (PluginCaller) Registering item subtypes took 9.205 milliseconds
[18:50:38] [Render thread/INFO] (PluginCaller) Registering fluid subtypes...
[18:50:38] [Render thread/INFO] (PluginCaller) Registering fluid subtypes took 3.335 milliseconds
[18:50:38] [Render thread/INFO] (PluginCaller) Registering ingredients...
[18:50:38] [Render thread/WARN] (ItemStackListFactory) Item Group has no display items and no search tab display items. Items from this group will be missing from the JEI ingredient list. Every Compat
[18:50:38] [Render thread/INFO] (PluginCallerTimerRunnable) Registering ingredients: jei:minecraft took 184.2 milliseconds
[18:50:38] [Render thread/INFO] (PluginCaller) Registering ingredients took 185.2 milliseconds
[18:50:38] [Render thread/INFO] (PluginCaller) Registering extra ingredients...
[18:50:38] [Render thread/INFO] (PluginCaller) Registering extra ingredients took 499.0 microseconds
[18:50:38] [Render thread/INFO] (PluginCaller) Registering search ingredient aliases...
[18:50:38] [Render thread/INFO] (PluginCaller) Registering search ingredient aliases took 938.9 microseconds
[18:50:38] [Render thread/INFO] (PluginCaller) Registering Mod Info...
[18:50:38] [Render thread/INFO] (PluginCaller) Registering Mod Info took 559.8 microseconds
[18:50:38] [Render thread/INFO] (PluginCaller) Registering categories...
[18:50:38] [Render thread/INFO] (PluginCallerTimerRunnable) Registering categories: jei:minecraft took 24.93 milliseconds
[18:50:38] [Render thread/INFO] (PluginCaller) Registering categories took 39.65 milliseconds
[18:50:38] [Render thread/INFO] (PluginCaller) Registering vanilla category extensions...
[18:50:38] [Render thread/INFO] (PluginCaller) Registering vanilla category extensions took 4.624 milliseconds
[18:50:38] [Render thread/INFO] (PluginCaller) Registering recipe catalysts...
[18:50:38] [Render thread/INFO] (PluginCaller) Registering recipe catalysts took 1.040 milliseconds
[18:50:38] [Render thread/INFO] (LoggedTimer) Building recipe registry...
[18:50:38] [Render thread/INFO] (LoggedTimer) Building recipe registry took 16.52 milliseconds
[18:50:38] [Render thread/INFO] (PluginCaller) Registering advanced plugins...
[18:50:38] [Render thread/INFO] (PluginCaller) Registering advanced plugins took 561.8 microseconds
[18:50:38] [Render thread/INFO] (PluginCaller) Registering recipes...
[18:50:38] [Render thread/INFO] (PluginCallerTimerRunnable) Registering recipes: jei:minecraft took 272.5 milliseconds
[18:50:38] [Render thread/INFO] (PluginCallerTimerRunnable) Registering recipes: jei:internal took 55.09 milliseconds
[18:50:38] [Render thread/INFO] (PluginCaller) Registering recipes took 336.1 milliseconds
[18:50:38] [Render thread/INFO] (PluginCaller) Registering recipes transfer handlers...
[18:50:38] [Render thread/INFO] (PluginCaller) Registering recipes transfer handlers took 4.329 milliseconds
[18:50:38] [Render thread/INFO] (LoggedTimer) Building runtime...
[18:50:38] [Render thread/INFO] (PluginCaller) Registering gui handlers...
[18:50:38] [Render thread/INFO] (PluginCaller) Registering gui handlers took 9.564 milliseconds
[18:50:38] [Render thread/INFO] (PluginCaller) Registering Runtime...
[18:50:38] [Render thread/INFO] (JeiGuiStarter) Starting JEI GUI
[18:50:38] [Render thread/INFO] (LoggedTimer) Building ingredient list...
[18:50:38] [Render thread/INFO] (LoggedTimer) Building ingredient list took 39.23 milliseconds
[18:50:38] [Render thread/INFO] (LoggedTimer) Building ingredient filter...
[18:50:39] [Render thread/INFO] (IngredientFilter) Adding 2768 ingredients
[18:50:39] [Render thread/INFO] (IngredientFilter) Added 2768 ingredients
[18:50:39] [Render thread/INFO] (LoggedTimer) Building ingredient filter took 505.3 milliseconds
[18:50:39] [Render thread/INFO] (PluginCallerTimerRunnable) Registering Runtime: jei:fabric_gui took 699.1 milliseconds
[18:50:39] [Render thread/INFO] (PluginCaller) Registering Runtime took 700.0 milliseconds
[18:50:39] [Render thread/INFO] (LoggedTimer) Building runtime took 719.2 milliseconds
[18:50:39] [Render thread/INFO] (PluginCaller) Sending Runtime...
[18:50:39] [Render thread/INFO] (PluginCaller) Sending Runtime took 406.8 microseconds
[18:50:39] [Render thread/INFO] (LoggedTimer) Starting JEI took 1.414 seconds
[18:50:39] [Render thread/INFO] (Minecraft) Loaded 2 advancements
[18:50:39] [Render thread/INFO] (Moonlight) Synced moonlight-common.json configs
[18:51:03] [Server thread/INFO] (Minecraft) Saving and pausing game...
[18:51:03] [Server thread/INFO] (Minecraft) Saving chunks for level 'ServerLevel[New World]'/minecraft:overworld
[18:51:03] [Server thread/INFO] (Minecraft) Saving chunks for level 'ServerLevel[New World]'/minecraft:the_end
[18:51:03] [Server thread/INFO] (Minecraft) Saving chunks for level 'ServerLevel[New World]'/minecraft:the_nether
[18:51:05] [Server thread/INFO] (Minecraft) Player934 lost connection: Disconnected
[18:51:05] [Server thread/INFO] (Minecraft) Player934 left the game
[18:51:05] [Server thread/INFO] (Minecraft) Stopping singleplayer server as player logged out
[18:51:05] [Server thread/INFO] (Minecraft) Stopping server
[18:51:05] [Server thread/INFO] (Minecraft) Saving players
[18:51:05] [Server thread/INFO] (Minecraft) Saving worlds
[18:51:05] [Server thread/INFO] (Minecraft) Saving chunks for level 'ServerLevel[New World]'/minecraft:overworld
[18:51:05] [Server thread/INFO] (Minecraft) Saving chunks for level 'ServerLevel[New World]'/minecraft:the_end
[18:51:05] [Server thread/INFO] (Minecraft) Saving chunks for level 'ServerLevel[New World]'/minecraft:the_nether
[18:51:05] [Server thread/INFO] (Minecraft) ThreadedAnvilChunkStorage (New World): All chunks are saved
[18:51:05] [Server thread/INFO] (Minecraft) ThreadedAnvilChunkStorage (DIM1): All chunks are saved
[18:51:05] [Server thread/INFO] (Minecraft) ThreadedAnvilChunkStorage (DIM-1): All chunks are saved
[18:51:05] [Server thread/INFO] (Minecraft) ThreadedAnvilChunkStorage: All dimensions are saved
[18:51:05] [Server thread/INFO] (Framework) Unloading server configs...
[18:51:05] [Server thread/INFO] (Framework) Finished unloading server configs
[18:51:06] [Render thread/INFO] (Minecraft) Stopping!
